-- MySQL dump 10.13  Distrib 8.0.41, for Linux (x86_64)
--
-- Host: 127.0.0.1    Database: panaurum
-- ------------------------------------------------------
-- Server version	11.2.2-MariaDB-1:11.2.2+maria~ubu2204

/*!40101 SET @OLD_CHARACTER_SET_CLIENT=@@CHARACTER_SET_CLIENT */;
/*!40101 SET @OLD_CHARACTER_SET_RESULTS=@@CHARACTER_SET_RESULTS */;
/*!40101 SET @OLD_COLLATION_CONNECTION=@@COLLATION_CONNECTION */;
/*!50503 SET NAMES utf8mb4 */;
/*!40103 SET @OLD_TIME_ZONE=@@TIME_ZONE */;
/*!40103 SET TIME_ZONE='+00:00' */;
/*!40014 SET @OLD_UNIQUE_CHECKS=@@UNIQUE_CHECKS, UNIQUE_CHECKS=0 */;
/*!40014 SET @OLD_FOREIGN_KEY_CHECKS=@@FOREIGN_KEY_CHECKS, FOREIGN_KEY_CHECKS=0 */;
/*!40101 SET @OLD_SQL_MODE=@@SQL_MODE, SQL_MODE='NO_AUTO_VALUE_ON_ZERO' */;
/*!40111 SET @OLD_SQL_NOTES=@@SQL_NOTES, SQL_NOTES=0 */;

--
-- Table structure for table `campeonatos`
--
CREATE DATABASE panaurum_db;
USE panaurum_db;
DROP TABLE IF EXISTS `campeonatos`;
/*!40101 SET @saved_cs_client     = @@character_set_client */;
/*!50503 SET character_set_client = utf8mb4 */;
CREATE TABLE `campeonatos` (
  `id` bigint(20) unsigned NOT NULL AUTO_INCREMENT,
  `nombre` varchar(100) NOT NULL,
  `logo` varchar(100) DEFAULT NULL,
  `descripcion` longtext DEFAULT NULL,
  `fecha_inicio` datetime NOT NULL,
  `fecha_fin` datetime NOT NULL,
  `cajones` int(11) NOT NULL DEFAULT 30,
  `duracion_heat_minutos` int(11) DEFAULT 30,
  `penalizacion_pepita_no_encontrada` decimal(8,3) DEFAULT 180.000,
  `activo` tinyint(1) NOT NULL DEFAULT 1,
  PRIMARY KEY (`id`)
) ENGINE=InnoDB AUTO_INCREMENT=3 DEFAULT CHARSET=utf8mb4 COLLATE=utf8mb4_unicode_ci;
/*!40101 SET character_set_client = @saved_cs_client */;

--
-- Dumping data for table `campeonatos`
--

LOCK TABLES `campeonatos` WRITE;
/*!40000 ALTER TABLE `campeonatos` DISABLE KEYS */;
INSERT INTO `campeonatos` VALUES (1,'Campeonato antiguo','sin-logo.jpg','Sin descripción','2023-08-03 09:00:00','2023-08-09 21:00:00',15,20,180.000,0),(2,'Mundial de bateo de oro 2025','mundial-navelgas-2025.jpg','En 2025, el pintoresco pueblo de Navelgas, conocido por su rica historia minera y vibrante cultura, se enorgullece de ser la sede del mayor evento internacional de bateo de oro. Del 3 al 9 de agosto de 2025, competidores de todo el mundo se reunirán para demostrar su destreza en la búsqueda de oro, en un ambiente lleno de compañerismo y espíritu deportivo. No te pierdas la oportunidad de vivir una experiencia única, llena de tradición, naturaleza y pasión por el bateo de oro. ¡Prepárate para descubrir el oro y disfrutar de la hospitalidad asturiana en Navelgas!','2025-08-03 09:00:00','2025-08-09 21:00:00',30,30,180.000,1);
/*!40000 ALTER TABLE `campeonatos` ENABLE KEYS */;
UNLOCK TABLES;

--
-- Table structure for table `categorias`
--

DROP TABLE IF EXISTS `categorias`;
/*!40101 SET @saved_cs_client     = @@character_set_client */;
/*!50503 SET character_set_client = utf8mb4 */;
CREATE TABLE `categorias` (
  `id` bigint(20) unsigned NOT NULL AUTO_INCREMENT,
  `nombre` varchar(100) NOT NULL,
  `oficial` tinyint(1) NOT NULL DEFAULT 1,
  `descripcion` text DEFAULT NULL,
  PRIMARY KEY (`id`),
  UNIQUE KEY `categorias_nombre_unique` (`nombre`)
) ENGINE=InnoDB AUTO_INCREMENT=17 DEFAULT CHARSET=utf8mb4 COLLATE=utf8mb4_unicode_ci;
/*!40101 SET character_set_client = @saved_cs_client */;

--
-- Dumping data for table `categorias`
--

LOCK TABLES `categorias` WRITE;
/*!40000 ALTER TABLE `categorias` DISABLE KEYS */;
INSERT INTO `categorias` VALUES (1,'Proficient Men',1,NULL),(2,'Proficient Women',1,NULL),(3,'Juniors U16',1,NULL),(4,'Juniors U12',1,NULL),(5,'Veterans',1,NULL),(6,'Classic Pan',1,NULL),(7,'Two Person Team',1,NULL),(8,'Three Person Team',1,NULL),(9,'Five Person Team',1,NULL),(10,'National Team',1,NULL),(11,'Pikkies',0,NULL),(12,'Under the moon',0,NULL),(13,'Blind date',0,NULL),(14,'Pinchin Trophy',0,NULL),(15,'Golden Masters',0,NULL),(16,'Family',0,NULL);
/*!40000 ALTER TABLE `categorias` ENABLE KEYS */;
UNLOCK TABLES;

--
-- Table structure for table `competiciones`
--

DROP TABLE IF EXISTS `competiciones`;
/*!40101 SET @saved_cs_client     = @@character_set_client */;
/*!50503 SET character_set_client = utf8mb4 */;
CREATE TABLE `competiciones` (
  `id` bigint(20) unsigned NOT NULL AUTO_INCREMENT,
  `campeonato_id` bigint(20) unsigned NOT NULL,
  `categoria_id` bigint(20) unsigned NOT NULL,
  `doble_heat` tinyint(1) NOT NULL DEFAULT 1,
  `maximo_participantes` int(11) DEFAULT 240,
  PRIMARY KEY (`id`),
  KEY `competiciones_campeonato_id_foreign` (`campeonato_id`),
  KEY `competiciones_categoria_id_foreign` (`categoria_id`),
  CONSTRAINT `competiciones_campeonato_id_foreign` FOREIGN KEY (`campeonato_id`) REFERENCES `campeonatos` (`id`),
  CONSTRAINT `competiciones_categoria_id_foreign` FOREIGN KEY (`categoria_id`) REFERENCES `categorias` (`id`)
) ENGINE=InnoDB AUTO_INCREMENT=17 DEFAULT CHARSET=utf8mb4 COLLATE=utf8mb4_unicode_ci COMMENT='participantes_iniciales se calcularía con las inscripciones';
/*!40101 SET character_set_client = @saved_cs_client */;

--
-- Dumping data for table `competiciones`
--

LOCK TABLES `competiciones` WRITE;
/*!40000 ALTER TABLE `competiciones` DISABLE KEYS */;
INSERT INTO `competiciones` VALUES (1,2,1,1,240),(2,2,2,1,240),(3,2,3,1,240),(4,2,4,1,240),(5,2,5,1,240),(6,2,6,1,240),(7,2,7,1,240),(8,2,8,1,240),(9,2,9,1,240),(10,2,10,1,240),(11,2,11,1,240),(12,2,12,0,240),(13,2,13,0,240),(14,2,14,1,240),(15,2,15,1,240),(16,2,16,1,240);
/*!40000 ALTER TABLE `competiciones` ENABLE KEYS */;
UNLOCK TABLES;

--
-- Table structure for table `franjas`
--

DROP TABLE IF EXISTS `franjas`;
/*!40101 SET @saved_cs_client     = @@character_set_client */;
/*!50503 SET character_set_client = utf8mb4 */;
CREATE TABLE `franjas` (
  `id` bigint(20) unsigned NOT NULL AUTO_INCREMENT,
  `campeonato_id` bigint(20) unsigned NOT NULL,
  `tanda_id` bigint(20) unsigned DEFAULT NULL,
  `inicio` datetime NOT NULL,
  `duracion_minutos` int(11) NOT NULL DEFAULT 20,
  PRIMARY KEY (`id`),
  KEY `franjas_campeonato_id_foreign` (`campeonato_id`),
  KEY `franjas_tanda_id_foreign` (`tanda_id`),
  CONSTRAINT `franjas_campeonato_id_foreign` FOREIGN KEY (`campeonato_id`) REFERENCES `campeonatos` (`id`) ON DELETE CASCADE,
  CONSTRAINT `franjas_tanda_id_foreign` FOREIGN KEY (`tanda_id`) REFERENCES `tandas` (`id`) ON DELETE CASCADE
) ENGINE=InnoDB AUTO_INCREMENT=191 DEFAULT CHARSET=utf8mb4 COLLATE=utf8mb4_unicode_ci;
/*!40101 SET character_set_client = @saved_cs_client */;

--
-- Dumping data for table `franjas`
--

LOCK TABLES `franjas` WRITE;
/*!40000 ALTER TABLE `franjas` DISABLE KEYS */;
INSERT INTO `franjas` VALUES (1,2,52,'2025-08-03 09:00:00',30),(2,2,24,'2025-08-03 09:30:00',30),(3,2,47,'2025-08-03 10:00:00',30),(4,2,12,'2025-08-03 10:30:00',30),(5,2,70,'2025-08-03 11:00:00',30),(6,2,22,'2025-08-03 11:30:00',30),(7,2,38,'2025-08-03 12:00:00',30),(8,2,23,'2025-08-03 12:30:00',30),(9,2,21,'2025-08-03 13:00:00',30),(10,2,36,'2025-08-03 13:30:00',30),(11,2,57,'2025-08-03 14:00:00',30),(12,2,5,'2025-08-03 14:30:00',30),(13,2,9,'2025-08-03 15:00:00',30),(14,2,7,'2025-08-03 15:30:00',30),(15,2,19,'2025-08-03 16:00:00',30),(16,2,40,'2025-08-03 16:30:00',30),(17,2,34,'2025-08-03 17:00:00',30),(18,2,25,'2025-08-03 17:30:00',30),(19,2,60,'2025-08-03 18:00:00',30),(20,2,51,'2025-08-03 18:30:00',30),(21,2,42,'2025-08-03 19:00:00',30),(22,2,54,'2025-08-03 19:30:00',30),(23,2,18,'2025-08-03 20:00:00',30),(24,2,46,'2025-08-03 20:30:00',30),(25,2,33,'2025-08-04 09:00:00',30),(26,2,26,'2025-08-04 09:30:00',30),(27,2,50,'2025-08-04 10:00:00',30),(28,2,37,'2025-08-04 10:30:00',30),(29,2,14,'2025-08-04 11:00:00',30),(30,2,11,'2025-08-04 11:30:00',30),(31,2,55,'2025-08-04 12:00:00',30),(32,2,63,'2025-08-04 12:30:00',30),(33,2,27,'2025-08-04 13:00:00',30),(34,2,16,'2025-08-04 13:30:00',30),(35,2,20,'2025-08-04 14:00:00',30),(36,2,6,'2025-08-04 14:30:00',30),(37,2,32,'2025-08-04 15:00:00',30),(38,2,59,'2025-08-04 15:30:00',30),(39,2,28,'2025-08-04 16:00:00',30),(40,2,13,'2025-08-04 16:30:00',30),(41,2,44,'2025-08-04 17:00:00',30),(42,2,8,'2025-08-04 17:30:00',30),(43,2,10,'2025-08-04 18:00:00',30),(44,2,31,'2025-08-04 18:30:00',30),(45,2,17,'2025-08-04 19:00:00',30),(46,2,48,'2025-08-04 19:30:00',30),(47,2,62,'2025-08-04 20:00:00',30),(48,2,66,'2025-08-04 20:30:00',30),(49,2,45,'2025-08-05 09:00:00',30),(50,2,43,'2025-08-05 09:30:00',30),(51,2,4,'2025-08-05 10:00:00',30),(52,2,56,'2025-08-05 10:30:00',30),(53,2,3,'2025-08-05 11:00:00',30),(54,2,68,'2025-08-05 11:30:00',30),(55,2,49,'2025-08-05 12:00:00',30),(56,2,41,'2025-08-05 12:30:00',30),(57,2,35,'2025-08-05 13:00:00',30),(58,2,2,'2025-08-05 13:30:00',30),(59,2,61,'2025-08-05 14:00:00',30),(60,2,29,'2025-08-05 14:30:00',30),(61,2,15,'2025-08-05 15:00:00',30),(62,2,69,'2025-08-05 15:30:00',30),(63,2,39,'2025-08-05 16:00:00',30),(64,2,53,'2025-08-05 16:30:00',30),(65,2,64,'2025-08-05 17:00:00',30),(66,2,30,'2025-08-05 17:30:00',30),(67,2,67,'2025-08-05 18:00:00',30),(68,2,1,'2025-08-05 18:30:00',30),(69,2,58,'2025-08-05 19:00:00',30),(70,2,65,'2025-08-05 19:30:00',30),(71,2,110,'2025-08-05 20:00:00',30),(72,2,103,'2025-08-05 20:30:00',30),(73,2,83,'2025-08-06 09:00:00',30),(74,2,72,'2025-08-06 09:30:00',30),(75,2,132,'2025-08-06 10:00:00',30),(76,2,126,'2025-08-06 10:30:00',30),(77,2,111,'2025-08-06 11:00:00',30),(78,2,86,'2025-08-06 11:30:00',30),(79,2,129,'2025-08-06 12:00:00',30),(80,2,137,'2025-08-06 12:30:00',30),(81,2,130,'2025-08-06 13:00:00',30),(82,2,77,'2025-08-06 13:30:00',30),(83,2,135,'2025-08-06 14:00:00',30),(84,2,81,'2025-08-06 14:30:00',30),(85,2,99,'2025-08-06 15:00:00',30),(86,2,74,'2025-08-06 15:30:00',30),(87,2,123,'2025-08-06 16:00:00',30),(88,2,76,'2025-08-06 16:30:00',30),(89,2,105,'2025-08-06 17:00:00',30),(90,2,98,'2025-08-06 17:30:00',30),(91,2,134,'2025-08-06 18:00:00',30),(92,2,79,'2025-08-06 18:30:00',30),(93,2,124,'2025-08-06 19:00:00',30),(94,2,84,'2025-08-06 19:30:00',30),(95,2,127,'2025-08-06 20:00:00',30),(96,2,78,'2025-08-06 20:30:00',30),(97,2,106,'2025-08-07 09:00:00',30),(98,2,82,'2025-08-07 09:30:00',30),(99,2,107,'2025-08-07 10:00:00',30),(100,2,71,'2025-08-07 10:30:00',30),(101,2,100,'2025-08-07 11:00:00',30),(102,2,112,'2025-08-07 11:30:00',30),(103,2,93,'2025-08-07 12:00:00',30),(104,2,113,'2025-08-07 12:30:00',30),(105,2,88,'2025-08-07 13:00:00',30),(106,2,94,'2025-08-07 13:30:00',30),(107,2,136,'2025-08-07 14:00:00',30),(108,2,138,'2025-08-07 14:30:00',30),(109,2,73,'2025-08-07 15:00:00',30),(110,2,109,'2025-08-07 15:30:00',30),(111,2,91,'2025-08-07 16:00:00',30),(112,2,87,'2025-08-07 16:30:00',30),(113,2,146,'2025-08-07 17:00:00',30),(114,2,118,'2025-08-07 17:30:00',30),(115,2,75,'2025-08-07 18:00:00',30),(116,2,116,'2025-08-07 18:30:00',30),(117,2,97,'2025-08-07 19:00:00',30),(118,2,96,'2025-08-07 19:30:00',30),(119,2,143,'2025-08-07 20:00:00',30),(120,2,90,'2025-08-07 20:30:00',30),(121,2,142,'2025-08-08 09:00:00',30),(122,2,104,'2025-08-08 09:30:00',30),(123,2,115,'2025-08-08 10:00:00',30),(124,2,119,'2025-08-08 10:30:00',30),(125,2,108,'2025-08-08 11:00:00',30),(126,2,145,'2025-08-08 11:30:00',30),(127,2,141,'2025-08-08 12:00:00',30),(128,2,121,'2025-08-08 12:30:00',30),(129,2,117,'2025-08-08 13:00:00',30),(130,2,128,'2025-08-08 13:30:00',30),(131,2,120,'2025-08-08 14:00:00',30),(132,2,85,'2025-08-08 14:30:00',30),(133,2,101,'2025-08-08 15:00:00',30),(134,2,133,'2025-08-08 15:30:00',30),(135,2,102,'2025-08-08 16:00:00',30),(136,2,139,'2025-08-08 16:30:00',30),(137,2,114,'2025-08-08 17:00:00',30),(138,2,89,'2025-08-08 17:30:00',30),(139,2,140,'2025-08-08 18:00:00',30),(140,2,95,'2025-08-08 18:30:00',30),(141,2,144,'2025-08-08 19:00:00',30),(142,2,122,'2025-08-08 19:30:00',30),(143,2,92,'2025-08-08 20:00:00',30),(144,2,131,'2025-08-08 20:30:00',30),(145,2,125,'2025-08-09 09:00:00',30),(146,2,80,'2025-08-09 09:30:00',30),(147,2,161,'2025-08-09 10:00:00',30),(148,2,162,'2025-08-09 10:30:00',30),(149,2,159,'2025-08-09 11:00:00',30),(150,2,163,'2025-08-09 11:30:00',30),(151,2,157,'2025-08-09 12:00:00',30),(152,2,148,'2025-08-09 12:30:00',30),(153,2,151,'2025-08-09 13:00:00',30),(154,2,171,'2025-08-09 13:30:00',30),(155,2,158,'2025-08-09 14:00:00',30),(156,2,152,'2025-08-09 14:30:00',30),(157,2,168,'2025-08-09 15:00:00',30),(158,2,149,'2025-08-09 15:30:00',30),(159,2,173,'2025-08-09 16:00:00',30),(160,2,160,'2025-08-09 16:30:00',30),(161,2,147,'2025-08-09 17:00:00',30),(162,2,169,'2025-08-09 17:30:00',30),(163,2,156,'2025-08-09 18:00:00',30),(164,2,154,'2025-08-09 18:30:00',30),(165,2,174,'2025-08-09 19:00:00',30),(166,2,164,'2025-08-09 19:30:00',30),(167,2,166,'2025-08-09 20:00:00',30),(168,2,153,'2025-08-09 20:30:00',30),(169,2,150,'2025-08-10 09:00:00',30),(170,2,165,'2025-08-10 09:30:00',30),(171,2,170,'2025-08-10 10:00:00',30),(172,2,167,'2025-08-10 10:30:00',30),(173,2,155,'2025-08-10 11:00:00',30),(174,2,172,'2025-08-10 11:30:00',30),(175,2,176,'2025-08-10 12:00:00',30),(176,2,175,'2025-08-10 12:30:00',30),(177,2,181,'2025-08-10 13:00:00',30),(178,2,178,'2025-08-10 13:30:00',30),(179,2,179,'2025-08-10 14:00:00',30),(180,2,189,'2025-08-10 14:30:00',30),(181,2,186,'2025-08-10 15:00:00',30),(182,2,187,'2025-08-10 15:30:00',30),(183,2,188,'2025-08-10 16:00:00',30),(184,2,185,'2025-08-10 16:30:00',30),(185,2,180,'2025-08-10 17:00:00',30),(186,2,190,'2025-08-10 17:30:00',30),(187,2,182,'2025-08-10 18:00:00',30),(188,2,184,'2025-08-10 18:30:00',30),(189,2,183,'2025-08-10 19:00:00',30),(190,2,177,'2025-08-10 19:30:00',30);
/*!40000 ALTER TABLE `franjas` ENABLE KEYS */;
UNLOCK TABLES;

--
-- Table structure for table `grupos`
--

DROP TABLE IF EXISTS `grupos`;
/*!40101 SET @saved_cs_client     = @@character_set_client */;
/*!50503 SET character_set_client = utf8mb4 */;
CREATE TABLE `grupos` (
  `id` bigint(20) unsigned NOT NULL AUTO_INCREMENT,
  `nombre` varchar(100) NOT NULL,
  `pais` varchar(100) DEFAULT NULL,
  `region` varchar(100) DEFAULT NULL,
  PRIMARY KEY (`id`)
) ENGINE=InnoDB AUTO_INCREMENT=151 DEFAULT CHARSET=utf8mb4 COLLATE=utf8mb4_unicode_ci;
/*!40101 SET character_set_client = @saved_cs_client */;

--
-- Dumping data for table `grupos`
--

LOCK TABLES `grupos` WRITE;
/*!40000 ALTER TABLE `grupos` DISABLE KEYS */;
INSERT INTO `grupos` VALUES (1,'Grupo azul marino 70','Bangladés','Navarra'),(2,'Grupo magenta 86','Armenia','Ourense'),(3,'Grupo celeste 71','Haití','Valencia'),(4,'Grupo azul 28','Luxemburgo','Madrid'),(5,'Grupo amarillo 51','Armenia','Cuenca'),(6,'Grupo lima 85','Kuwait','Ávila'),(7,'Grupo gris 92','Marruecos','Ávila'),(8,'Grupo marrón 60','Níger','Zamora'),(9,'Grupo negro 12','Kazajistán','Badajoz'),(10,'Grupo blanco 37','India','Soria'),(11,'Grupo turquesa 16','Venezuela','Madrid'),(12,'Grupo lima 65','Bangladés','Ávila'),(13,'Grupo lima 95','Suecia','Lugo'),(14,'Grupo marrón 47','Islas Marshall','Ávila'),(15,'Grupo morado 88','Eslovenia','Jaén'),(16,'Grupo verde 22','Catar','Lleida'),(17,'Grupo blanco 24','Somalia','Jaén'),(18,'Grupo plata 50','Níger','Santa Cruz de Tenerife'),(19,'Grupo lima 28','Jordania','Navarra'),(20,'Grupo morado 71','Yemen','Huelva'),(21,'Grupo blanco 17','Bulgaria','Huelva'),(22,'Grupo celeste 25','Perú','Guadalajara'),(23,'Grupo verde oliva 71','Georgia','Álava'),(24,'Grupo morado 93','Montenegro','Guipuzkoa'),(25,'Grupo amarillo 23','Ucrania','Madrid'),(26,'Grupo azul 91','Rusia','Ceuta'),(27,'Grupo azul 89','Micronesia','Castellón'),(28,'Grupo blanco 59','Bulgaria','La Rioja'),(29,'Grupo magenta 22','Portugal','Valencia'),(30,'Grupo verde oliva 27','Zambia','Guadalajara'),(31,'Grupo azul marino 37','Zambia','Albacete'),(32,'Grupo magenta 89','Azerbaiyán','Las Palmas'),(33,'Grupo gris 50','Uganda','Granada'),(34,'Grupo blanco 79','Australia','Soria'),(35,'Grupo azul 37','Mónaco','Lleida'),(36,'Grupo turquesa 31','Libia','Castellón'),(37,'Grupo plata 74','Chile','Pontevedra'),(38,'Grupo marrón 89','Nueva Zelanda','La Rioja'),(39,'Grupo magenta 11','Sudáfrica','Jaén'),(40,'Grupo negro 72','Chipre','Salamanca'),(41,'Grupo marrón 42','Kuwait','Málaga'),(42,'Grupo plata 91','Moldavia','Ourense'),(43,'Grupo verde oliva 30','Jordania','Segovia'),(44,'Grupo azul marino 7','El Salvador','A Coruña'),(45,'Grupo negro 30','Irlanda','Soria'),(46,'Grupo magenta 89','Georgia','Álava'),(47,'Grupo azul 23','Micronesia','Salamanca'),(48,'Grupo azul 91','Georgia','Ceuta'),(49,'Grupo gris 81','Sudán','Huelva'),(50,'Grupo turquesa 78','Costa Rica','Vizcaya'),(51,'Grupo plata 54','Gambia','Alicante'),(52,'Grupo azul 86','Bangladés','Segovia'),(53,'Grupo plata 55','Brunéi Darusalam','Huesca'),(54,'Grupo negro 1','Vietnam','Cáceres'),(55,'Grupo celeste 27','Italia','Barcelona'),(56,'Grupo turquesa 92','Guatemala','Soria'),(57,'Grupo gris 30','Serbia','Murcia'),(58,'Grupo verde 16','Palaos','Valladolid'),(59,'Grupo azul marino 86','Zambia','Guadalajara'),(60,'Grupo plata 37','Camerún','Zaragoza'),(61,'Grupo azul 34','Croacia','Las Palmas'),(62,'Grupo morado 58','Tayikistán','Córdoba'),(63,'Grupo lima 72','Maldivas','Badajoz'),(64,'Grupo celeste 74','Hungría','Badajoz'),(65,'Grupo plata 23','Irlanda','Sevilla'),(66,'Grupo turquesa 39','Fiyi','Lleida'),(67,'Grupo azul marino 53','India','Álava'),(68,'Grupo verde oliva 46','Ucrania','Ciudad Real'),(69,'Grupo magenta 82','Congo','Sevilla'),(70,'Grupo azul marino 39','Belice','Málaga'),(71,'Grupo verde oliva 33','Pakistán','Tarragona'),(72,'Grupo turquesa 49','Marruecos','Murcia'),(73,'Grupo celeste 63','Micronesia','Guipuzkoa'),(74,'Grupo marrón 80','Rumanía','Lleida'),(75,'Grupo marrón 29','Guyana','Murcia'),(76,'Grupo plata 10','Brunéi Darusalam','Illes Balears'),(77,'Grupo morado 73','Chipre','Barcelona'),(78,'Grupo turquesa 52','Eslovenia','Córdoba'),(79,'Grupo marrón 89','Nepal','Segovia'),(80,'Grupo turquesa 42','Tailandia','Cuenca'),(81,'Grupo magenta 17','Malasia','Murcia'),(82,'Grupo plata 16','Estonia','Valencia'),(83,'Grupo morado 48','Gambia','Huelva'),(84,'Grupo gris 52','Madagascar','Teruel'),(85,'Grupo verde oliva 52','Bosnia-Herzegovina','Cádiz'),(86,'Grupo morado 98','Catar','Granada'),(87,'Grupo verde oliva 91','Vietnam','Segovia'),(88,'Grupo magenta 32','Mónaco','Cáceres'),(89,'Grupo verde 9','Jordania','Madrid'),(90,'Grupo morado 53','Sri Lanka','Soria'),(91,'Grupo celeste 15','Afganistán','Huelva'),(92,'Grupo gris 9','Jamaica','Zamora'),(93,'Grupo morado 22','Mali','Jaén'),(94,'Grupo amarillo 49','San Marino','Asturias'),(95,'Grupo celeste 43','Nauru','Huelva'),(96,'Grupo morado 40','República Centroafricana','Málaga'),(97,'Grupo morado 91','Finlandia','Illes Balears'),(98,'Grupo verde oliva 38','Senegal','Ceuta'),(99,'Grupo verde oliva 5','Jamaica','Pontevedra'),(100,'Grupo verde oliva 98','Comoras','Ceuta'),(101,'Grupo blanco 45','Finlandia','Burgos'),(102,'Grupo verde oliva 70','Marruecos','Cantabria'),(103,'Grupo amarillo 94','Letonia','Guadalajara'),(104,'Grupo plata 22','Etiopía','Pontevedra'),(105,'Grupo azul 58','Micronesia','Ceuta'),(106,'Grupo azul 48','Kirguistán','Toledo'),(107,'Grupo azul 41','Guinea-Bisáu','Álava'),(108,'Grupo plata 42','Vietnam','Málaga'),(109,'Grupo verde oliva 40','Corea del Sur','Castellón'),(110,'Grupo amarillo 29','Noruega','Las Palmas'),(111,'Grupo celeste 18','Rumanía','Las Palmas'),(112,'Grupo plata 41','Liberia','Zaragoza'),(113,'Grupo celeste 21','Dominica','Segovia'),(114,'Grupo magenta 12','Tonga','Lleida'),(115,'Grupo magenta 54','Túnez','Badajoz'),(116,'Grupo morado 73','Costa Rica','Barcelona'),(117,'Grupo verde 67','Cuba','Granada'),(118,'Grupo negro 14','Indonesia','Ceuta'),(119,'Grupo celeste 64','Bosnia-Herzegovina','Álava'),(120,'Grupo lima 17','Indonesia','Pontevedra'),(121,'Grupo morado 88','Angola','Pontevedra'),(122,'Grupo gris 32','Somalia','Córdoba'),(123,'Grupo magenta 20','Rumanía','Huesca'),(124,'Grupo celeste 21','Austria','Huelva'),(125,'Grupo negro 61','Tanzania','Córdoba'),(126,'Grupo azul marino 24','Hungría','Teruel'),(127,'Grupo blanco 25','Sierra Leona','Castellón'),(128,'Grupo gris 23','Kirguistán','Soria'),(129,'Grupo verde oliva 5','Maldivas','Illes Balears'),(130,'Grupo blanco 28','Portugal','Cádiz'),(131,'Grupo negro 75','Granada','Ávila'),(132,'Grupo verde oliva 28','Cuba','Soria'),(133,'Grupo turquesa 41','Madagascar','Ceuta'),(134,'Grupo azul 14','Irán','Zamora'),(135,'Grupo azul 86','Islas Salomón','Toledo'),(136,'Grupo azul 21','Uganda','Palencia'),(137,'Grupo marrón 48','Sudáfrica','Alicante'),(138,'Grupo azul marino 56','Bosnia-Herzegovina','Ciudad Real'),(139,'Grupo celeste 51','República Dominicana','Granada'),(140,'Grupo lima 77','Congo','Soria'),(141,'Grupo lima 28','Australia','Huesca'),(142,'Grupo azul marino 1','Mónaco','Girona'),(143,'Grupo verde oliva 91','Serbia','León'),(144,'Grupo gris 20','Chad','A Coruña'),(145,'Grupo gris 85','El Salvador','Guadalajara'),(146,'Grupo lima 0','República Checa','Cádiz'),(147,'Grupo morado 27','Liberia','Badajoz'),(148,'Grupo negro 22','San Marino','Córdoba'),(149,'Grupo turquesa 81','Armenia','Las Palmas'),(150,'Grupo turquesa 28','Costa Rica','Asturias');
/*!40000 ALTER TABLE `grupos` ENABLE KEYS */;
UNLOCK TABLES;

--
-- Table structure for table `grupos_participantes`
--

DROP TABLE IF EXISTS `grupos_participantes`;
/*!40101 SET @saved_cs_client     = @@character_set_client */;
/*!50503 SET character_set_client = utf8mb4 */;
CREATE TABLE `grupos_participantes` (
  `grupo_id` bigint(20) unsigned NOT NULL,
  `participante_id` bigint(20) unsigned NOT NULL,
  PRIMARY KEY (`grupo_id`,`participante_id`),
  KEY `grupos_participantes_participante_id_foreign` (`participante_id`),
  CONSTRAINT `grupos_participantes_grupo_id_foreign` FOREIGN KEY (`grupo_id`) REFERENCES `grupos` (`id`) ON DELETE CASCADE,
  CONSTRAINT `grupos_participantes_participante_id_foreign` FOREIGN KEY (`participante_id`) REFERENCES `participantes` (`id`) ON DELETE CASCADE
) ENGINE=InnoDB DEFAULT CHARSET=utf8mb4 COLLATE=utf8mb4_unicode_ci;
/*!40101 SET character_set_client = @saved_cs_client */;

--
-- Dumping data for table `grupos_participantes`
--

LOCK TABLES `grupos_participantes` WRITE;
/*!40000 ALTER TABLE `grupos_participantes` DISABLE KEYS */;
INSERT INTO `grupos_participantes` VALUES (51,1),(57,2),(79,4),(136,4),(72,6),(116,7),(13,8),(75,8),(101,8),(4,10),(102,12),(18,13),(37,15),(93,16),(71,17),(108,17),(21,18),(122,19),(110,20),(111,21),(12,22),(147,22),(49,23),(37,24),(47,25),(100,25),(34,27),(94,29),(128,29),(150,29),(2,30),(118,30),(24,32),(99,32),(147,34),(98,36),(108,36),(47,37),(116,37),(139,37),(65,38),(68,38),(59,39),(136,40),(31,41),(142,41),(26,42),(69,42),(13,43),(28,44),(88,47),(137,47),(87,49),(20,50),(27,51),(75,51),(80,51),(88,51),(104,51),(63,52),(42,53),(113,54),(31,56),(109,56),(128,56),(64,57),(25,58),(80,58),(90,58),(129,58),(71,59),(118,59),(2,60),(77,60),(122,60),(100,61),(124,64),(24,65),(82,65),(144,66),(79,68),(136,68),(150,68),(72,69),(95,70),(96,70),(141,70),(22,71),(125,71),(9,72),(87,72),(100,75),(81,76),(92,76),(63,77),(133,78),(126,79),(9,81),(29,81),(63,81),(75,81),(106,81),(130,83),(110,84),(109,85),(103,86),(6,87),(144,90),(62,91),(27,92),(76,92),(134,92),(23,93),(21,94),(149,94),(7,96),(34,99),(73,99),(37,101),(35,102),(42,102),(72,103),(89,103),(63,104),(132,105),(97,106),(129,106),(137,106),(13,108),(141,108),(23,109),(114,111),(115,115),(131,115),(8,116),(140,116),(89,118),(28,119),(110,120),(111,120),(123,121),(139,123),(145,124),(52,125),(112,126),(129,127),(31,128),(107,128),(133,128),(35,129),(102,129),(143,129),(3,130),(55,131),(81,132),(102,132),(107,132),(97,133),(141,133),(94,134),(74,135),(12,136),(67,136),(107,136),(8,137),(46,137),(12,138),(23,140),(53,140),(11,141),(85,142),(66,144),(66,145),(118,146),(60,147),(112,147),(52,151),(83,151),(5,152),(39,152),(53,153),(147,153),(150,153),(40,155),(101,155),(126,155),(41,156),(4,158),(67,158),(70,158),(94,161),(100,161),(113,161),(76,162),(77,162),(115,162),(48,165),(126,165),(42,166),(67,168),(122,170),(37,171),(41,171),(16,172),(116,174),(141,175),(144,175),(18,176),(50,176),(1,177),(10,178),(52,178),(77,178),(9,179),(21,179),(80,179),(137,180),(19,184),(59,184),(127,184),(24,185),(121,185),(122,185),(16,186),(57,186),(59,186),(18,187),(43,187),(113,188),(84,189),(106,189),(7,190),(150,191),(78,192),(109,192),(111,192),(38,194),(32,197),(105,197),(84,198),(81,199),(146,199),(126,200),(61,201),(102,201),(22,203),(33,203),(125,203),(132,205),(69,206),(123,206),(27,207),(89,207),(36,208),(79,210),(134,211),(30,212),(47,212),(91,212),(105,212),(11,214),(118,214),(60,215),(89,215),(82,216),(103,217),(69,218),(97,219),(131,219),(94,220),(119,220),(26,221),(12,222),(56,222),(77,222),(104,222),(139,222),(14,225),(46,225),(47,226),(96,226),(3,227),(38,228),(68,228),(76,229),(149,229),(26,230),(120,231),(149,231),(66,232),(110,232),(2,234),(28,234),(32,234),(54,234),(136,236),(147,236),(90,237),(42,239),(112,239),(145,239),(64,241),(125,241),(97,242),(79,243),(133,243),(61,245),(103,245),(131,245),(11,246),(44,247),(113,247),(129,247),(145,248),(17,249),(108,249),(41,251),(103,251),(21,252),(33,253),(106,253),(70,254),(9,255),(71,256),(91,258),(138,258),(55,259),(133,259),(11,260),(43,261),(8,262),(46,263),(106,263),(123,263),(95,264),(128,264),(49,265),(61,266),(60,268),(73,268),(115,268),(18,269),(33,269),(41,270),(96,270),(107,270),(105,271),(123,271),(101,273),(14,274),(15,275),(67,275),(108,275),(27,280),(23,281),(145,281),(6,282),(45,282),(60,283),(45,284),(117,284),(8,285),(81,285),(135,286),(55,288),(142,288),(22,290),(88,290),(134,291),(144,291),(86,293),(148,293),(24,294),(83,295),(128,295),(58,296),(59,297),(14,299),(69,300),(109,300);
/*!40000 ALTER TABLE `grupos_participantes` ENABLE KEYS */;
UNLOCK TABLES;

--
-- Table structure for table `inscripciones`
--

DROP TABLE IF EXISTS `inscripciones`;
/*!40101 SET @saved_cs_client     = @@character_set_client */;
/*!50503 SET character_set_client = utf8mb4 */;
CREATE TABLE `inscripciones` (
  `competicion_id` bigint(20) unsigned NOT NULL,
  `grupo_id` bigint(20) unsigned NOT NULL,
  `euros` decimal(8,2) DEFAULT NULL,
  `pagado` tinyint(1) NOT NULL DEFAULT 0,
  `punto_venta` varchar(100) DEFAULT NULL,
  `observaciones` text DEFAULT NULL,
  PRIMARY KEY (`competicion_id`,`grupo_id`),
  KEY `inscripciones_grupos_fk` (`grupo_id`),
  CONSTRAINT `inscripciones_competiciones_fk` FOREIGN KEY (`competicion_id`) REFERENCES `competiciones` (`id`) ON DELETE CASCADE ON UPDATE CASCADE,
  CONSTRAINT `inscripciones_grupos_fk` FOREIGN KEY (`grupo_id`) REFERENCES `grupos` (`id`) ON DELETE CASCADE ON UPDATE CASCADE
) ENGINE=InnoDB DEFAULT CHARSET=utf8mb4 COLLATE=utf8mb4_unicode_ci;
/*!40101 SET character_set_client = @saved_cs_client */;

--
-- Dumping data for table `inscripciones`
--

LOCK TABLES `inscripciones` WRITE;
/*!40000 ALTER TABLE `inscripciones` DISABLE KEYS */;
INSERT INTO `inscripciones` VALUES (1,2,14.00,1,'TARJETA',NULL),(1,3,36.00,1,'PAGO MOA',NULL),(1,5,42.00,1,'TARJETA',NULL),(1,7,28.00,1,'TARJETA',NULL),(1,8,1.00,1,'PAGO MOA',NULL),(1,10,17.00,1,'TARJETA',NULL),(1,11,13.00,1,'PAGO MOA',NULL),(1,12,38.00,1,'TARJETA',NULL),(1,13,43.00,1,'TARJETA',NULL),(1,14,45.00,1,'TARJETA',NULL),(1,16,25.00,1,'PAGO MOA',NULL),(1,17,5.00,1,'TARJETA',NULL),(1,22,44.00,1,'TARJETA',NULL),(1,25,45.00,1,'TARJETA',NULL),(1,27,22.00,1,'TARJETA',NULL),(1,28,36.00,1,'TARJETA',NULL),(1,29,14.00,1,'TARJETA',NULL),(1,30,18.00,1,'PAGO MOA',NULL),(1,31,32.00,1,'TARJETA',NULL),(1,32,5.00,1,'TARJETA',NULL),(1,34,41.00,1,'TARJETA',NULL),(1,35,50.00,1,'PAGO MOA',NULL),(1,36,19.00,1,'PAGO MOA',NULL),(1,37,32.00,1,'PAGO MOA',NULL),(1,43,28.00,1,'TARJETA',NULL),(1,45,50.00,1,'TARJETA',NULL),(1,47,14.00,1,'TARJETA',NULL),(1,48,15.00,1,'PAGO MOA',NULL),(1,50,39.00,1,'PAGO MOA',NULL),(1,52,43.00,1,'TARJETA',NULL),(1,54,3.00,1,'TARJETA',NULL),(1,55,8.00,1,'PAGO MOA',NULL),(1,56,39.00,1,'PAGO MOA',NULL),(1,58,11.00,1,'TARJETA',NULL),(1,59,32.00,1,'PAGO MOA',NULL),(1,60,40.00,1,'PAGO MOA',NULL),(1,63,0.00,1,'PAGO MOA',NULL),(1,69,38.00,1,'TARJETA',NULL),(1,70,13.00,1,'PAGO MOA',NULL),(1,71,43.00,1,'PAGO MOA',NULL),(1,73,29.00,1,'TARJETA',NULL),(1,74,32.00,1,'TARJETA',NULL),(1,75,4.00,1,'TARJETA',NULL),(1,76,43.00,1,'TARJETA',NULL),(1,77,36.00,1,'PAGO MOA',NULL),(1,78,43.00,1,'PAGO MOA',NULL),(1,83,30.00,1,'TARJETA',NULL),(1,84,34.00,1,'PAGO MOA',NULL),(1,86,38.00,1,'PAGO MOA',NULL),(1,87,47.00,1,'PAGO MOA',NULL),(1,88,1.00,1,'TARJETA',NULL),(1,90,31.00,1,'TARJETA',NULL),(1,91,23.00,1,'TARJETA',NULL),(1,93,0.00,1,'TARJETA',NULL),(1,99,15.00,1,'PAGO MOA',NULL),(1,101,15.00,1,'PAGO MOA',NULL),(1,102,17.00,1,'TARJETA',NULL),(1,103,9.00,1,'TARJETA',NULL),(1,104,1.00,1,'PAGO MOA',NULL),(1,105,46.00,1,'TARJETA',NULL),(1,107,31.00,1,'TARJETA',NULL),(1,109,28.00,1,'PAGO MOA',NULL),(1,112,9.00,1,'PAGO MOA',NULL),(1,113,23.00,1,'TARJETA',NULL),(1,115,23.00,1,'TARJETA',NULL),(1,121,1.00,1,'TARJETA',NULL),(1,125,14.00,1,'PAGO MOA',NULL),(1,131,18.00,1,'TARJETA',NULL),(1,132,0.00,1,'PAGO MOA',NULL),(1,133,14.00,1,'TARJETA',NULL),(1,136,16.00,1,'TARJETA',NULL),(1,137,31.00,1,'TARJETA',NULL),(1,138,22.00,1,'TARJETA',NULL),(1,140,1.00,1,'TARJETA',NULL),(1,141,15.00,1,'TARJETA',NULL),(1,145,15.00,1,'PAGO MOA',NULL),(1,146,22.00,1,'TARJETA',NULL),(1,149,28.00,1,'PAGO MOA',NULL),(1,150,26.00,1,'TARJETA',NULL),(2,1,47.00,1,'TARJETA',NULL),(2,3,14.00,1,'PAGO MOA',NULL),(2,4,29.00,1,'PAGO MOA',NULL),(2,5,37.00,1,'TARJETA',NULL),(2,6,32.00,1,'TARJETA',NULL),(2,8,34.00,1,'PAGO MOA',NULL),(2,10,10.00,1,'PAGO MOA',NULL),(2,11,27.00,1,'TARJETA',NULL),(2,13,3.00,1,'PAGO MOA',NULL),(2,15,36.00,1,'TARJETA',NULL),(2,16,40.00,1,'TARJETA',NULL),(2,17,50.00,1,'TARJETA',NULL),(2,18,3.00,1,'TARJETA',NULL),(2,19,9.00,1,'TARJETA',NULL),(2,20,37.00,1,'TARJETA',NULL),(2,21,44.00,1,'PAGO MOA',NULL),(2,22,8.00,1,'TARJETA',NULL),(2,23,49.00,1,'TARJETA',NULL),(2,24,41.00,1,'PAGO MOA',NULL),(2,25,9.00,1,'PAGO MOA',NULL),(2,27,28.00,1,'TARJETA',NULL),(2,28,16.00,1,'TARJETA',NULL),(2,29,26.00,1,'PAGO MOA',NULL),(2,30,40.00,1,'PAGO MOA',NULL),(2,31,11.00,1,'PAGO MOA',NULL),(2,32,32.00,1,'TARJETA',NULL),(2,33,34.00,1,'TARJETA',NULL),(2,34,10.00,1,'PAGO MOA',NULL),(2,35,29.00,1,'PAGO MOA',NULL),(2,36,41.00,1,'PAGO MOA',NULL),(2,37,38.00,1,'TARJETA',NULL),(2,38,24.00,1,'TARJETA',NULL),(2,39,43.00,1,'TARJETA',NULL),(2,40,28.00,1,'PAGO MOA',NULL),(2,44,14.00,1,'TARJETA',NULL),(2,45,34.00,1,'PAGO MOA',NULL),(2,47,30.00,1,'PAGO MOA',NULL),(2,48,17.00,1,'PAGO MOA',NULL),(2,49,41.00,1,'PAGO MOA',NULL),(2,51,11.00,1,'PAGO MOA',NULL),(2,52,35.00,1,'TARJETA',NULL),(2,53,21.00,1,'PAGO MOA',NULL),(2,54,26.00,1,'PAGO MOA',NULL),(2,56,31.00,1,'TARJETA',NULL),(2,59,18.00,1,'PAGO MOA',NULL),(2,60,30.00,1,'TARJETA',NULL),(2,61,30.00,1,'PAGO MOA',NULL),(2,65,27.00,1,'TARJETA',NULL),(2,67,0.00,1,'PAGO MOA',NULL),(2,68,6.00,1,'PAGO MOA',NULL),(2,69,30.00,1,'TARJETA',NULL),(2,71,24.00,1,'TARJETA',NULL),(2,73,12.00,1,'TARJETA',NULL),(2,74,35.00,1,'PAGO MOA',NULL),(2,76,11.00,1,'PAGO MOA',NULL),(2,77,9.00,1,'PAGO MOA',NULL),(2,80,23.00,1,'TARJETA',NULL),(2,83,3.00,1,'PAGO MOA',NULL),(2,87,39.00,1,'TARJETA',NULL),(2,88,26.00,1,'TARJETA',NULL),(2,90,30.00,1,'PAGO MOA',NULL),(2,91,6.00,1,'PAGO MOA',NULL),(2,92,41.00,1,'PAGO MOA',NULL),(2,93,16.00,1,'TARJETA',NULL),(2,95,6.00,1,'TARJETA',NULL),(2,96,3.00,1,'PAGO MOA',NULL),(2,99,4.00,1,'PAGO MOA',NULL),(2,100,49.00,1,'PAGO MOA',NULL),(2,102,40.00,1,'TARJETA',NULL),(2,103,23.00,1,'TARJETA',NULL),(2,107,10.00,1,'PAGO MOA',NULL),(2,108,20.00,1,'TARJETA',NULL),(2,109,2.00,1,'TARJETA',NULL),(2,110,23.00,1,'TARJETA',NULL),(2,112,42.00,1,'PAGO MOA',NULL),(2,113,18.00,1,'TARJETA',NULL),(2,114,13.00,1,'TARJETA',NULL),(2,115,33.00,1,'TARJETA',NULL),(2,117,33.00,1,'TARJETA',NULL),(2,118,19.00,1,'TARJETA',NULL),(2,119,48.00,1,'PAGO MOA',NULL),(2,120,35.00,1,'PAGO MOA',NULL),(2,122,0.00,1,'PAGO MOA',NULL),(2,124,41.00,1,'TARJETA',NULL),(2,125,28.00,1,'PAGO MOA',NULL),(2,127,49.00,1,'TARJETA',NULL),(2,128,0.00,1,'TARJETA',NULL),(2,129,26.00,1,'TARJETA',NULL),(2,131,15.00,1,'TARJETA',NULL),(2,134,29.00,1,'PAGO MOA',NULL),(2,135,50.00,1,'PAGO MOA',NULL),(2,136,7.00,1,'PAGO MOA',NULL),(2,137,38.00,1,'PAGO MOA',NULL),(2,139,7.00,1,'TARJETA',NULL),(2,140,46.00,1,'PAGO MOA',NULL),(2,141,49.00,1,'PAGO MOA',NULL),(2,142,36.00,1,'TARJETA',NULL),(2,143,47.00,1,'TARJETA',NULL),(2,144,14.00,1,'TARJETA',NULL),(2,146,49.00,1,'TARJETA',NULL),(2,148,38.00,1,'PAGO MOA',NULL),(2,150,48.00,1,'PAGO MOA',NULL),(3,1,19.00,1,'TARJETA',NULL),(3,2,17.00,1,'PAGO MOA',NULL),(3,3,32.00,1,'PAGO MOA',NULL),(3,4,22.00,1,'TARJETA',NULL),(3,5,18.00,1,'TARJETA',NULL),(3,6,38.00,1,'PAGO MOA',NULL),(3,7,13.00,1,'PAGO MOA',NULL),(3,8,21.00,1,'PAGO MOA',NULL),(3,9,18.00,1,'TARJETA',NULL),(3,10,25.00,1,'PAGO MOA',NULL),(3,11,22.00,1,'TARJETA',NULL),(3,12,27.00,1,'PAGO MOA',NULL),(3,13,33.00,1,'TARJETA',NULL),(3,14,31.00,1,'PAGO MOA',NULL),(3,15,41.00,1,'TARJETA',NULL),(3,16,31.00,1,'TARJETA',NULL),(3,17,8.00,1,'PAGO MOA',NULL),(3,18,23.00,1,'TARJETA',NULL),(3,19,38.00,1,'PAGO MOA',NULL),(3,20,24.00,1,'PAGO MOA',NULL),(3,21,27.00,1,'TARJETA',NULL),(3,22,37.00,1,'PAGO MOA',NULL),(3,23,39.00,1,'TARJETA',NULL),(3,24,35.00,1,'PAGO MOA',NULL),(3,25,32.00,1,'PAGO MOA',NULL),(3,26,0.00,1,'PAGO MOA',NULL),(3,27,24.00,1,'PAGO MOA',NULL),(3,28,5.00,1,'TARJETA',NULL),(3,29,20.00,1,'TARJETA',NULL),(3,30,17.00,1,'PAGO MOA',NULL),(3,31,2.00,1,'TARJETA',NULL),(3,32,20.00,1,'TARJETA',NULL),(3,33,39.00,1,'TARJETA',NULL),(3,34,8.00,1,'PAGO MOA',NULL),(3,35,39.00,1,'PAGO MOA',NULL),(3,36,10.00,1,'TARJETA',NULL),(3,37,48.00,1,'TARJETA',NULL),(3,38,12.00,1,'TARJETA',NULL),(3,39,15.00,1,'TARJETA',NULL),(3,40,8.00,1,'TARJETA',NULL),(3,41,43.00,1,'PAGO MOA',NULL),(3,42,46.00,1,'TARJETA',NULL),(3,43,1.00,1,'TARJETA',NULL),(3,44,13.00,1,'TARJETA',NULL),(3,45,34.00,1,'TARJETA',NULL),(3,46,3.00,1,'PAGO MOA',NULL),(3,47,39.00,1,'PAGO MOA',NULL),(3,48,32.00,1,'PAGO MOA',NULL),(3,49,24.00,1,'PAGO MOA',NULL),(3,50,38.00,1,'PAGO MOA',NULL),(3,51,38.00,1,'PAGO MOA',NULL),(3,52,17.00,1,'TARJETA',NULL),(3,53,37.00,1,'PAGO MOA',NULL),(3,54,32.00,1,'TARJETA',NULL),(3,55,5.00,1,'TARJETA',NULL),(3,56,15.00,1,'PAGO MOA',NULL),(3,57,23.00,1,'PAGO MOA',NULL),(3,58,29.00,1,'PAGO MOA',NULL),(3,59,23.00,1,'PAGO MOA',NULL),(3,60,26.00,1,'PAGO MOA',NULL),(3,61,19.00,1,'PAGO MOA',NULL),(3,62,2.00,1,'PAGO MOA',NULL),(3,63,41.00,1,'TARJETA',NULL),(3,64,43.00,1,'TARJETA',NULL),(3,65,44.00,1,'PAGO MOA',NULL),(3,66,23.00,1,'PAGO MOA',NULL),(3,67,17.00,1,'PAGO MOA',NULL),(3,68,49.00,1,'TARJETA',NULL),(3,69,35.00,1,'TARJETA',NULL),(3,70,15.00,1,'TARJETA',NULL),(3,71,9.00,1,'PAGO MOA',NULL),(3,72,15.00,1,'TARJETA',NULL),(3,73,15.00,1,'PAGO MOA',NULL),(3,74,40.00,1,'PAGO MOA',NULL),(3,75,46.00,1,'PAGO MOA',NULL),(3,76,35.00,1,'PAGO MOA',NULL),(3,77,10.00,1,'TARJETA',NULL),(3,78,36.00,1,'TARJETA',NULL),(3,79,23.00,1,'TARJETA',NULL),(3,80,21.00,1,'PAGO MOA',NULL),(3,81,46.00,1,'TARJETA',NULL),(3,82,2.00,1,'PAGO MOA',NULL),(3,83,46.00,1,'TARJETA',NULL),(3,84,16.00,1,'PAGO MOA',NULL),(3,85,37.00,1,'TARJETA',NULL),(3,86,35.00,1,'TARJETA',NULL),(3,87,10.00,1,'PAGO MOA',NULL),(3,88,27.00,1,'TARJETA',NULL),(3,89,35.00,1,'TARJETA',NULL),(3,90,44.00,1,'TARJETA',NULL),(3,91,1.00,1,'TARJETA',NULL),(3,92,46.00,1,'TARJETA',NULL),(3,93,7.00,1,'PAGO MOA',NULL),(3,94,2.00,1,'TARJETA',NULL),(3,95,48.00,1,'TARJETA',NULL),(3,96,11.00,1,'TARJETA',NULL),(3,97,20.00,1,'PAGO MOA',NULL),(3,98,2.00,1,'PAGO MOA',NULL),(3,99,31.00,1,'PAGO MOA',NULL),(3,100,5.00,1,'TARJETA',NULL),(3,101,15.00,1,'PAGO MOA',NULL),(3,102,35.00,1,'TARJETA',NULL),(3,103,36.00,1,'TARJETA',NULL),(3,104,10.00,1,'TARJETA',NULL),(3,105,15.00,1,'PAGO MOA',NULL),(3,106,11.00,1,'TARJETA',NULL),(3,107,37.00,1,'PAGO MOA',NULL),(3,108,0.00,1,'PAGO MOA',NULL),(3,109,23.00,1,'PAGO MOA',NULL),(3,110,4.00,1,'TARJETA',NULL),(3,111,11.00,1,'PAGO MOA',NULL),(3,112,19.00,1,'PAGO MOA',NULL),(3,113,31.00,1,'TARJETA',NULL),(3,114,9.00,1,'PAGO MOA',NULL),(3,115,8.00,1,'TARJETA',NULL),(3,116,12.00,1,'TARJETA',NULL),(3,117,24.00,1,'TARJETA',NULL),(3,118,21.00,1,'PAGO MOA',NULL),(3,119,38.00,1,'PAGO MOA',NULL),(3,120,21.00,1,'PAGO MOA',NULL),(3,121,17.00,1,'TARJETA',NULL),(3,122,0.00,1,'PAGO MOA',NULL),(3,123,4.00,1,'TARJETA',NULL),(3,124,26.00,1,'PAGO MOA',NULL),(3,125,30.00,1,'TARJETA',NULL),(3,126,38.00,1,'TARJETA',NULL),(3,127,28.00,1,'TARJETA',NULL),(3,128,29.00,1,'PAGO MOA',NULL),(3,129,34.00,1,'PAGO MOA',NULL),(3,130,50.00,1,'PAGO MOA',NULL),(3,131,9.00,1,'PAGO MOA',NULL),(3,132,10.00,1,'TARJETA',NULL),(3,133,18.00,1,'TARJETA',NULL),(3,134,35.00,1,'TARJETA',NULL),(3,135,38.00,1,'PAGO MOA',NULL),(3,136,27.00,1,'TARJETA',NULL),(3,137,26.00,1,'PAGO MOA',NULL),(3,138,33.00,1,'TARJETA',NULL),(3,139,14.00,1,'PAGO MOA',NULL),(3,140,14.00,1,'PAGO MOA',NULL),(3,141,12.00,1,'TARJETA',NULL),(3,142,36.00,1,'PAGO MOA',NULL),(3,143,8.00,1,'PAGO MOA',NULL),(3,144,4.00,1,'PAGO MOA',NULL),(3,145,46.00,1,'PAGO MOA',NULL),(3,146,27.00,1,'PAGO MOA',NULL),(3,147,13.00,1,'TARJETA',NULL),(3,148,44.00,1,'TARJETA',NULL),(3,149,9.00,1,'TARJETA',NULL),(3,150,12.00,1,'PAGO MOA',NULL),(4,1,25.00,1,'PAGO MOA',NULL),(4,2,19.00,1,'PAGO MOA',NULL),(4,3,25.00,1,'PAGO MOA',NULL),(4,4,27.00,1,'PAGO MOA',NULL),(4,5,36.00,1,'TARJETA',NULL),(4,6,9.00,1,'PAGO MOA',NULL),(4,7,48.00,1,'PAGO MOA',NULL),(4,8,17.00,1,'PAGO MOA',NULL),(4,9,31.00,1,'TARJETA',NULL),(4,10,1.00,1,'TARJETA',NULL),(4,11,27.00,1,'PAGO MOA',NULL),(4,12,24.00,1,'TARJETA',NULL),(4,13,34.00,1,'PAGO MOA',NULL),(4,14,21.00,1,'PAGO MOA',NULL),(4,15,9.00,1,'TARJETA',NULL),(4,16,34.00,1,'PAGO MOA',NULL),(4,17,37.00,1,'TARJETA',NULL),(4,18,2.00,1,'TARJETA',NULL),(4,19,20.00,1,'TARJETA',NULL),(4,20,15.00,1,'PAGO MOA',NULL),(4,21,31.00,1,'PAGO MOA',NULL),(4,22,1.00,1,'PAGO MOA',NULL),(4,23,46.00,1,'TARJETA',NULL),(4,24,3.00,1,'TARJETA',NULL),(4,25,6.00,1,'TARJETA',NULL),(4,26,22.00,1,'TARJETA',NULL),(4,27,19.00,1,'PAGO MOA',NULL),(4,28,40.00,1,'TARJETA',NULL),(4,29,27.00,1,'PAGO MOA',NULL),(4,30,22.00,1,'PAGO MOA',NULL),(4,31,13.00,1,'PAGO MOA',NULL),(4,32,7.00,1,'PAGO MOA',NULL),(4,33,37.00,1,'TARJETA',NULL),(4,34,12.00,1,'PAGO MOA',NULL),(4,35,41.00,1,'PAGO MOA',NULL),(4,36,42.00,1,'PAGO MOA',NULL),(4,37,20.00,1,'PAGO MOA',NULL),(4,38,22.00,1,'PAGO MOA',NULL),(4,39,38.00,1,'TARJETA',NULL),(4,40,25.00,1,'TARJETA',NULL),(4,41,47.00,1,'PAGO MOA',NULL),(4,42,31.00,1,'TARJETA',NULL),(4,43,40.00,1,'PAGO MOA',NULL),(4,44,41.00,1,'TARJETA',NULL),(4,45,9.00,1,'PAGO MOA',NULL),(4,46,37.00,1,'TARJETA',NULL),(4,47,32.00,1,'PAGO MOA',NULL),(4,48,12.00,1,'PAGO MOA',NULL),(4,49,21.00,1,'TARJETA',NULL),(4,50,31.00,1,'PAGO MOA',NULL),(4,51,31.00,1,'TARJETA',NULL),(4,52,47.00,1,'PAGO MOA',NULL),(4,53,27.00,1,'TARJETA',NULL),(4,54,47.00,1,'TARJETA',NULL),(4,55,33.00,1,'TARJETA',NULL),(4,56,18.00,1,'PAGO MOA',NULL),(4,57,26.00,1,'PAGO MOA',NULL),(4,58,34.00,1,'TARJETA',NULL),(4,59,6.00,1,'TARJETA',NULL),(4,60,11.00,1,'PAGO MOA',NULL),(4,61,14.00,1,'PAGO MOA',NULL),(4,62,17.00,1,'TARJETA',NULL),(4,63,12.00,1,'TARJETA',NULL),(4,64,28.00,1,'TARJETA',NULL),(4,65,46.00,1,'TARJETA',NULL),(4,66,13.00,1,'TARJETA',NULL),(4,67,22.00,1,'PAGO MOA',NULL),(4,68,37.00,1,'PAGO MOA',NULL),(4,69,39.00,1,'TARJETA',NULL),(4,70,16.00,1,'TARJETA',NULL),(4,71,47.00,1,'PAGO MOA',NULL),(4,72,9.00,1,'TARJETA',NULL),(4,73,31.00,1,'PAGO MOA',NULL),(4,74,16.00,1,'PAGO MOA',NULL),(4,75,42.00,1,'PAGO MOA',NULL),(4,76,38.00,1,'TARJETA',NULL),(4,77,37.00,1,'PAGO MOA',NULL),(4,78,44.00,1,'TARJETA',NULL),(4,79,38.00,1,'PAGO MOA',NULL),(4,80,16.00,1,'PAGO MOA',NULL),(4,81,5.00,1,'TARJETA',NULL),(4,82,0.00,1,'TARJETA',NULL),(4,83,50.00,1,'TARJETA',NULL),(4,84,23.00,1,'PAGO MOA',NULL),(4,85,39.00,1,'PAGO MOA',NULL),(4,86,2.00,1,'PAGO MOA',NULL),(4,87,25.00,1,'TARJETA',NULL),(4,88,7.00,1,'TARJETA',NULL),(4,89,47.00,1,'PAGO MOA',NULL),(4,90,34.00,1,'TARJETA',NULL),(4,91,16.00,1,'TARJETA',NULL),(4,92,19.00,1,'PAGO MOA',NULL),(4,93,1.00,1,'PAGO MOA',NULL),(4,94,28.00,1,'TARJETA',NULL),(4,95,3.00,1,'PAGO MOA',NULL),(4,96,44.00,1,'PAGO MOA',NULL),(4,97,26.00,1,'PAGO MOA',NULL),(4,98,39.00,1,'PAGO MOA',NULL),(4,99,47.00,1,'PAGO MOA',NULL),(4,100,13.00,1,'PAGO MOA',NULL),(4,101,22.00,1,'PAGO MOA',NULL),(4,102,11.00,1,'TARJETA',NULL),(4,103,6.00,1,'TARJETA',NULL),(4,104,42.00,1,'PAGO MOA',NULL),(4,105,4.00,1,'PAGO MOA',NULL),(4,106,31.00,1,'TARJETA',NULL),(4,107,3.00,1,'TARJETA',NULL),(4,108,39.00,1,'TARJETA',NULL),(4,109,36.00,1,'TARJETA',NULL),(4,110,43.00,1,'PAGO MOA',NULL),(4,111,4.00,1,'TARJETA',NULL),(4,112,19.00,1,'TARJETA',NULL),(4,113,37.00,1,'PAGO MOA',NULL),(4,114,43.00,1,'PAGO MOA',NULL),(4,115,29.00,1,'TARJETA',NULL),(4,116,34.00,1,'PAGO MOA',NULL),(4,117,27.00,1,'TARJETA',NULL),(4,118,24.00,1,'PAGO MOA',NULL),(4,119,9.00,1,'PAGO MOA',NULL),(4,120,38.00,1,'TARJETA',NULL),(4,121,29.00,1,'TARJETA',NULL),(4,122,45.00,1,'TARJETA',NULL),(4,123,41.00,1,'TARJETA',NULL),(4,124,33.00,1,'TARJETA',NULL),(4,125,4.00,1,'PAGO MOA',NULL),(4,126,20.00,1,'PAGO MOA',NULL),(4,127,29.00,1,'PAGO MOA',NULL),(4,128,16.00,1,'TARJETA',NULL),(4,129,31.00,1,'TARJETA',NULL),(4,130,3.00,1,'TARJETA',NULL),(4,131,44.00,1,'TARJETA',NULL),(4,132,23.00,1,'PAGO MOA',NULL),(4,133,24.00,1,'PAGO MOA',NULL),(4,134,10.00,1,'TARJETA',NULL),(4,135,23.00,1,'TARJETA',NULL),(4,136,6.00,1,'TARJETA',NULL),(4,137,47.00,1,'TARJETA',NULL),(4,138,16.00,1,'PAGO MOA',NULL),(4,139,9.00,1,'PAGO MOA',NULL),(4,140,34.00,1,'TARJETA',NULL),(4,141,26.00,1,'TARJETA',NULL),(4,142,25.00,1,'PAGO MOA',NULL),(4,143,50.00,1,'TARJETA',NULL),(4,144,2.00,1,'PAGO MOA',NULL),(4,145,7.00,1,'PAGO MOA',NULL),(4,146,29.00,1,'TARJETA',NULL),(4,147,45.00,1,'TARJETA',NULL),(4,148,3.00,1,'TARJETA',NULL),(4,149,39.00,1,'PAGO MOA',NULL),(4,150,30.00,1,'TARJETA',NULL),(5,1,32.00,1,'PAGO MOA',NULL),(5,2,3.00,1,'PAGO MOA',NULL),(5,3,33.00,1,'TARJETA',NULL),(5,4,29.00,1,'PAGO MOA',NULL),(5,8,27.00,1,'PAGO MOA',NULL),(5,11,35.00,1,'PAGO MOA',NULL),(5,14,41.00,1,'PAGO MOA',NULL),(5,15,28.00,1,'PAGO MOA',NULL),(5,16,39.00,1,'PAGO MOA',NULL),(5,17,8.00,1,'PAGO MOA',NULL),(5,19,1.00,1,'TARJETA',NULL),(5,21,14.00,1,'PAGO MOA',NULL),(5,22,3.00,1,'TARJETA',NULL),(5,24,45.00,1,'PAGO MOA',NULL),(5,26,43.00,1,'PAGO MOA',NULL),(5,28,0.00,1,'PAGO MOA',NULL),(5,31,10.00,1,'TARJETA',NULL),(5,32,16.00,1,'PAGO MOA',NULL),(5,33,41.00,1,'TARJETA',NULL),(5,35,29.00,1,'TARJETA',NULL),(5,36,1.00,1,'TARJETA',NULL),(5,38,24.00,1,'TARJETA',NULL),(5,39,36.00,1,'TARJETA',NULL),(5,43,25.00,1,'TARJETA',NULL),(5,44,15.00,1,'PAGO MOA',NULL),(5,45,34.00,1,'PAGO MOA',NULL),(5,46,48.00,1,'TARJETA',NULL),(5,48,35.00,1,'PAGO MOA',NULL),(5,50,5.00,1,'TARJETA',NULL),(5,52,19.00,1,'PAGO MOA',NULL),(5,53,15.00,1,'TARJETA',NULL),(5,54,1.00,1,'TARJETA',NULL),(5,56,15.00,1,'TARJETA',NULL),(5,57,31.00,1,'PAGO MOA',NULL),(5,58,38.00,1,'PAGO MOA',NULL),(5,59,41.00,1,'TARJETA',NULL),(5,61,37.00,1,'TARJETA',NULL),(5,62,43.00,1,'TARJETA',NULL),(5,63,24.00,1,'PAGO MOA',NULL),(5,68,43.00,1,'PAGO MOA',NULL),(5,71,3.00,1,'PAGO MOA',NULL),(5,72,22.00,1,'PAGO MOA',NULL),(5,75,26.00,1,'PAGO MOA',NULL),(5,77,2.00,1,'PAGO MOA',NULL),(5,79,39.00,1,'PAGO MOA',NULL),(5,82,42.00,1,'PAGO MOA',NULL),(5,83,12.00,1,'TARJETA',NULL),(5,85,30.00,1,'PAGO MOA',NULL),(5,86,13.00,1,'TARJETA',NULL),(5,88,31.00,1,'TARJETA',NULL),(5,90,22.00,1,'PAGO MOA',NULL),(5,92,46.00,1,'TARJETA',NULL),(5,97,13.00,1,'TARJETA',NULL),(5,99,19.00,1,'TARJETA',NULL),(5,101,39.00,1,'PAGO MOA',NULL),(5,103,32.00,1,'TARJETA',NULL),(5,106,50.00,1,'TARJETA',NULL),(5,107,24.00,1,'PAGO MOA',NULL),(5,108,31.00,1,'PAGO MOA',NULL),(5,109,12.00,1,'TARJETA',NULL),(5,110,3.00,1,'TARJETA',NULL),(5,111,28.00,1,'PAGO MOA',NULL),(5,112,45.00,1,'PAGO MOA',NULL),(5,113,13.00,1,'TARJETA',NULL),(5,117,36.00,1,'TARJETA',NULL),(5,119,42.00,1,'TARJETA',NULL),(5,123,22.00,1,'PAGO MOA',NULL),(5,125,19.00,1,'PAGO MOA',NULL),(5,126,10.00,1,'TARJETA',NULL),(5,127,38.00,1,'PAGO MOA',NULL),(5,129,48.00,1,'TARJETA',NULL),(5,130,50.00,1,'TARJETA',NULL),(5,134,17.00,1,'TARJETA',NULL),(5,135,16.00,1,'PAGO MOA',NULL),(5,137,0.00,1,'TARJETA',NULL),(5,138,0.00,1,'TARJETA',NULL),(5,139,41.00,1,'PAGO MOA',NULL),(5,140,39.00,1,'PAGO MOA',NULL),(5,141,49.00,1,'PAGO MOA',NULL),(5,143,18.00,1,'TARJETA',NULL),(5,144,34.00,1,'PAGO MOA',NULL),(5,146,42.00,1,'TARJETA',NULL),(5,147,16.00,1,'TARJETA',NULL),(5,148,46.00,1,'TARJETA',NULL),(5,149,40.00,1,'PAGO MOA',NULL),(6,1,48.00,1,'TARJETA',NULL),(6,2,39.00,1,'PAGO MOA',NULL),(6,3,21.00,1,'TARJETA',NULL),(6,4,18.00,1,'TARJETA',NULL),(6,5,28.00,1,'PAGO MOA',NULL),(6,6,20.00,1,'TARJETA',NULL),(6,7,50.00,1,'TARJETA',NULL),(6,8,17.00,1,'PAGO MOA',NULL),(6,9,12.00,1,'TARJETA',NULL),(6,10,40.00,1,'TARJETA',NULL),(6,11,13.00,1,'TARJETA',NULL),(6,12,21.00,1,'TARJETA',NULL),(6,13,7.00,1,'TARJETA',NULL),(6,14,23.00,1,'TARJETA',NULL),(6,15,11.00,1,'TARJETA',NULL),(6,16,45.00,1,'TARJETA',NULL),(6,17,27.00,1,'PAGO MOA',NULL),(6,18,44.00,1,'TARJETA',NULL),(6,19,13.00,1,'TARJETA',NULL),(6,20,22.00,1,'PAGO MOA',NULL),(6,21,32.00,1,'TARJETA',NULL),(6,22,13.00,1,'TARJETA',NULL),(6,23,16.00,1,'PAGO MOA',NULL),(6,24,0.00,1,'PAGO MOA',NULL),(6,25,39.00,1,'TARJETA',NULL),(6,26,23.00,1,'TARJETA',NULL),(6,27,28.00,1,'PAGO MOA',NULL),(6,28,1.00,1,'TARJETA',NULL),(6,29,19.00,1,'TARJETA',NULL),(6,30,5.00,1,'PAGO MOA',NULL),(6,31,19.00,1,'PAGO MOA',NULL),(6,32,17.00,1,'PAGO MOA',NULL),(6,33,43.00,1,'PAGO MOA',NULL),(6,34,3.00,1,'PAGO MOA',NULL),(6,35,10.00,1,'TARJETA',NULL),(6,36,13.00,1,'PAGO MOA',NULL),(6,37,22.00,1,'PAGO MOA',NULL),(6,38,32.00,1,'PAGO MOA',NULL),(6,39,4.00,1,'PAGO MOA',NULL),(6,40,23.00,1,'TARJETA',NULL),(6,41,8.00,1,'TARJETA',NULL),(6,42,45.00,1,'TARJETA',NULL),(6,43,45.00,1,'TARJETA',NULL),(6,44,32.00,1,'TARJETA',NULL),(6,45,2.00,1,'PAGO MOA',NULL),(6,46,11.00,1,'TARJETA',NULL),(6,47,10.00,1,'TARJETA',NULL),(6,48,49.00,1,'TARJETA',NULL),(6,49,44.00,1,'PAGO MOA',NULL),(6,50,5.00,1,'TARJETA',NULL),(6,51,22.00,1,'PAGO MOA',NULL),(6,52,16.00,1,'PAGO MOA',NULL),(6,53,36.00,1,'PAGO MOA',NULL),(6,54,50.00,1,'TARJETA',NULL),(6,55,48.00,1,'TARJETA',NULL),(6,56,47.00,1,'TARJETA',NULL),(6,57,47.00,1,'TARJETA',NULL),(6,58,41.00,1,'PAGO MOA',NULL),(6,59,20.00,1,'PAGO MOA',NULL),(6,60,5.00,1,'TARJETA',NULL),(6,61,49.00,1,'TARJETA',NULL),(6,62,31.00,1,'TARJETA',NULL),(6,63,37.00,1,'PAGO MOA',NULL),(6,64,22.00,1,'TARJETA',NULL),(6,65,47.00,1,'TARJETA',NULL),(6,66,36.00,1,'TARJETA',NULL),(6,67,39.00,1,'TARJETA',NULL),(6,68,50.00,1,'TARJETA',NULL),(6,69,5.00,1,'TARJETA',NULL),(6,70,22.00,1,'TARJETA',NULL),(6,71,31.00,1,'PAGO MOA',NULL),(6,72,20.00,1,'TARJETA',NULL),(6,73,27.00,1,'PAGO MOA',NULL),(6,74,50.00,1,'PAGO MOA',NULL),(6,75,17.00,1,'PAGO MOA',NULL),(6,76,11.00,1,'PAGO MOA',NULL),(6,77,42.00,1,'PAGO MOA',NULL),(6,78,34.00,1,'PAGO MOA',NULL),(6,79,32.00,1,'TARJETA',NULL),(6,80,34.00,1,'TARJETA',NULL),(6,81,11.00,1,'TARJETA',NULL),(6,82,46.00,1,'PAGO MOA',NULL),(6,83,32.00,1,'TARJETA',NULL),(6,84,18.00,1,'TARJETA',NULL),(6,85,33.00,1,'PAGO MOA',NULL),(6,86,31.00,1,'PAGO MOA',NULL),(6,87,24.00,1,'TARJETA',NULL),(6,88,22.00,1,'TARJETA',NULL),(6,89,12.00,1,'PAGO MOA',NULL),(6,90,5.00,1,'TARJETA',NULL),(6,91,36.00,1,'TARJETA',NULL),(6,92,39.00,1,'TARJETA',NULL),(6,93,25.00,1,'PAGO MOA',NULL),(6,94,21.00,1,'TARJETA',NULL),(6,95,15.00,1,'PAGO MOA',NULL),(6,96,38.00,1,'PAGO MOA',NULL),(6,97,12.00,1,'TARJETA',NULL),(6,98,50.00,1,'PAGO MOA',NULL),(6,99,22.00,1,'TARJETA',NULL),(6,100,18.00,1,'PAGO MOA',NULL),(6,101,35.00,1,'TARJETA',NULL),(6,102,7.00,1,'TARJETA',NULL),(6,103,28.00,1,'PAGO MOA',NULL),(6,104,24.00,1,'PAGO MOA',NULL),(6,105,44.00,1,'TARJETA',NULL),(6,106,41.00,1,'PAGO MOA',NULL),(6,107,1.00,1,'PAGO MOA',NULL),(6,108,31.00,1,'TARJETA',NULL),(6,109,42.00,1,'TARJETA',NULL),(6,110,3.00,1,'TARJETA',NULL),(6,111,10.00,1,'PAGO MOA',NULL),(6,112,50.00,1,'PAGO MOA',NULL),(6,113,20.00,1,'TARJETA',NULL),(6,114,50.00,1,'PAGO MOA',NULL),(6,115,38.00,1,'TARJETA',NULL),(6,116,46.00,1,'TARJETA',NULL),(6,117,36.00,1,'TARJETA',NULL),(6,118,16.00,1,'PAGO MOA',NULL),(6,119,7.00,1,'PAGO MOA',NULL),(6,120,32.00,1,'PAGO MOA',NULL),(6,121,44.00,1,'TARJETA',NULL),(6,122,45.00,1,'PAGO MOA',NULL),(6,123,12.00,1,'PAGO MOA',NULL),(6,124,48.00,1,'PAGO MOA',NULL),(6,125,0.00,1,'TARJETA',NULL),(6,126,20.00,1,'TARJETA',NULL),(6,127,10.00,1,'PAGO MOA',NULL),(6,128,23.00,1,'TARJETA',NULL),(6,129,7.00,1,'TARJETA',NULL),(6,130,35.00,1,'TARJETA',NULL),(6,131,7.00,1,'TARJETA',NULL),(6,132,42.00,1,'TARJETA',NULL),(6,133,17.00,1,'PAGO MOA',NULL),(6,134,38.00,1,'PAGO MOA',NULL),(6,135,0.00,1,'TARJETA',NULL),(6,136,46.00,1,'TARJETA',NULL),(6,137,12.00,1,'TARJETA',NULL),(6,138,42.00,1,'PAGO MOA',NULL),(6,139,3.00,1,'TARJETA',NULL),(6,140,33.00,1,'TARJETA',NULL),(6,141,19.00,1,'PAGO MOA',NULL),(6,142,34.00,1,'TARJETA',NULL),(6,143,3.00,1,'TARJETA',NULL),(6,144,49.00,1,'PAGO MOA',NULL),(6,145,37.00,1,'TARJETA',NULL),(6,146,43.00,1,'PAGO MOA',NULL),(6,147,45.00,1,'PAGO MOA',NULL),(6,148,37.00,1,'PAGO MOA',NULL),(6,149,27.00,1,'PAGO MOA',NULL),(6,150,13.00,1,'PAGO MOA',NULL),(7,1,44.00,1,'PAGO MOA',NULL),(7,4,43.00,1,'PAGO MOA',NULL),(7,5,5.00,1,'TARJETA',NULL),(7,8,32.00,1,'TARJETA',NULL),(7,9,45.00,1,'TARJETA',NULL),(7,11,34.00,1,'TARJETA',NULL),(7,12,6.00,1,'TARJETA',NULL),(7,16,29.00,1,'PAGO MOA',NULL),(7,17,6.00,1,'TARJETA',NULL),(7,19,50.00,1,'TARJETA',NULL),(7,20,47.00,1,'PAGO MOA',NULL),(7,21,5.00,1,'PAGO MOA',NULL),(7,24,30.00,1,'TARJETA',NULL),(7,29,15.00,1,'TARJETA',NULL),(7,30,21.00,1,'TARJETA',NULL),(7,31,4.00,1,'TARJETA',NULL),(7,33,40.00,1,'TARJETA',NULL),(7,34,13.00,1,'TARJETA',NULL),(7,36,30.00,1,'PAGO MOA',NULL),(7,37,11.00,1,'PAGO MOA',NULL),(7,42,22.00,1,'PAGO MOA',NULL),(7,43,45.00,1,'TARJETA',NULL),(7,45,34.00,1,'TARJETA',NULL),(7,50,38.00,1,'PAGO MOA',NULL),(7,53,46.00,1,'PAGO MOA',NULL),(7,56,29.00,1,'PAGO MOA',NULL),(7,57,0.00,1,'PAGO MOA',NULL),(7,58,17.00,1,'TARJETA',NULL),(7,59,29.00,1,'PAGO MOA',NULL),(7,60,46.00,1,'PAGO MOA',NULL),(7,65,24.00,1,'TARJETA',NULL),(7,67,34.00,1,'TARJETA',NULL),(7,68,15.00,1,'PAGO MOA',NULL),(7,70,41.00,1,'PAGO MOA',NULL),(7,71,30.00,1,'TARJETA',NULL),(7,73,24.00,1,'PAGO MOA',NULL),(7,79,39.00,1,'PAGO MOA',NULL),(7,81,4.00,1,'TARJETA',NULL),(7,83,14.00,1,'PAGO MOA',NULL),(7,84,3.00,1,'TARJETA',NULL),(7,87,22.00,1,'TARJETA',NULL),(7,90,38.00,1,'PAGO MOA',NULL),(7,91,45.00,1,'TARJETA',NULL),(7,92,24.00,1,'PAGO MOA',NULL),(7,93,37.00,1,'PAGO MOA',NULL),(7,97,5.00,1,'TARJETA',NULL),(7,101,31.00,1,'TARJETA',NULL),(7,103,44.00,1,'TARJETA',NULL),(7,104,22.00,1,'TARJETA',NULL),(7,105,11.00,1,'PAGO MOA',NULL),(7,107,39.00,1,'PAGO MOA',NULL),(7,109,42.00,1,'PAGO MOA',NULL),(7,113,48.00,1,'PAGO MOA',NULL),(7,114,13.00,1,'TARJETA',NULL),(7,115,43.00,1,'TARJETA',NULL),(7,116,27.00,1,'TARJETA',NULL),(7,118,9.00,1,'PAGO MOA',NULL),(7,120,15.00,1,'PAGO MOA',NULL),(7,121,16.00,1,'PAGO MOA',NULL),(7,124,50.00,1,'PAGO MOA',NULL),(7,125,27.00,1,'PAGO MOA',NULL),(7,126,39.00,1,'TARJETA',NULL),(7,132,47.00,1,'TARJETA',NULL),(7,135,17.00,1,'PAGO MOA',NULL),(7,140,4.00,1,'PAGO MOA',NULL),(7,141,11.00,1,'TARJETA',NULL),(7,142,0.00,1,'TARJETA',NULL),(7,148,28.00,1,'PAGO MOA',NULL),(8,1,21.00,1,'PAGO MOA',NULL),(8,2,31.00,1,'TARJETA',NULL),(8,3,10.00,1,'TARJETA',NULL),(8,4,20.00,1,'PAGO MOA',NULL),(8,5,1.00,1,'TARJETA',NULL),(8,6,18.00,1,'PAGO MOA',NULL),(8,7,25.00,1,'PAGO MOA',NULL),(8,8,44.00,1,'PAGO MOA',NULL),(8,9,49.00,1,'TARJETA',NULL),(8,10,32.00,1,'PAGO MOA',NULL),(8,11,33.00,1,'TARJETA',NULL),(8,12,19.00,1,'PAGO MOA',NULL),(8,13,24.00,1,'PAGO MOA',NULL),(8,14,8.00,1,'PAGO MOA',NULL),(8,15,26.00,1,'TARJETA',NULL),(8,16,9.00,1,'PAGO MOA',NULL),(8,17,8.00,1,'PAGO MOA',NULL),(8,18,24.00,1,'PAGO MOA',NULL),(8,19,47.00,1,'TARJETA',NULL),(8,20,19.00,1,'TARJETA',NULL),(8,21,50.00,1,'PAGO MOA',NULL),(8,22,17.00,1,'PAGO MOA',NULL),(8,23,45.00,1,'TARJETA',NULL),(8,24,40.00,1,'PAGO MOA',NULL),(8,25,22.00,1,'PAGO MOA',NULL),(8,26,28.00,1,'TARJETA',NULL),(8,27,14.00,1,'TARJETA',NULL),(8,28,2.00,1,'TARJETA',NULL),(8,29,45.00,1,'PAGO MOA',NULL),(8,30,28.00,1,'TARJETA',NULL),(8,31,34.00,1,'TARJETA',NULL),(8,32,16.00,1,'PAGO MOA',NULL),(8,33,15.00,1,'PAGO MOA',NULL),(8,34,0.00,1,'TARJETA',NULL),(8,35,35.00,1,'PAGO MOA',NULL),(8,36,28.00,1,'PAGO MOA',NULL),(8,37,0.00,1,'PAGO MOA',NULL),(8,38,33.00,1,'PAGO MOA',NULL),(8,39,5.00,1,'PAGO MOA',NULL),(8,40,48.00,1,'TARJETA',NULL),(8,41,46.00,1,'PAGO MOA',NULL),(8,42,23.00,1,'PAGO MOA',NULL),(8,43,17.00,1,'PAGO MOA',NULL),(8,44,49.00,1,'TARJETA',NULL),(8,45,26.00,1,'PAGO MOA',NULL),(8,46,48.00,1,'TARJETA',NULL),(8,47,44.00,1,'PAGO MOA',NULL),(8,48,15.00,1,'TARJETA',NULL),(8,49,11.00,1,'PAGO MOA',NULL),(8,50,27.00,1,'TARJETA',NULL),(8,51,32.00,1,'PAGO MOA',NULL),(8,52,36.00,1,'PAGO MOA',NULL),(8,53,47.00,1,'TARJETA',NULL),(8,54,16.00,1,'PAGO MOA',NULL),(8,55,5.00,1,'PAGO MOA',NULL),(8,56,30.00,1,'TARJETA',NULL),(8,57,11.00,1,'TARJETA',NULL),(8,58,5.00,1,'TARJETA',NULL),(8,59,32.00,1,'TARJETA',NULL),(8,60,49.00,1,'PAGO MOA',NULL),(8,61,6.00,1,'TARJETA',NULL),(8,62,32.00,1,'PAGO MOA',NULL),(8,63,26.00,1,'TARJETA',NULL),(8,64,49.00,1,'PAGO MOA',NULL),(8,65,50.00,1,'TARJETA',NULL),(8,66,39.00,1,'PAGO MOA',NULL),(8,67,21.00,1,'TARJETA',NULL),(8,68,20.00,1,'PAGO MOA',NULL),(8,69,9.00,1,'PAGO MOA',NULL),(8,70,6.00,1,'PAGO MOA',NULL),(8,71,22.00,1,'PAGO MOA',NULL),(8,72,30.00,1,'TARJETA',NULL),(8,73,6.00,1,'TARJETA',NULL),(8,74,42.00,1,'TARJETA',NULL),(8,75,16.00,1,'TARJETA',NULL),(8,76,27.00,1,'PAGO MOA',NULL),(8,77,45.00,1,'PAGO MOA',NULL),(8,78,8.00,1,'PAGO MOA',NULL),(8,79,28.00,1,'TARJETA',NULL),(8,80,19.00,1,'PAGO MOA',NULL),(8,81,6.00,1,'TARJETA',NULL),(8,82,46.00,1,'TARJETA',NULL),(8,83,35.00,1,'PAGO MOA',NULL),(8,84,16.00,1,'PAGO MOA',NULL),(8,85,12.00,1,'PAGO MOA',NULL),(8,86,1.00,1,'TARJETA',NULL),(8,87,26.00,1,'PAGO MOA',NULL),(8,88,14.00,1,'TARJETA',NULL),(8,89,48.00,1,'PAGO MOA',NULL),(8,90,4.00,1,'PAGO MOA',NULL),(8,91,40.00,1,'PAGO MOA',NULL),(8,92,29.00,1,'TARJETA',NULL),(8,93,25.00,1,'TARJETA',NULL),(8,94,9.00,1,'PAGO MOA',NULL),(8,95,17.00,1,'PAGO MOA',NULL),(8,96,34.00,1,'PAGO MOA',NULL),(8,97,12.00,1,'TARJETA',NULL),(8,98,11.00,1,'PAGO MOA',NULL),(8,99,5.00,1,'TARJETA',NULL),(8,100,16.00,1,'TARJETA',NULL),(8,101,20.00,1,'PAGO MOA',NULL),(8,102,2.00,1,'TARJETA',NULL),(8,103,45.00,1,'PAGO MOA',NULL),(8,104,1.00,1,'PAGO MOA',NULL),(8,105,6.00,1,'TARJETA',NULL),(8,106,36.00,1,'PAGO MOA',NULL),(8,107,19.00,1,'PAGO MOA',NULL),(8,108,37.00,1,'TARJETA',NULL),(8,109,30.00,1,'PAGO MOA',NULL),(8,110,23.00,1,'TARJETA',NULL),(8,111,22.00,1,'TARJETA',NULL),(8,112,16.00,1,'PAGO MOA',NULL),(8,113,3.00,1,'TARJETA',NULL),(8,114,2.00,1,'PAGO MOA',NULL),(8,115,21.00,1,'TARJETA',NULL),(8,116,30.00,1,'PAGO MOA',NULL),(8,117,21.00,1,'TARJETA',NULL),(8,118,28.00,1,'TARJETA',NULL),(8,119,22.00,1,'TARJETA',NULL),(8,120,22.00,1,'TARJETA',NULL),(8,121,9.00,1,'TARJETA',NULL),(8,122,38.00,1,'PAGO MOA',NULL),(8,123,8.00,1,'PAGO MOA',NULL),(8,124,41.00,1,'PAGO MOA',NULL),(8,125,33.00,1,'TARJETA',NULL),(8,126,24.00,1,'TARJETA',NULL),(8,127,43.00,1,'TARJETA',NULL),(8,128,22.00,1,'PAGO MOA',NULL),(8,129,36.00,1,'TARJETA',NULL),(8,130,2.00,1,'PAGO MOA',NULL),(8,131,16.00,1,'PAGO MOA',NULL),(8,132,45.00,1,'PAGO MOA',NULL),(8,133,3.00,1,'PAGO MOA',NULL),(8,134,30.00,1,'PAGO MOA',NULL),(8,135,11.00,1,'TARJETA',NULL),(8,136,45.00,1,'PAGO MOA',NULL),(8,137,24.00,1,'TARJETA',NULL),(8,138,24.00,1,'PAGO MOA',NULL),(8,139,16.00,1,'PAGO MOA',NULL),(8,140,28.00,1,'PAGO MOA',NULL),(8,141,23.00,1,'PAGO MOA',NULL),(8,142,36.00,1,'TARJETA',NULL),(8,143,25.00,1,'TARJETA',NULL),(8,144,35.00,1,'PAGO MOA',NULL),(8,145,12.00,1,'PAGO MOA',NULL),(8,146,43.00,1,'PAGO MOA',NULL),(8,147,2.00,1,'PAGO MOA',NULL),(8,148,4.00,1,'TARJETA',NULL),(8,149,5.00,1,'PAGO MOA',NULL),(8,150,42.00,1,'TARJETA',NULL),(9,1,15.00,1,'PAGO MOA',NULL),(9,2,48.00,1,'TARJETA',NULL),(9,3,43.00,1,'TARJETA',NULL),(9,4,42.00,1,'PAGO MOA',NULL),(9,5,43.00,1,'TARJETA',NULL),(9,6,46.00,1,'TARJETA',NULL),(9,7,33.00,1,'TARJETA',NULL),(9,8,9.00,1,'PAGO MOA',NULL),(9,9,8.00,1,'PAGO MOA',NULL),(9,10,36.00,1,'PAGO MOA',NULL),(9,11,29.00,1,'PAGO MOA',NULL),(9,12,7.00,1,'TARJETA',NULL),(9,13,8.00,1,'PAGO MOA',NULL),(9,14,27.00,1,'PAGO MOA',NULL),(9,15,14.00,1,'TARJETA',NULL),(9,16,39.00,1,'PAGO MOA',NULL),(9,17,11.00,1,'TARJETA',NULL),(9,18,11.00,1,'TARJETA',NULL),(9,19,33.00,1,'TARJETA',NULL),(9,20,12.00,1,'TARJETA',NULL),(9,21,40.00,1,'PAGO MOA',NULL),(9,22,2.00,1,'TARJETA',NULL),(9,23,26.00,1,'TARJETA',NULL),(9,24,20.00,1,'PAGO MOA',NULL),(9,25,17.00,1,'PAGO MOA',NULL),(9,26,37.00,1,'PAGO MOA',NULL),(9,27,36.00,1,'PAGO MOA',NULL),(9,28,24.00,1,'TARJETA',NULL),(9,29,24.00,1,'TARJETA',NULL),(9,30,9.00,1,'TARJETA',NULL),(9,31,38.00,1,'PAGO MOA',NULL),(9,32,2.00,1,'PAGO MOA',NULL),(9,33,49.00,1,'PAGO MOA',NULL),(9,34,40.00,1,'TARJETA',NULL),(9,35,25.00,1,'PAGO MOA',NULL),(9,36,37.00,1,'TARJETA',NULL),(9,37,10.00,1,'TARJETA',NULL),(9,38,35.00,1,'TARJETA',NULL),(9,39,31.00,1,'TARJETA',NULL),(9,40,4.00,1,'PAGO MOA',NULL),(9,41,30.00,1,'TARJETA',NULL),(9,42,16.00,1,'TARJETA',NULL),(9,43,8.00,1,'TARJETA',NULL),(9,44,42.00,1,'TARJETA',NULL),(9,45,11.00,1,'TARJETA',NULL),(9,46,46.00,1,'TARJETA',NULL),(9,47,28.00,1,'TARJETA',NULL),(9,48,48.00,1,'PAGO MOA',NULL),(9,49,15.00,1,'PAGO MOA',NULL),(9,50,6.00,1,'TARJETA',NULL),(9,51,42.00,1,'PAGO MOA',NULL),(9,52,11.00,1,'PAGO MOA',NULL),(9,53,21.00,1,'TARJETA',NULL),(9,54,5.00,1,'TARJETA',NULL),(9,55,50.00,1,'PAGO MOA',NULL),(9,56,21.00,1,'TARJETA',NULL),(9,57,30.00,1,'TARJETA',NULL),(9,58,27.00,1,'TARJETA',NULL),(9,59,10.00,1,'TARJETA',NULL),(9,60,26.00,1,'PAGO MOA',NULL),(9,61,43.00,1,'PAGO MOA',NULL),(9,62,9.00,1,'TARJETA',NULL),(9,63,41.00,1,'TARJETA',NULL),(9,64,37.00,1,'PAGO MOA',NULL),(9,65,20.00,1,'PAGO MOA',NULL),(9,66,9.00,1,'PAGO MOA',NULL),(9,67,33.00,1,'TARJETA',NULL),(9,68,19.00,1,'PAGO MOA',NULL),(9,69,32.00,1,'PAGO MOA',NULL),(9,70,6.00,1,'TARJETA',NULL),(9,71,33.00,1,'TARJETA',NULL),(9,72,32.00,1,'PAGO MOA',NULL),(9,73,14.00,1,'PAGO MOA',NULL),(9,74,19.00,1,'PAGO MOA',NULL),(9,75,21.00,1,'PAGO MOA',NULL),(9,76,5.00,1,'PAGO MOA',NULL),(9,77,35.00,1,'TARJETA',NULL),(9,78,33.00,1,'PAGO MOA',NULL),(9,79,31.00,1,'TARJETA',NULL),(9,80,40.00,1,'PAGO MOA',NULL),(9,81,37.00,1,'PAGO MOA',NULL),(9,82,4.00,1,'PAGO MOA',NULL),(9,83,11.00,1,'TARJETA',NULL),(9,84,44.00,1,'TARJETA',NULL),(9,85,10.00,1,'TARJETA',NULL),(9,86,37.00,1,'PAGO MOA',NULL),(9,87,5.00,1,'TARJETA',NULL),(9,88,3.00,1,'TARJETA',NULL),(9,89,41.00,1,'PAGO MOA',NULL),(9,90,2.00,1,'TARJETA',NULL),(9,91,33.00,1,'PAGO MOA',NULL),(9,92,40.00,1,'PAGO MOA',NULL),(9,93,23.00,1,'PAGO MOA',NULL),(9,94,26.00,1,'TARJETA',NULL),(9,95,1.00,1,'TARJETA',NULL),(9,96,14.00,1,'PAGO MOA',NULL),(9,97,42.00,1,'TARJETA',NULL),(9,98,50.00,1,'TARJETA',NULL),(9,99,4.00,1,'TARJETA',NULL),(9,100,2.00,1,'PAGO MOA',NULL),(9,101,24.00,1,'PAGO MOA',NULL),(9,102,40.00,1,'PAGO MOA',NULL),(9,103,36.00,1,'TARJETA',NULL),(9,104,39.00,1,'TARJETA',NULL),(9,105,6.00,1,'TARJETA',NULL),(9,106,17.00,1,'PAGO MOA',NULL),(9,107,18.00,1,'TARJETA',NULL),(9,108,6.00,1,'PAGO MOA',NULL),(9,109,14.00,1,'TARJETA',NULL),(9,110,34.00,1,'TARJETA',NULL),(9,111,32.00,1,'TARJETA',NULL),(9,112,32.00,1,'TARJETA',NULL),(9,113,29.00,1,'TARJETA',NULL),(9,114,16.00,1,'TARJETA',NULL),(9,115,4.00,1,'TARJETA',NULL),(9,116,44.00,1,'TARJETA',NULL),(9,117,40.00,1,'TARJETA',NULL),(9,118,13.00,1,'TARJETA',NULL),(9,119,27.00,1,'PAGO MOA',NULL),(9,120,7.00,1,'TARJETA',NULL),(9,121,16.00,1,'TARJETA',NULL),(9,122,25.00,1,'PAGO MOA',NULL),(9,123,35.00,1,'TARJETA',NULL),(9,124,46.00,1,'TARJETA',NULL),(9,125,21.00,1,'TARJETA',NULL),(9,126,27.00,1,'PAGO MOA',NULL),(9,127,41.00,1,'PAGO MOA',NULL),(9,128,3.00,1,'TARJETA',NULL),(9,129,37.00,1,'TARJETA',NULL),(9,130,46.00,1,'TARJETA',NULL),(9,131,25.00,1,'PAGO MOA',NULL),(9,132,10.00,1,'TARJETA',NULL),(9,133,13.00,1,'PAGO MOA',NULL),(9,134,9.00,1,'PAGO MOA',NULL),(9,135,9.00,1,'TARJETA',NULL),(9,136,42.00,1,'PAGO MOA',NULL),(9,137,34.00,1,'TARJETA',NULL),(9,138,4.00,1,'TARJETA',NULL),(9,139,31.00,1,'PAGO MOA',NULL),(9,140,13.00,1,'PAGO MOA',NULL),(9,141,13.00,1,'PAGO MOA',NULL),(9,142,1.00,1,'TARJETA',NULL),(9,143,35.00,1,'PAGO MOA',NULL),(9,144,35.00,1,'PAGO MOA',NULL),(9,145,21.00,1,'TARJETA',NULL),(9,146,13.00,1,'PAGO MOA',NULL),(9,147,23.00,1,'PAGO MOA',NULL),(9,148,43.00,1,'TARJETA',NULL),(9,149,37.00,1,'PAGO MOA',NULL),(9,150,5.00,1,'PAGO MOA',NULL),(10,1,28.00,1,'TARJETA',NULL),(10,2,4.00,1,'PAGO MOA',NULL),(10,4,14.00,1,'TARJETA',NULL),(10,7,13.00,1,'TARJETA',NULL),(10,8,28.00,1,'PAGO MOA',NULL),(10,13,36.00,1,'PAGO MOA',NULL),(10,15,7.00,1,'PAGO MOA',NULL),(10,16,25.00,1,'PAGO MOA',NULL),(10,17,39.00,1,'PAGO MOA',NULL),(10,20,3.00,1,'PAGO MOA',NULL),(10,21,11.00,1,'TARJETA',NULL),(10,22,29.00,1,'TARJETA',NULL),(10,26,10.00,1,'TARJETA',NULL),(10,31,6.00,1,'TARJETA',NULL),(10,32,19.00,1,'TARJETA',NULL),(10,33,46.00,1,'PAGO MOA',NULL),(10,34,49.00,1,'TARJETA',NULL),(10,35,36.00,1,'PAGO MOA',NULL),(10,37,47.00,1,'PAGO MOA',NULL),(10,38,11.00,1,'PAGO MOA',NULL),(10,42,1.00,1,'TARJETA',NULL),(10,44,3.00,1,'PAGO MOA',NULL),(10,45,35.00,1,'TARJETA',NULL),(10,47,47.00,1,'PAGO MOA',NULL),(10,48,15.00,1,'PAGO MOA',NULL),(10,49,32.00,1,'PAGO MOA',NULL),(10,50,34.00,1,'PAGO MOA',NULL),(10,51,43.00,1,'PAGO MOA',NULL),(10,52,18.00,1,'TARJETA',NULL),(10,53,2.00,1,'PAGO MOA',NULL),(10,54,20.00,1,'TARJETA',NULL),(10,55,47.00,1,'PAGO MOA',NULL),(10,58,50.00,1,'PAGO MOA',NULL),(10,59,45.00,1,'TARJETA',NULL),(10,63,28.00,1,'PAGO MOA',NULL),(10,64,30.00,1,'PAGO MOA',NULL),(10,65,45.00,1,'PAGO MOA',NULL),(10,68,20.00,1,'PAGO MOA',NULL),(10,69,18.00,1,'TARJETA',NULL),(10,70,19.00,1,'TARJETA',NULL),(10,75,6.00,1,'PAGO MOA',NULL),(10,78,14.00,1,'PAGO MOA',NULL),(10,79,8.00,1,'TARJETA',NULL),(10,80,32.00,1,'PAGO MOA',NULL),(10,83,33.00,1,'TARJETA',NULL),(10,84,4.00,1,'TARJETA',NULL),(10,87,46.00,1,'TARJETA',NULL),(10,90,39.00,1,'PAGO MOA',NULL),(10,94,15.00,1,'TARJETA',NULL),(10,95,15.00,1,'PAGO MOA',NULL),(10,96,18.00,1,'TARJETA',NULL),(10,98,3.00,1,'TARJETA',NULL),(10,101,28.00,1,'TARJETA',NULL),(10,102,44.00,1,'TARJETA',NULL),(10,106,14.00,1,'PAGO MOA',NULL),(10,107,18.00,1,'TARJETA',NULL),(10,108,9.00,1,'PAGO MOA',NULL),(10,109,37.00,1,'TARJETA',NULL),(10,111,10.00,1,'PAGO MOA',NULL),(10,112,21.00,1,'TARJETA',NULL),(10,113,43.00,1,'TARJETA',NULL),(10,118,40.00,1,'PAGO MOA',NULL),(10,120,30.00,1,'PAGO MOA',NULL),(10,121,11.00,1,'PAGO MOA',NULL),(10,122,46.00,1,'PAGO MOA',NULL),(10,126,25.00,1,'PAGO MOA',NULL),(10,127,4.00,1,'PAGO MOA',NULL),(10,128,18.00,1,'PAGO MOA',NULL),(10,129,27.00,1,'PAGO MOA',NULL),(10,133,26.00,1,'TARJETA',NULL),(10,134,4.00,1,'TARJETA',NULL),(10,135,20.00,1,'TARJETA',NULL),(10,138,8.00,1,'PAGO MOA',NULL),(10,140,27.00,1,'PAGO MOA',NULL),(10,142,50.00,1,'PAGO MOA',NULL),(10,144,37.00,1,'PAGO MOA',NULL),(10,147,18.00,1,'TARJETA',NULL),(10,148,2.00,1,'TARJETA',NULL),(11,1,9.00,1,'PAGO MOA',NULL),(11,2,34.00,1,'TARJETA',NULL),(11,5,16.00,1,'TARJETA',NULL),(11,7,34.00,1,'TARJETA',NULL),(11,9,1.00,1,'PAGO MOA',NULL),(11,13,49.00,1,'PAGO MOA',NULL),(11,14,30.00,1,'PAGO MOA',NULL),(11,15,30.00,1,'TARJETA',NULL),(11,16,44.00,1,'TARJETA',NULL),(11,17,2.00,1,'PAGO MOA',NULL),(11,18,6.00,1,'TARJETA',NULL),(11,20,37.00,1,'TARJETA',NULL),(11,22,45.00,1,'PAGO MOA',NULL),(11,23,7.00,1,'PAGO MOA',NULL),(11,24,28.00,1,'PAGO MOA',NULL),(11,25,13.00,1,'TARJETA',NULL),(11,26,38.00,1,'TARJETA',NULL),(11,27,13.00,1,'TARJETA',NULL),(11,28,35.00,1,'PAGO MOA',NULL),(11,30,37.00,1,'PAGO MOA',NULL),(11,31,29.00,1,'TARJETA',NULL),(11,33,35.00,1,'TARJETA',NULL),(11,35,42.00,1,'PAGO MOA',NULL),(11,36,17.00,1,'TARJETA',NULL),(11,38,40.00,1,'PAGO MOA',NULL),(11,39,5.00,1,'TARJETA',NULL),(11,40,8.00,1,'PAGO MOA',NULL),(11,42,26.00,1,'PAGO MOA',NULL),(11,44,0.00,1,'TARJETA',NULL),(11,46,29.00,1,'TARJETA',NULL),(11,47,43.00,1,'TARJETA',NULL),(11,48,45.00,1,'PAGO MOA',NULL),(11,50,2.00,1,'TARJETA',NULL),(11,51,0.00,1,'TARJETA',NULL),(11,52,12.00,1,'TARJETA',NULL),(11,53,28.00,1,'TARJETA',NULL),(11,54,48.00,1,'PAGO MOA',NULL),(11,57,24.00,1,'PAGO MOA',NULL),(11,58,37.00,1,'TARJETA',NULL),(11,60,4.00,1,'TARJETA',NULL),(11,61,14.00,1,'PAGO MOA',NULL),(11,62,4.00,1,'PAGO MOA',NULL),(11,63,0.00,1,'TARJETA',NULL),(11,64,26.00,1,'PAGO MOA',NULL),(11,67,27.00,1,'PAGO MOA',NULL),(11,68,36.00,1,'TARJETA',NULL),(11,69,27.00,1,'TARJETA',NULL),(11,70,2.00,1,'PAGO MOA',NULL),(11,71,46.00,1,'TARJETA',NULL),(11,73,45.00,1,'PAGO MOA',NULL),(11,74,21.00,1,'TARJETA',NULL),(11,76,16.00,1,'TARJETA',NULL),(11,77,24.00,1,'PAGO MOA',NULL),(11,78,22.00,1,'TARJETA',NULL),(11,79,27.00,1,'PAGO MOA',NULL),(11,80,37.00,1,'TARJETA',NULL),(11,81,24.00,1,'PAGO MOA',NULL),(11,83,4.00,1,'TARJETA',NULL),(11,85,18.00,1,'TARJETA',NULL),(11,86,45.00,1,'PAGO MOA',NULL),(11,87,18.00,1,'PAGO MOA',NULL),(11,88,27.00,1,'PAGO MOA',NULL),(11,92,28.00,1,'PAGO MOA',NULL),(11,93,23.00,1,'PAGO MOA',NULL),(11,94,24.00,1,'PAGO MOA',NULL),(11,96,32.00,1,'TARJETA',NULL),(11,97,11.00,1,'TARJETA',NULL),(11,98,44.00,1,'TARJETA',NULL),(11,99,37.00,1,'TARJETA',NULL),(11,100,46.00,1,'PAGO MOA',NULL),(11,101,19.00,1,'TARJETA',NULL),(11,102,45.00,1,'PAGO MOA',NULL),(11,105,5.00,1,'TARJETA',NULL),(11,106,23.00,1,'PAGO MOA',NULL),(11,107,5.00,1,'TARJETA',NULL),(11,110,22.00,1,'TARJETA',NULL),(11,111,32.00,1,'PAGO MOA',NULL),(11,112,43.00,1,'TARJETA',NULL),(11,114,4.00,1,'PAGO MOA',NULL),(11,116,48.00,1,'TARJETA',NULL),(11,118,38.00,1,'TARJETA',NULL),(11,120,42.00,1,'TARJETA',NULL),(11,123,4.00,1,'TARJETA',NULL),(11,126,15.00,1,'PAGO MOA',NULL),(11,128,24.00,1,'PAGO MOA',NULL),(11,130,7.00,1,'TARJETA',NULL),(11,131,35.00,1,'PAGO MOA',NULL),(11,132,15.00,1,'TARJETA',NULL),(11,133,39.00,1,'PAGO MOA',NULL),(11,134,36.00,1,'TARJETA',NULL),(11,137,9.00,1,'TARJETA',NULL),(11,140,18.00,1,'TARJETA',NULL),(11,142,22.00,1,'PAGO MOA',NULL),(11,144,0.00,1,'TARJETA',NULL),(11,145,23.00,1,'PAGO MOA',NULL),(11,146,5.00,1,'TARJETA',NULL),(11,147,50.00,1,'PAGO MOA',NULL),(11,148,32.00,1,'TARJETA',NULL),(11,149,24.00,1,'PAGO MOA',NULL),(11,150,23.00,1,'TARJETA',NULL),(12,17,42.00,1,'TARJETA',NULL),(12,18,40.00,1,'TARJETA',NULL),(12,32,1.00,1,'PAGO MOA',NULL),(12,35,1.00,1,'PAGO MOA',NULL),(12,46,4.00,1,'PAGO MOA',NULL),(12,53,15.00,1,'PAGO MOA',NULL),(12,56,47.00,1,'TARJETA',NULL),(12,60,15.00,1,'PAGO MOA',NULL),(12,73,28.00,1,'PAGO MOA',NULL),(12,74,20.00,1,'TARJETA',NULL),(12,76,9.00,1,'PAGO MOA',NULL),(12,84,45.00,1,'PAGO MOA',NULL),(12,102,25.00,1,'PAGO MOA',NULL),(12,112,24.00,1,'PAGO MOA',NULL),(12,115,2.00,1,'TARJETA',NULL),(12,116,6.00,1,'PAGO MOA',NULL),(12,117,37.00,1,'PAGO MOA',NULL),(12,121,29.00,1,'TARJETA',NULL),(12,126,46.00,1,'TARJETA',NULL),(12,131,14.00,1,'TARJETA',NULL),(12,135,10.00,1,'PAGO MOA',NULL),(12,138,48.00,1,'PAGO MOA',NULL),(12,140,19.00,1,'PAGO MOA',NULL),(12,144,18.00,1,'PAGO MOA',NULL),(12,148,42.00,1,'TARJETA',NULL),(13,13,5.00,1,'PAGO MOA',NULL),(13,17,37.00,1,'TARJETA',NULL),(13,28,50.00,1,'PAGO MOA',NULL),(13,32,26.00,1,'TARJETA',NULL),(13,37,23.00,1,'PAGO MOA',NULL),(13,52,39.00,1,'TARJETA',NULL),(13,58,39.00,1,'TARJETA',NULL),(13,69,43.00,1,'PAGO MOA',NULL),(13,70,38.00,1,'TARJETA',NULL),(13,73,37.00,1,'TARJETA',NULL),(13,77,14.00,1,'TARJETA',NULL),(13,87,10.00,1,'TARJETA',NULL),(13,127,40.00,1,'TARJETA',NULL),(13,128,21.00,1,'PAGO MOA',NULL),(13,134,21.00,1,'PAGO MOA',NULL),(13,145,35.00,1,'PAGO MOA',NULL),(14,2,50.00,1,'PAGO MOA',NULL),(14,3,5.00,1,'PAGO MOA',NULL),(14,4,7.00,1,'TARJETA',NULL),(14,5,10.00,1,'TARJETA',NULL),(14,6,21.00,1,'TARJETA',NULL),(14,7,8.00,1,'TARJETA',NULL),(14,8,45.00,1,'TARJETA',NULL),(14,9,22.00,1,'TARJETA',NULL),(14,12,41.00,1,'TARJETA',NULL),(14,13,18.00,1,'PAGO MOA',NULL),(14,14,49.00,1,'PAGO MOA',NULL),(14,16,3.00,1,'PAGO MOA',NULL),(14,17,24.00,1,'TARJETA',NULL),(14,19,25.00,1,'TARJETA',NULL),(14,20,45.00,1,'TARJETA',NULL),(14,21,32.00,1,'PAGO MOA',NULL),(14,22,34.00,1,'TARJETA',NULL),(14,23,10.00,1,'TARJETA',NULL),(14,24,28.00,1,'TARJETA',NULL),(14,25,27.00,1,'TARJETA',NULL),(14,26,28.00,1,'TARJETA',NULL),(14,30,13.00,1,'TARJETA',NULL),(14,32,48.00,1,'TARJETA',NULL),(14,33,22.00,1,'TARJETA',NULL),(14,34,46.00,1,'PAGO MOA',NULL),(14,36,24.00,1,'TARJETA',NULL),(14,38,38.00,1,'TARJETA',NULL),(14,39,33.00,1,'TARJETA',NULL),(14,40,1.00,1,'TARJETA',NULL),(14,41,48.00,1,'PAGO MOA',NULL),(14,42,12.00,1,'PAGO MOA',NULL),(14,43,23.00,1,'PAGO MOA',NULL),(14,44,12.00,1,'TARJETA',NULL),(14,45,30.00,1,'TARJETA',NULL),(14,48,8.00,1,'PAGO MOA',NULL),(14,52,36.00,1,'TARJETA',NULL),(14,55,19.00,1,'TARJETA',NULL),(14,58,45.00,1,'PAGO MOA',NULL),(14,61,2.00,1,'PAGO MOA',NULL),(14,62,11.00,1,'TARJETA',NULL),(14,63,29.00,1,'PAGO MOA',NULL),(14,65,31.00,1,'TARJETA',NULL),(14,67,1.00,1,'TARJETA',NULL),(14,68,15.00,1,'TARJETA',NULL),(14,70,40.00,1,'PAGO MOA',NULL),(14,71,10.00,1,'PAGO MOA',NULL),(14,72,36.00,1,'TARJETA',NULL),(14,73,45.00,1,'PAGO MOA',NULL),(14,74,12.00,1,'TARJETA',NULL),(14,75,13.00,1,'TARJETA',NULL),(14,76,31.00,1,'TARJETA',NULL),(14,77,39.00,1,'PAGO MOA',NULL),(14,78,30.00,1,'TARJETA',NULL),(14,79,24.00,1,'TARJETA',NULL),(14,80,50.00,1,'TARJETA',NULL),(14,82,2.00,1,'PAGO MOA',NULL),(14,85,6.00,1,'TARJETA',NULL),(14,87,13.00,1,'TARJETA',NULL),(14,88,29.00,1,'TARJETA',NULL),(14,90,14.00,1,'TARJETA',NULL),(14,92,17.00,1,'PAGO MOA',NULL),(14,95,29.00,1,'TARJETA',NULL),(14,96,32.00,1,'TARJETA',NULL),(14,98,38.00,1,'PAGO MOA',NULL),(14,99,47.00,1,'TARJETA',NULL),(14,103,24.00,1,'TARJETA',NULL),(14,104,14.00,1,'TARJETA',NULL),(14,105,14.00,1,'PAGO MOA',NULL),(14,106,16.00,1,'PAGO MOA',NULL),(14,107,19.00,1,'PAGO MOA',NULL),(14,108,15.00,1,'PAGO MOA',NULL),(14,112,16.00,1,'PAGO MOA',NULL),(14,113,39.00,1,'PAGO MOA',NULL),(14,114,47.00,1,'TARJETA',NULL),(14,119,28.00,1,'PAGO MOA',NULL),(14,120,18.00,1,'TARJETA',NULL),(14,122,28.00,1,'PAGO MOA',NULL),(14,123,25.00,1,'TARJETA',NULL),(14,124,23.00,1,'PAGO MOA',NULL),(14,126,3.00,1,'PAGO MOA',NULL),(14,127,25.00,1,'TARJETA',NULL),(14,128,2.00,1,'TARJETA',NULL),(14,129,47.00,1,'TARJETA',NULL),(14,130,25.00,1,'TARJETA',NULL),(14,131,30.00,1,'PAGO MOA',NULL),(14,132,10.00,1,'PAGO MOA',NULL),(14,136,37.00,1,'TARJETA',NULL),(14,138,6.00,1,'PAGO MOA',NULL),(14,139,48.00,1,'TARJETA',NULL),(14,140,3.00,1,'TARJETA',NULL),(14,141,6.00,1,'PAGO MOA',NULL),(14,142,50.00,1,'TARJETA',NULL),(14,144,26.00,1,'TARJETA',NULL),(14,146,41.00,1,'PAGO MOA',NULL),(14,147,4.00,1,'PAGO MOA',NULL),(14,148,25.00,1,'PAGO MOA',NULL),(14,150,18.00,1,'TARJETA',NULL),(15,1,33.00,1,'PAGO MOA',NULL),(15,2,38.00,1,'TARJETA',NULL),(15,3,41.00,1,'TARJETA',NULL),(15,4,7.00,1,'TARJETA',NULL),(15,5,13.00,1,'PAGO MOA',NULL),(15,6,34.00,1,'TARJETA',NULL),(15,7,32.00,1,'TARJETA',NULL),(15,8,1.00,1,'TARJETA',NULL),(15,9,48.00,1,'PAGO MOA',NULL),(15,10,32.00,1,'TARJETA',NULL),(15,11,19.00,1,'TARJETA',NULL),(15,12,13.00,1,'TARJETA',NULL),(15,13,16.00,1,'PAGO MOA',NULL),(15,14,39.00,1,'TARJETA',NULL),(15,15,26.00,1,'PAGO MOA',NULL),(15,16,22.00,1,'TARJETA',NULL),(15,17,23.00,1,'PAGO MOA',NULL),(15,18,37.00,1,'TARJETA',NULL),(15,19,10.00,1,'PAGO MOA',NULL),(15,20,43.00,1,'PAGO MOA',NULL),(15,21,34.00,1,'PAGO MOA',NULL),(15,22,10.00,1,'TARJETA',NULL),(15,23,50.00,1,'TARJETA',NULL),(15,24,41.00,1,'TARJETA',NULL),(15,25,46.00,1,'PAGO MOA',NULL),(15,26,3.00,1,'TARJETA',NULL),(15,27,41.00,1,'PAGO MOA',NULL),(15,28,2.00,1,'PAGO MOA',NULL),(15,29,32.00,1,'PAGO MOA',NULL),(15,30,8.00,1,'TARJETA',NULL),(15,31,36.00,1,'TARJETA',NULL),(15,32,8.00,1,'TARJETA',NULL),(15,33,50.00,1,'TARJETA',NULL),(15,34,39.00,1,'TARJETA',NULL),(15,35,0.00,1,'PAGO MOA',NULL),(15,36,35.00,1,'TARJETA',NULL),(15,37,11.00,1,'PAGO MOA',NULL),(15,38,33.00,1,'PAGO MOA',NULL),(15,39,13.00,1,'TARJETA',NULL),(15,40,25.00,1,'PAGO MOA',NULL),(15,41,33.00,1,'PAGO MOA',NULL),(15,42,45.00,1,'TARJETA',NULL),(15,43,29.00,1,'PAGO MOA',NULL),(15,44,31.00,1,'PAGO MOA',NULL),(15,45,22.00,1,'TARJETA',NULL),(15,46,5.00,1,'PAGO MOA',NULL),(15,47,34.00,1,'TARJETA',NULL),(15,48,37.00,1,'TARJETA',NULL),(15,49,22.00,1,'PAGO MOA',NULL),(15,50,7.00,1,'PAGO MOA',NULL),(15,51,2.00,1,'TARJETA',NULL),(15,52,31.00,1,'PAGO MOA',NULL),(15,53,43.00,1,'TARJETA',NULL),(15,54,13.00,1,'PAGO MOA',NULL),(15,55,46.00,1,'TARJETA',NULL),(15,56,35.00,1,'TARJETA',NULL),(15,57,5.00,1,'PAGO MOA',NULL),(15,58,26.00,1,'PAGO MOA',NULL),(15,59,27.00,1,'PAGO MOA',NULL),(15,60,9.00,1,'PAGO MOA',NULL),(15,61,7.00,1,'PAGO MOA',NULL),(15,62,10.00,1,'TARJETA',NULL),(15,63,47.00,1,'PAGO MOA',NULL),(15,64,13.00,1,'TARJETA',NULL),(15,65,37.00,1,'TARJETA',NULL),(15,66,19.00,1,'PAGO MOA',NULL),(15,67,26.00,1,'PAGO MOA',NULL),(15,68,19.00,1,'PAGO MOA',NULL),(15,69,0.00,1,'PAGO MOA',NULL),(15,70,6.00,1,'PAGO MOA',NULL),(15,71,16.00,1,'PAGO MOA',NULL),(15,72,33.00,1,'PAGO MOA',NULL),(15,73,20.00,1,'PAGO MOA',NULL),(15,74,3.00,1,'TARJETA',NULL),(15,75,47.00,1,'TARJETA',NULL),(15,76,15.00,1,'PAGO MOA',NULL),(15,77,9.00,1,'PAGO MOA',NULL),(15,78,48.00,1,'PAGO MOA',NULL),(15,79,20.00,1,'PAGO MOA',NULL),(15,80,36.00,1,'TARJETA',NULL),(15,81,33.00,1,'PAGO MOA',NULL),(15,82,22.00,1,'TARJETA',NULL),(15,83,42.00,1,'PAGO MOA',NULL),(15,84,12.00,1,'TARJETA',NULL),(15,85,30.00,1,'PAGO MOA',NULL),(15,86,23.00,1,'PAGO MOA',NULL),(15,87,5.00,1,'TARJETA',NULL),(15,88,50.00,1,'TARJETA',NULL),(15,89,40.00,1,'TARJETA',NULL),(15,90,19.00,1,'TARJETA',NULL),(15,91,2.00,1,'PAGO MOA',NULL),(15,92,5.00,1,'PAGO MOA',NULL),(15,93,31.00,1,'PAGO MOA',NULL),(15,94,50.00,1,'PAGO MOA',NULL),(15,95,37.00,1,'TARJETA',NULL),(15,96,20.00,1,'PAGO MOA',NULL),(15,97,21.00,1,'TARJETA',NULL),(15,98,45.00,1,'PAGO MOA',NULL),(15,99,28.00,1,'TARJETA',NULL),(15,100,3.00,1,'PAGO MOA',NULL),(15,101,49.00,1,'TARJETA',NULL),(15,102,41.00,1,'TARJETA',NULL),(15,103,30.00,1,'TARJETA',NULL),(15,104,8.00,1,'TARJETA',NULL),(15,105,32.00,1,'TARJETA',NULL),(15,106,29.00,1,'PAGO MOA',NULL),(15,107,28.00,1,'PAGO MOA',NULL),(15,108,5.00,1,'PAGO MOA',NULL),(15,109,7.00,1,'TARJETA',NULL),(15,110,37.00,1,'TARJETA',NULL),(15,111,26.00,1,'PAGO MOA',NULL),(15,112,37.00,1,'TARJETA',NULL),(15,113,21.00,1,'TARJETA',NULL),(15,114,13.00,1,'PAGO MOA',NULL),(15,115,42.00,1,'PAGO MOA',NULL),(15,116,10.00,1,'PAGO MOA',NULL),(15,117,41.00,1,'PAGO MOA',NULL),(15,118,6.00,1,'TARJETA',NULL),(15,119,50.00,1,'TARJETA',NULL),(15,120,23.00,1,'PAGO MOA',NULL),(15,121,41.00,1,'PAGO MOA',NULL),(15,122,45.00,1,'PAGO MOA',NULL),(15,123,4.00,1,'TARJETA',NULL),(15,124,36.00,1,'TARJETA',NULL),(15,125,9.00,1,'TARJETA',NULL),(15,126,10.00,1,'TARJETA',NULL),(15,127,19.00,1,'TARJETA',NULL),(15,128,40.00,1,'PAGO MOA',NULL),(15,129,3.00,1,'PAGO MOA',NULL),(15,130,11.00,1,'PAGO MOA',NULL),(15,131,6.00,1,'TARJETA',NULL),(15,132,22.00,1,'PAGO MOA',NULL),(15,133,41.00,1,'TARJETA',NULL),(15,134,15.00,1,'TARJETA',NULL),(15,135,29.00,1,'TARJETA',NULL),(15,136,33.00,1,'TARJETA',NULL),(15,137,8.00,1,'PAGO MOA',NULL),(15,138,28.00,1,'PAGO MOA',NULL),(15,139,31.00,1,'PAGO MOA',NULL),(15,140,36.00,1,'PAGO MOA',NULL),(15,141,37.00,1,'TARJETA',NULL),(15,142,20.00,1,'TARJETA',NULL),(15,143,21.00,1,'PAGO MOA',NULL),(15,144,29.00,1,'PAGO MOA',NULL),(15,145,18.00,1,'TARJETA',NULL),(15,146,48.00,1,'PAGO MOA',NULL),(15,147,11.00,1,'TARJETA',NULL),(15,148,27.00,1,'TARJETA',NULL),(15,149,16.00,1,'TARJETA',NULL),(15,150,9.00,1,'PAGO MOA',NULL),(16,1,36.00,1,'TARJETA',NULL),(16,2,24.00,1,'TARJETA',NULL),(16,3,17.00,1,'TARJETA',NULL),(16,4,2.00,1,'TARJETA',NULL),(16,5,6.00,1,'PAGO MOA',NULL),(16,6,27.00,1,'TARJETA',NULL),(16,7,41.00,1,'PAGO MOA',NULL),(16,8,9.00,1,'PAGO MOA',NULL),(16,9,31.00,1,'TARJETA',NULL),(16,10,31.00,1,'TARJETA',NULL),(16,11,17.00,1,'TARJETA',NULL),(16,12,13.00,1,'PAGO MOA',NULL),(16,13,23.00,1,'PAGO MOA',NULL),(16,14,29.00,1,'TARJETA',NULL),(16,15,13.00,1,'PAGO MOA',NULL),(16,16,32.00,1,'TARJETA',NULL),(16,17,18.00,1,'TARJETA',NULL),(16,18,17.00,1,'PAGO MOA',NULL),(16,19,9.00,1,'PAGO MOA',NULL),(16,20,17.00,1,'TARJETA',NULL),(16,21,8.00,1,'TARJETA',NULL),(16,22,40.00,1,'PAGO MOA',NULL),(16,23,33.00,1,'PAGO MOA',NULL),(16,24,34.00,1,'TARJETA',NULL),(16,25,13.00,1,'PAGO MOA',NULL),(16,26,8.00,1,'TARJETA',NULL),(16,27,21.00,1,'TARJETA',NULL),(16,28,31.00,1,'PAGO MOA',NULL),(16,29,30.00,1,'TARJETA',NULL),(16,30,23.00,1,'TARJETA',NULL),(16,31,26.00,1,'TARJETA',NULL),(16,32,38.00,1,'TARJETA',NULL),(16,33,37.00,1,'PAGO MOA',NULL),(16,34,40.00,1,'PAGO MOA',NULL),(16,35,23.00,1,'TARJETA',NULL),(16,36,38.00,1,'PAGO MOA',NULL),(16,37,22.00,1,'PAGO MOA',NULL),(16,38,35.00,1,'PAGO MOA',NULL),(16,39,45.00,1,'TARJETA',NULL),(16,40,18.00,1,'TARJETA',NULL),(16,41,0.00,1,'PAGO MOA',NULL),(16,42,25.00,1,'PAGO MOA',NULL),(16,43,7.00,1,'PAGO MOA',NULL),(16,44,7.00,1,'PAGO MOA',NULL),(16,45,19.00,1,'TARJETA',NULL),(16,46,11.00,1,'PAGO MOA',NULL),(16,47,7.00,1,'PAGO MOA',NULL),(16,48,47.00,1,'TARJETA',NULL),(16,49,46.00,1,'PAGO MOA',NULL),(16,50,10.00,1,'PAGO MOA',NULL),(16,51,43.00,1,'TARJETA',NULL),(16,52,16.00,1,'TARJETA',NULL),(16,53,49.00,1,'TARJETA',NULL),(16,54,25.00,1,'PAGO MOA',NULL),(16,55,44.00,1,'PAGO MOA',NULL),(16,56,0.00,1,'TARJETA',NULL),(16,57,49.00,1,'PAGO MOA',NULL),(16,58,19.00,1,'TARJETA',NULL),(16,59,37.00,1,'TARJETA',NULL),(16,60,6.00,1,'PAGO MOA',NULL),(16,61,38.00,1,'TARJETA',NULL),(16,62,17.00,1,'PAGO MOA',NULL),(16,63,33.00,1,'PAGO MOA',NULL),(16,64,44.00,1,'TARJETA',NULL),(16,65,45.00,1,'PAGO MOA',NULL),(16,66,46.00,1,'TARJETA',NULL),(16,67,4.00,1,'TARJETA',NULL),(16,68,7.00,1,'TARJETA',NULL),(16,69,25.00,1,'TARJETA',NULL),(16,70,3.00,1,'TARJETA',NULL),(16,71,10.00,1,'TARJETA',NULL),(16,72,36.00,1,'TARJETA',NULL),(16,73,38.00,1,'TARJETA',NULL),(16,74,25.00,1,'PAGO MOA',NULL),(16,75,26.00,1,'PAGO MOA',NULL),(16,76,15.00,1,'TARJETA',NULL),(16,77,21.00,1,'PAGO MOA',NULL),(16,78,10.00,1,'TARJETA',NULL),(16,79,17.00,1,'PAGO MOA',NULL),(16,80,17.00,1,'TARJETA',NULL),(16,81,49.00,1,'TARJETA',NULL),(16,82,32.00,1,'TARJETA',NULL),(16,83,0.00,1,'TARJETA',NULL),(16,84,38.00,1,'TARJETA',NULL),(16,85,10.00,1,'PAGO MOA',NULL),(16,86,16.00,1,'TARJETA',NULL),(16,87,27.00,1,'PAGO MOA',NULL),(16,88,15.00,1,'TARJETA',NULL),(16,89,49.00,1,'TARJETA',NULL),(16,90,18.00,1,'TARJETA',NULL),(16,91,31.00,1,'PAGO MOA',NULL),(16,92,34.00,1,'PAGO MOA',NULL),(16,93,41.00,1,'PAGO MOA',NULL),(16,94,0.00,1,'PAGO MOA',NULL),(16,95,29.00,1,'PAGO MOA',NULL),(16,96,14.00,1,'PAGO MOA',NULL),(16,97,48.00,1,'TARJETA',NULL),(16,98,18.00,1,'TARJETA',NULL),(16,99,13.00,1,'TARJETA',NULL),(16,100,7.00,1,'TARJETA',NULL),(16,101,19.00,1,'TARJETA',NULL),(16,102,4.00,1,'PAGO MOA',NULL),(16,103,8.00,1,'PAGO MOA',NULL),(16,104,32.00,1,'PAGO MOA',NULL),(16,105,21.00,1,'PAGO MOA',NULL),(16,106,42.00,1,'PAGO MOA',NULL),(16,107,2.00,1,'PAGO MOA',NULL),(16,108,24.00,1,'PAGO MOA',NULL),(16,109,17.00,1,'PAGO MOA',NULL),(16,110,42.00,1,'TARJETA',NULL),(16,111,46.00,1,'TARJETA',NULL),(16,112,39.00,1,'PAGO MOA',NULL),(16,113,22.00,1,'PAGO MOA',NULL),(16,114,29.00,1,'TARJETA',NULL),(16,115,30.00,1,'PAGO MOA',NULL),(16,116,36.00,1,'PAGO MOA',NULL),(16,117,35.00,1,'TARJETA',NULL),(16,118,33.00,1,'TARJETA',NULL),(16,119,38.00,1,'TARJETA',NULL),(16,120,3.00,1,'TARJETA',NULL),(16,121,34.00,1,'TARJETA',NULL),(16,122,22.00,1,'TARJETA',NULL),(16,123,50.00,1,'PAGO MOA',NULL),(16,124,43.00,1,'TARJETA',NULL),(16,125,25.00,1,'TARJETA',NULL),(16,126,34.00,1,'PAGO MOA',NULL),(16,127,29.00,1,'PAGO MOA',NULL),(16,128,3.00,1,'PAGO MOA',NULL),(16,129,32.00,1,'PAGO MOA',NULL),(16,130,45.00,1,'TARJETA',NULL),(16,131,14.00,1,'TARJETA',NULL),(16,132,39.00,1,'TARJETA',NULL),(16,133,30.00,1,'TARJETA',NULL),(16,134,25.00,1,'PAGO MOA',NULL),(16,135,37.00,1,'TARJETA',NULL),(16,136,24.00,1,'TARJETA',NULL),(16,137,3.00,1,'TARJETA',NULL),(16,138,16.00,1,'TARJETA',NULL),(16,139,31.00,1,'PAGO MOA',NULL),(16,140,27.00,1,'PAGO MOA',NULL),(16,141,35.00,1,'PAGO MOA',NULL),(16,142,8.00,1,'TARJETA',NULL),(16,143,35.00,1,'PAGO MOA',NULL),(16,144,49.00,1,'PAGO MOA',NULL),(16,145,49.00,1,'PAGO MOA',NULL),(16,146,2.00,1,'PAGO MOA',NULL),(16,147,9.00,1,'TARJETA',NULL),(16,148,45.00,1,'PAGO MOA',NULL),(16,149,9.00,1,'PAGO MOA',NULL),(16,150,40.00,1,'PAGO MOA',NULL);
/*!40000 ALTER TABLE `inscripciones` ENABLE KEYS */;
UNLOCK TABLES;

--
-- Table structure for table `model_has_roles`
--

DROP TABLE IF EXISTS `model_has_roles`;
/*!40101 SET @saved_cs_client     = @@character_set_client */;
/*!50503 SET character_set_client = utf8mb4 */;
CREATE TABLE `model_has_roles` (
  `role_id` bigint(20) unsigned NOT NULL,
  `model_type` varchar(255) NOT NULL,
  `model_id` bigint(20) unsigned NOT NULL,
  PRIMARY KEY (`role_id`,`model_id`,`model_type`),
  KEY `model_has_roles_model_id_model_type_index` (`model_id`,`model_type`),
  CONSTRAINT `model_has_roles_role_id_foreign` FOREIGN KEY (`role_id`) REFERENCES `roles` (`id`) ON DELETE CASCADE
) ENGINE=InnoDB DEFAULT CHARSET=utf8mb4 COLLATE=utf8mb4_unicode_ci;
/*!40101 SET character_set_client = @saved_cs_client */;

--
-- Dumping data for table `model_has_roles`
--

LOCK TABLES `model_has_roles` WRITE;
/*!40000 ALTER TABLE `model_has_roles` DISABLE KEYS */;
INSERT INTO `model_has_roles` VALUES (1,'App\\Models\\Usuario',1),(2,'App\\Models\\Usuario',2),(2,'App\\Models\\Usuario',3),(2,'App\\Models\\Usuario',4),(2,'App\\Models\\Usuario',5),(2,'App\\Models\\Usuario',6),(3,'App\\Models\\Usuario',7),(3,'App\\Models\\Usuario',8),(3,'App\\Models\\Usuario',9),(3,'App\\Models\\Usuario',10),(3,'App\\Models\\Usuario',11),(3,'App\\Models\\Usuario',12),(3,'App\\Models\\Usuario',13),(3,'App\\Models\\Usuario',14),(3,'App\\Models\\Usuario',15),(3,'App\\Models\\Usuario',16),(3,'App\\Models\\Usuario',17),(3,'App\\Models\\Usuario',18),(3,'App\\Models\\Usuario',19),(3,'App\\Models\\Usuario',20),(3,'App\\Models\\Usuario',21),(3,'App\\Models\\Usuario',22),(3,'App\\Models\\Usuario',23),(3,'App\\Models\\Usuario',24),(3,'App\\Models\\Usuario',25),(3,'App\\Models\\Usuario',26),(3,'App\\Models\\Usuario',27),(3,'App\\Models\\Usuario',28),(3,'App\\Models\\Usuario',29),(3,'App\\Models\\Usuario',30),(3,'App\\Models\\Usuario',31),(3,'App\\Models\\Usuario',32),(3,'App\\Models\\Usuario',33),(3,'App\\Models\\Usuario',34),(3,'App\\Models\\Usuario',35),(3,'App\\Models\\Usuario',36),(3,'App\\Models\\Usuario',37),(3,'App\\Models\\Usuario',38),(3,'App\\Models\\Usuario',39),(3,'App\\Models\\Usuario',40),(3,'App\\Models\\Usuario',41),(3,'App\\Models\\Usuario',42),(3,'App\\Models\\Usuario',43),(3,'App\\Models\\Usuario',44),(3,'App\\Models\\Usuario',45),(3,'App\\Models\\Usuario',46),(3,'App\\Models\\Usuario',47),(3,'App\\Models\\Usuario',48),(3,'App\\Models\\Usuario',49),(3,'App\\Models\\Usuario',50),(3,'App\\Models\\Usuario',51),(3,'App\\Models\\Usuario',52),(3,'App\\Models\\Usuario',53),(3,'App\\Models\\Usuario',54),(3,'App\\Models\\Usuario',55),(3,'App\\Models\\Usuario',56),(3,'App\\Models\\Usuario',57),(3,'App\\Models\\Usuario',58),(3,'App\\Models\\Usuario',59),(3,'App\\Models\\Usuario',60),(3,'App\\Models\\Usuario',61),(3,'App\\Models\\Usuario',62),(3,'App\\Models\\Usuario',63),(3,'App\\Models\\Usuario',64),(3,'App\\Models\\Usuario',65),(3,'App\\Models\\Usuario',66),(3,'App\\Models\\Usuario',67),(3,'App\\Models\\Usuario',68),(3,'App\\Models\\Usuario',69),(3,'App\\Models\\Usuario',70),(3,'App\\Models\\Usuario',71),(3,'App\\Models\\Usuario',72),(3,'App\\Models\\Usuario',73),(3,'App\\Models\\Usuario',74),(3,'App\\Models\\Usuario',75),(3,'App\\Models\\Usuario',76),(3,'App\\Models\\Usuario',77),(3,'App\\Models\\Usuario',78),(3,'App\\Models\\Usuario',79),(3,'App\\Models\\Usuario',80),(3,'App\\Models\\Usuario',81),(3,'App\\Models\\Usuario',82),(3,'App\\Models\\Usuario',83),(3,'App\\Models\\Usuario',84),(3,'App\\Models\\Usuario',85),(3,'App\\Models\\Usuario',86),(3,'App\\Models\\Usuario',87),(3,'App\\Models\\Usuario',88),(3,'App\\Models\\Usuario',89),(3,'App\\Models\\Usuario',90),(3,'App\\Models\\Usuario',91),(3,'App\\Models\\Usuario',92),(3,'App\\Models\\Usuario',93),(3,'App\\Models\\Usuario',94),(3,'App\\Models\\Usuario',95),(3,'App\\Models\\Usuario',96),(3,'App\\Models\\Usuario',97),(3,'App\\Models\\Usuario',98),(3,'App\\Models\\Usuario',99),(3,'App\\Models\\Usuario',100),(3,'App\\Models\\Usuario',101),(3,'App\\Models\\Usuario',102),(3,'App\\Models\\Usuario',103),(3,'App\\Models\\Usuario',104),(3,'App\\Models\\Usuario',105),(3,'App\\Models\\Usuario',106),(3,'App\\Models\\Usuario',107),(3,'App\\Models\\Usuario',108),(3,'App\\Models\\Usuario',109),(3,'App\\Models\\Usuario',110),(3,'App\\Models\\Usuario',111),(3,'App\\Models\\Usuario',112),(3,'App\\Models\\Usuario',113),(3,'App\\Models\\Usuario',114),(3,'App\\Models\\Usuario',115),(3,'App\\Models\\Usuario',116),(3,'App\\Models\\Usuario',117),(3,'App\\Models\\Usuario',118),(3,'App\\Models\\Usuario',119),(3,'App\\Models\\Usuario',120),(3,'App\\Models\\Usuario',121),(3,'App\\Models\\Usuario',122),(3,'App\\Models\\Usuario',123),(3,'App\\Models\\Usuario',124),(3,'App\\Models\\Usuario',125),(3,'App\\Models\\Usuario',126),(3,'App\\Models\\Usuario',127),(3,'App\\Models\\Usuario',128),(3,'App\\Models\\Usuario',129),(3,'App\\Models\\Usuario',130),(3,'App\\Models\\Usuario',131),(3,'App\\Models\\Usuario',132),(3,'App\\Models\\Usuario',133),(3,'App\\Models\\Usuario',134),(3,'App\\Models\\Usuario',135),(3,'App\\Models\\Usuario',136),(3,'App\\Models\\Usuario',137),(3,'App\\Models\\Usuario',138),(3,'App\\Models\\Usuario',139),(3,'App\\Models\\Usuario',140),(3,'App\\Models\\Usuario',141),(3,'App\\Models\\Usuario',142),(3,'App\\Models\\Usuario',143),(3,'App\\Models\\Usuario',144),(3,'App\\Models\\Usuario',145),(3,'App\\Models\\Usuario',146),(3,'App\\Models\\Usuario',147),(3,'App\\Models\\Usuario',148),(3,'App\\Models\\Usuario',149),(3,'App\\Models\\Usuario',150),(3,'App\\Models\\Usuario',151),(3,'App\\Models\\Usuario',152),(3,'App\\Models\\Usuario',153),(3,'App\\Models\\Usuario',154),(3,'App\\Models\\Usuario',155),(3,'App\\Models\\Usuario',156),(3,'App\\Models\\Usuario',157),(3,'App\\Models\\Usuario',158),(3,'App\\Models\\Usuario',159),(3,'App\\Models\\Usuario',160),(3,'App\\Models\\Usuario',161),(3,'App\\Models\\Usuario',162),(3,'App\\Models\\Usuario',163),(3,'App\\Models\\Usuario',164),(3,'App\\Models\\Usuario',165),(3,'App\\Models\\Usuario',166),(3,'App\\Models\\Usuario',167),(3,'App\\Models\\Usuario',168),(3,'App\\Models\\Usuario',169),(3,'App\\Models\\Usuario',170),(3,'App\\Models\\Usuario',171),(3,'App\\Models\\Usuario',172),(3,'App\\Models\\Usuario',173),(3,'App\\Models\\Usuario',174),(3,'App\\Models\\Usuario',175),(3,'App\\Models\\Usuario',176),(3,'App\\Models\\Usuario',177),(3,'App\\Models\\Usuario',178),(3,'App\\Models\\Usuario',179),(3,'App\\Models\\Usuario',180),(3,'App\\Models\\Usuario',181),(3,'App\\Models\\Usuario',182),(3,'App\\Models\\Usuario',183),(3,'App\\Models\\Usuario',184),(3,'App\\Models\\Usuario',185),(3,'App\\Models\\Usuario',186),(3,'App\\Models\\Usuario',187),(3,'App\\Models\\Usuario',188),(3,'App\\Models\\Usuario',189),(3,'App\\Models\\Usuario',190),(3,'App\\Models\\Usuario',191),(3,'App\\Models\\Usuario',192),(3,'App\\Models\\Usuario',193),(3,'App\\Models\\Usuario',194),(3,'App\\Models\\Usuario',195),(3,'App\\Models\\Usuario',196),(3,'App\\Models\\Usuario',197),(3,'App\\Models\\Usuario',198),(3,'App\\Models\\Usuario',199),(3,'App\\Models\\Usuario',200),(3,'App\\Models\\Usuario',201),(3,'App\\Models\\Usuario',202),(3,'App\\Models\\Usuario',203),(3,'App\\Models\\Usuario',204),(3,'App\\Models\\Usuario',205),(3,'App\\Models\\Usuario',206),(3,'App\\Models\\Usuario',207),(3,'App\\Models\\Usuario',208),(3,'App\\Models\\Usuario',209),(3,'App\\Models\\Usuario',210),(3,'App\\Models\\Usuario',211),(3,'App\\Models\\Usuario',212),(3,'App\\Models\\Usuario',213),(3,'App\\Models\\Usuario',214),(3,'App\\Models\\Usuario',215),(3,'App\\Models\\Usuario',216),(3,'App\\Models\\Usuario',217),(3,'App\\Models\\Usuario',218),(3,'App\\Models\\Usuario',219),(3,'App\\Models\\Usuario',220),(3,'App\\Models\\Usuario',221),(3,'App\\Models\\Usuario',222),(3,'App\\Models\\Usuario',223),(3,'App\\Models\\Usuario',224),(3,'App\\Models\\Usuario',225),(3,'App\\Models\\Usuario',226),(3,'App\\Models\\Usuario',227),(3,'App\\Models\\Usuario',228),(3,'App\\Models\\Usuario',229),(3,'App\\Models\\Usuario',230),(3,'App\\Models\\Usuario',231),(3,'App\\Models\\Usuario',232),(3,'App\\Models\\Usuario',233),(3,'App\\Models\\Usuario',234),(3,'App\\Models\\Usuario',235),(3,'App\\Models\\Usuario',236),(3,'App\\Models\\Usuario',237),(3,'App\\Models\\Usuario',238),(3,'App\\Models\\Usuario',239),(3,'App\\Models\\Usuario',240),(3,'App\\Models\\Usuario',241),(3,'App\\Models\\Usuario',242),(3,'App\\Models\\Usuario',243),(3,'App\\Models\\Usuario',244),(3,'App\\Models\\Usuario',245),(3,'App\\Models\\Usuario',246),(3,'App\\Models\\Usuario',247),(3,'App\\Models\\Usuario',248),(3,'App\\Models\\Usuario',249),(3,'App\\Models\\Usuario',250),(3,'App\\Models\\Usuario',251),(3,'App\\Models\\Usuario',252),(3,'App\\Models\\Usuario',253),(3,'App\\Models\\Usuario',254),(3,'App\\Models\\Usuario',255),(3,'App\\Models\\Usuario',256),(3,'App\\Models\\Usuario',257),(3,'App\\Models\\Usuario',258),(3,'App\\Models\\Usuario',259),(3,'App\\Models\\Usuario',260),(3,'App\\Models\\Usuario',261),(3,'App\\Models\\Usuario',262),(3,'App\\Models\\Usuario',263),(3,'App\\Models\\Usuario',264),(3,'App\\Models\\Usuario',265),(3,'App\\Models\\Usuario',266),(3,'App\\Models\\Usuario',267),(3,'App\\Models\\Usuario',268),(3,'App\\Models\\Usuario',269),(3,'App\\Models\\Usuario',270),(3,'App\\Models\\Usuario',271),(3,'App\\Models\\Usuario',272),(3,'App\\Models\\Usuario',273),(3,'App\\Models\\Usuario',274),(3,'App\\Models\\Usuario',275),(3,'App\\Models\\Usuario',276),(3,'App\\Models\\Usuario',277),(3,'App\\Models\\Usuario',278),(3,'App\\Models\\Usuario',279),(3,'App\\Models\\Usuario',280),(3,'App\\Models\\Usuario',281),(3,'App\\Models\\Usuario',282),(3,'App\\Models\\Usuario',283),(3,'App\\Models\\Usuario',284),(3,'App\\Models\\Usuario',285),(3,'App\\Models\\Usuario',286),(3,'App\\Models\\Usuario',287),(3,'App\\Models\\Usuario',288),(3,'App\\Models\\Usuario',289),(3,'App\\Models\\Usuario',290),(3,'App\\Models\\Usuario',291),(3,'App\\Models\\Usuario',292),(3,'App\\Models\\Usuario',293),(3,'App\\Models\\Usuario',294),(3,'App\\Models\\Usuario',295),(3,'App\\Models\\Usuario',296),(3,'App\\Models\\Usuario',297),(3,'App\\Models\\Usuario',298),(3,'App\\Models\\Usuario',299),(3,'App\\Models\\Usuario',300),(3,'App\\Models\\Usuario',301),(3,'App\\Models\\Usuario',302),(3,'App\\Models\\Usuario',303),(3,'App\\Models\\Usuario',304),(3,'App\\Models\\Usuario',305),(3,'App\\Models\\Usuario',306);
/*!40000 ALTER TABLE `model_has_roles` ENABLE KEYS */;
UNLOCK TABLES;

--
-- Table structure for table `participantes`
--

DROP TABLE IF EXISTS `participantes`;
/*!40101 SET @saved_cs_client     = @@character_set_client */;
/*!50503 SET character_set_client = utf8mb4 */;
CREATE TABLE `participantes` (
  `id` bigint(20) unsigned NOT NULL AUTO_INCREMENT,
  `nombre` varchar(100) NOT NULL,
  `apellidos` varchar(100) DEFAULT NULL,
  `fecha_nacimiento` date DEFAULT NULL,
  `pais` varchar(100) DEFAULT NULL,
  `region` varchar(100) DEFAULT NULL,
  `poblacion` varchar(100) DEFAULT NULL,
  `usuario_id` bigint(20) unsigned NOT NULL,
  PRIMARY KEY (`id`),
  KEY `participantes_usuario_id_foreign` (`usuario_id`),
  CONSTRAINT `participantes_usuario_id_foreign` FOREIGN KEY (`usuario_id`) REFERENCES `usuarios` (`id`) ON DELETE CASCADE
) ENGINE=InnoDB AUTO_INCREMENT=301 DEFAULT CHARSET=utf8mb4 COLLATE=utf8mb4_unicode_ci;
/*!40101 SET character_set_client = @saved_cs_client */;

--
-- Dumping data for table `participantes`
--

LOCK TABLES `participantes` WRITE;
/*!40000 ALTER TABLE `participantes` DISABLE KEYS */;
INSERT INTO `participantes` VALUES (1,'Víctor','Gimeno','1994-08-24','Bahamas','Ceuta','Os Serna del Mirador',7),(2,'Andrés','Martín','1998-12-16','Rumanía','Badajoz','San Olivares',8),(3,'Rayan','Puente','1982-10-05','Mauritania','Toledo','Valverde de Lemos',9),(4,'Naiara','Oliver','1990-03-31','Ecuador','Ceuta','Angulo Baja',10),(5,'Oriol','Cedillo','1986-09-09','Bulgaria','Albacete','As Gutiérrez de las Torres',11),(6,'Isabel','Barroso','1994-03-16','Rumanía','Sevilla','Gálvez de la Sierra',12),(7,'Cristina','Moya','2012-09-27','Nigeria','Valencia','Cerda del Pozo',13),(8,'Saúl','Ledesma','1973-06-03','Alemania','Toledo','L\' Simón del Barco',14),(9,'José Antonio','Pardo','2007-07-19','Catar','Cádiz','Salvador de Arriba',15),(10,'Yeray','Rentería','1998-05-26','Costa Rica','Huelva','As Sosa',16),(11,'Encarnación','Solorio','1996-01-03','Sudáfrica','Álava','Villa Tamez del Barco',17),(12,'Guillem','Córdova','1986-09-16','Túnez','Ciudad Real','Betancourt del Penedès',18),(13,'Sara','Becerra','1980-11-06','Mauritania','Valladolid','Gámez del Bages',19),(14,'Blanca','Tafoya','2009-11-07','Filipinas','Jaén','Carrasquillo de Ulla',20),(15,'Nicolás','Angulo','1997-10-17','Macedonia','Álava','Os Lovato Alta',21),(16,'Jesús','Sanabria','1995-10-02','Corea del Sur','Ciudad Real','La Villar',22),(17,'Erik','Santacruz','1975-10-25','Luxemburgo','León','Villa Villalpando',23),(18,'Nayara','Alonzo','2001-02-26','Kuwait','Cáceres','Soler del Pozo',24),(19,'Francisco Javier','Valenzuela','2011-01-17','Micronesia','Ceuta','Ruiz de las Torres',25),(20,'Ana','Cuevas','2005-08-10','Etiopía','Huelva','Villa Casanova de la Sierra',26),(21,'Paola','Pabón','2005-10-07','República Dominicana','Cáceres','Laureano de Ulla',27),(22,'Ainhoa','Mora','1980-03-19','Baréin','Córdoba','Delacrúz de San Pedro',28),(23,'José Antonio','Aguado','1997-11-19','Samoa','Segovia','Pons Alta',29),(24,'Elsa','Pascual','1987-08-18','Comoras','Illes Balears','Puente Alta',30),(25,'Alicia','Báez','1971-12-02','Benín','Albacete','Robledo de Lemos',31),(26,'Lorena','Linares','1981-04-30','Etiopía','Burgos','Las Haro Baja',32),(27,'Valentina','Valverde','2002-04-09','Eslovenia','Jaén','Benito de la Sierra',33),(28,'Jorge','Alonzo','2001-05-07','Laos','Toledo','De Jesús de la Sierra',34),(29,'Izan','Soliz','2007-04-13','Gambia','Vizcaya','L\' Sedillo',35),(30,'Izan','Ruvalcaba','1989-06-16','Grecia','Teruel','A Sarabia Medio',36),(31,'Bruno','Prado','1976-10-19','Polonia','Segovia','Nieves de Ulla',37),(32,'Francisco Javier','Rael','1979-05-29','Chad','Barcelona','Benavides de la Sierra',38),(33,'Rubén','Pozo','1976-05-09','Yibuti','Alicante','Los Toledo',39),(34,'Carlos','Pichardo','1990-11-04','Yemen','Córdoba','Vall Montero del Penedès',40),(35,'Eva','Simón','1972-03-12','Cuba','Lugo','Rentería Alta',41),(36,'Alejandra','Juan','1978-08-09','Letonia','Granada','Vall Aragón',42),(37,'Sonia','Casillas','1997-07-28','Ciudad del Vaticano','Burgos','L\' Fierro',43),(38,'Alejandra','Gámez','1983-01-02','Grecia','Guadalajara','Los Núñez del Pozo',44),(39,'Óscar','Saucedo','2006-09-28','Malaui','Madrid','Las Roldán',45),(40,'Pablo','Montero','2002-08-11','Colombia','Las Palmas','As Hidalgo del Bages',46),(41,'Izan','Nieto','2001-06-20','Italia','Ávila','La Sotelo del Mirador',47),(42,'Aitor','Carrasquillo','1971-11-21','Moldavia','Zaragoza','Los Villar de Arriba',48),(43,'Alberto','Esteban','1995-04-25','Paraguay','Teruel','El Hinojosa',49),(44,'Pablo','Torres','1998-09-28','Macedonia','Lugo','Arteaga del Puerto',50),(45,'Josefa','Esquivel','2004-07-01','Islandia','Zamora','Vázquez del Puerto',51),(46,'Nora','Mota','1993-07-15','Italia','Barcelona','L\' Villagómez del Mirador',52),(47,'Alonso','Luna','1990-03-13','Montenegro','Huesca','Bautista Alta',53),(48,'Gerard','Esteve','1977-02-06','Gambia','Toledo','Martín de Arriba',54),(49,'Diana','Griego','2003-04-22','Egipto','Sevilla','Vall Juárez',55),(50,'Blanca','Caro','1996-08-24','Bulgaria','Valladolid','Los Nieves del Barco',56),(51,'Diego','Cabello','1999-08-15','Albania','Cáceres','Las Chavarría Alta',57),(52,'Ángela','Sánchez','1982-08-30','Guinea','Jaén','Naranjo de Lemos',58),(53,'Laura','Villareal','2008-07-10','Benín','La Rioja','Rueda Baja',59),(54,'José Antonio','Jaramillo','1987-02-21','Dominica','Ceuta','González del Bages',60),(55,'Julia','Cabán','1985-12-18','Turkmenistán','Salamanca','Los Reséndez',61),(56,'Verónica','Castro','2002-12-04','Irlanda','Teruel','La Carranza del Bages',62),(57,'Juan José','Saavedra','2001-02-03','Nigeria','Almería','Vall Polo de Lemos',63),(58,'Francisco Javier','Montaño','2007-09-05','Indonesia','Palencia','Rentería de Lemos',64),(59,'Pol','Ocampo','2010-12-03','Birmania','Ciudad Real','El Requena del Pozo',65),(60,'Emilia','Puga','2009-07-19','Honduras','A Coruña','L\' Montes del Puerto',66),(61,'Daniela','Grijalva','2005-03-16','Honduras','León','Oquendo de Arriba',67),(62,'Aitana','Escudero','1990-05-03','Tailandia','La Rioja','Soler del Barco',68),(63,'Óscar','Rico','2005-06-14','Costa Rica','Almería','El Urbina',69),(64,'Mara','Pulido','1972-05-24','Togo','Valencia','Os Regalado de Lemos',70),(65,'Naia','Blasco','1976-12-20','Antigua y Barbuda','A Coruña','Andreu Medio',71),(66,'Naiara','Alvarado','2008-07-29','Namibia','Cantabria','Villa Adorno',72),(67,'Yago','Marín','1977-01-05','Mauritania','Valencia','San Luna',73),(68,'Juana','Santillán','1987-12-03','Estados Unidos de América','Ourense','Patiño de San Pedro',74),(69,'Izan','Zambrano','2012-05-15','Tonga','Ciudad Real','Jáquez de Arriba',75),(70,'Alonso','Tovar','1981-08-13','Tayikistán','Soria','Corona de Lemos',76),(71,'Ariadna','Espino','1992-03-29','Chipre','Segovia','Las Ramírez',77),(72,'Aurora','Pulido','1987-08-16','Namibia','Jaén','Márquez Alta',78),(73,'Saúl','Rangel','2004-12-04','Albania','Madrid','Las Simón',79),(74,'Pau','Hinojosa','1972-11-12','República Checa','Jaén','O Muñiz',80),(75,'Alba','Candelaria','2007-10-13','Turkmenistán','Palencia','As Gálvez',81),(76,'Noelia','Andrés','2005-05-13','Islas Marshall','Asturias','Coronado Alta',82),(77,'Jordi','Treviño','2001-10-26','Pakistán','A Coruña','La Ros',83),(78,'Pol','Zaragoza','1986-12-04','Comoras','Tarragona','A Domingo',84),(79,'Cristina','Sola','1994-11-16','Finlandia','Tarragona','Estévez del Vallès',85),(80,'Celia','Ozuna','1992-11-17','Ucrania','Navarra','Pereira de las Torres',86),(81,'Clara','Aguilar','1996-06-06','Dinamarca','Cuenca','Portillo de la Sierra',87),(82,'Beatriz','Zambrano','1970-02-17','Madagascar','Girona','O Madrigal de Lemos',88),(83,'Saúl','Vigil','1973-11-14','Seychelles','Zaragoza','San Vera de Arriba',89),(84,'Hugo','Chávez','1970-11-21','Estados Unidos de América','Melilla','A Acevedo',90),(85,'Mateo','Velásquez','1976-01-27','Samoa','Badajoz','Las Menchaca de San Pedro',91),(86,'Pol','Porras','1990-03-30','San Cristóbal y Nieves','Segovia','Barela del Penedès',92),(87,'Malak','Pons','2004-08-03','Uzbekistán','Castellón','Varela Baja',93),(88,'Martín','Dueñas','1997-02-18','Haití','Burgos','Ulloa Baja',94),(89,'Laia','Leiva','1986-12-23','Bosnia-Herzegovina','La Rioja','Vall Segura',95),(90,'Clara','Soler','2001-10-10','Filipinas','Salamanca','Villar de Arriba',96),(91,'Carla','Pantoja','1976-05-21','Fiyi','Salamanca','A Valero',97),(92,'Miguel Ángel','Villagómez','1971-08-09','Costa Rica','Girona','Vall Castro del Bages',98),(93,'Ona','Ayala','1992-02-02','Omán','Murcia','Ordóñez de la Sierra',99),(94,'Jon','Curiel','2003-05-03','Reino Unido','La Rioja','La Acosta',100),(95,'Helena','Alarcón','1974-09-20','Alemania','Barcelona','Osorio de Ulla',101),(96,'Francisco Javier','Gil','2006-03-20','Timor Oriental','Huesca','Villa Gutiérrez del Vallès',102),(97,'Eva','Salinas','1993-10-24','Dinamarca','Álava','As Serrano',103),(98,'Paula','Acevedo','2000-06-23','Botsuana','Alicante','Villa Montenegro',104),(99,'Gonzalo','Limón','1986-01-24','Mozambique','Madrid','Las Montaño del Barco',105),(100,'Pau','Barroso','1996-01-14','Montenegro','Cantabria','Crespo de Arriba',106),(101,'Eduardo','Viera','1992-09-11','Costa de Marfil','Illes Balears','Villa Ybarra',107),(102,'Biel','Madera','1984-11-30','Chile','Lugo','Nevárez de San Pedro',108),(103,'José Manuel','Roca','1979-07-18','Comoras','Sevilla','Vall Mondragón de la Sierra',109),(104,'Nadia','Estévez','1973-06-21','Ciudad del Vaticano','Valladolid','Medrano Medio',110),(105,'Miguel','Peña','1972-10-29','Baréin','A Coruña','San Vallejo de Arriba',111),(106,'Úrsula','Enríquez','1997-10-05','Ecuador','Segovia','La Benavides',112),(107,'Naiara','Castillo','1980-06-16','Samoa','Madrid','Os Malave Alta',113),(108,'Marina','Moral','1998-08-05','Brasil','La Rioja','San Dávila del Mirador',114),(109,'Diana','Rodrigo','1987-05-10','Eslovaquia','Álava','Santos de Arriba',115),(110,'Raúl','Tejeda','1981-07-13','Somalia','Lleida','Os Cepeda del Puerto',116),(111,'Saúl','Luján','2006-10-20','Chipre','Cantabria','Rodríguez del Barco',117),(112,'Alba','Mondragón','1972-01-20','Guinea','Vizcaya','As Córdoba',118),(113,'Erik','Sola','2012-04-30','Letonia','Córdoba','El Paz',119),(114,'Adrián','Valdés','1991-11-19','Belice','Castellón','Páez de las Torres',120),(115,'Alma','Jimínez','1986-08-18','Eslovaquia','Navarra','Las Segura',121),(116,'José Manuel','Araña','2005-11-06','Dominica','Lleida','Villa Robledo Baja',122),(117,'Oriol','Ceja','1988-10-24','Etiopía','Castellón','Carrasco de Lemos',123),(118,'Alberto','Ortega','2006-09-26','Togo','Huelva','El Montez del Bages',124),(119,'Luis','Vargas','1983-05-04','Hungría','Palencia','La Marroquín',125),(120,'Lola','Roque','1972-12-01','Brunéi Darusalam','Las Palmas','La Osorio',126),(121,'Teresa','Antón','1990-09-29','Siria','Guipuzkoa','Luna del Pozo',127),(122,'Aleix','Navas','1976-12-29','Birmania','Vizcaya','Las Martínez',128),(123,'Joel','Delapaz','1973-10-14','Macedonia','Granada','San Quintero del Mirador',129),(124,'Valeria','Ramos','1995-03-25','Mongolia','Cáceres','San Godínez',130),(125,'Rocío','Redondo','1972-05-05','Ruanda','Pontevedra','Centeno Baja',131),(126,'Ariadna','Ulloa','1974-11-17','Kiribati','Jaén','La Alfonso de Ulla',132),(127,'Carla','Berríos','1995-10-13','Afganistán','Ceuta','A Guajardo',133),(128,'Ángeles','Carmona','1994-08-28','Dominica','Cuenca','L\' Polo del Bages',134),(129,'Jimena','Esparza','1987-04-07','El Salvador','Valladolid','Henríquez de Lemos',135),(130,'Noelia','Llamas','1979-02-24','Yibuti','Alicante','Os Olivo del Penedès',136),(131,'Francisco Javier','Solorzano','1973-08-08','Colombia','Valencia','L\' Martínez',137),(132,'José Manuel','Paredes','1975-09-29','China','Alicante','O Lorente',138),(133,'Dario','Chavarría','1990-12-28','Comoras','Illes Balears','Vall Ceballos de las Torres',139),(134,'Unai','Carrera','2005-03-03','Vanuatu','Cáceres','Rodarte de Arriba',140),(135,'Alejandro','Fuentes','1971-03-04','Mozambique','Melilla','Córdoba del Barco',141),(136,'Yago','Oquendo','1976-12-19','Paraguay','León','L\' Esquivel Medio',142),(137,'Asier','Gamboa','1991-01-31','Ciudad del Vaticano','Castellón','Os Roybal del Mirador',143),(138,'Inés','Acosta','1978-08-18','Pakistán','Huesca','O Caldera del Pozo',144),(139,'Rayan','Mares','2003-12-14','Maldivas','Teruel','La Valdez Alta',145),(140,'Ian','Carrasquillo','1980-12-10','Tailandia','Navarra','A Alemán del Puerto',146),(141,'Ainara','Ruiz','1995-05-07','Somalia','Madrid','A Padrón del Puerto',147),(142,'Hugo','Jasso','1997-07-24','Liechtenstein','Segovia','Armendáriz de San Pedro',148),(143,'Asier','Montes','2010-02-13','Chile','Castellón','Las Toro',149),(144,'Juan José','Román','1979-11-04','Burundi','Lugo','Soria de Lemos',150),(145,'Francisca','Tirado','1970-10-27','San Marino','Cádiz','Zelaya de Arriba',151),(146,'José Manuel','Fajardo','1999-11-05','Canadá','Alicante','Vela de Arriba',152),(147,'Jaime','Sierra','1981-11-21','Emiratos Árabes Unidos','Zaragoza','Os Abrego de las Torres',153),(148,'Hugo','Palomo','1975-04-29','China','Asturias','A Correa de Arriba',154),(149,'Carlota','Carrera','1983-11-06','Países Bajos','Lleida','Zúñiga Alta',155),(150,'Olivia','Tirado','1995-11-18','Colombia','Murcia','Guillen Baja',156),(151,'Juana','Silva','1991-08-13','Costa Rica','Cádiz','Robledo Baja',157),(152,'Gonzalo','Torres','1978-08-21','Palaos','Alicante','Delao del Vallès',158),(153,'Nil','Rivero','1990-11-24','Cuba','A Coruña','El Cepeda del Vallès',159),(154,'Ángel','Matías','2002-07-18','Polonia','Ávila','Suárez de San Pedro',160),(155,'Marta','Urrutia','1996-05-08','Haití','Álava','Los Fernández',161),(156,'Nora','Vallejo','1972-08-31','Costa Rica','Valencia','San Ceballos',162),(157,'Álvaro','Luján','2007-12-02','Paraguay','Madrid','Os Rosario',163),(158,'Carla','Collado','1989-06-03','Palaos','Asturias','El Galarza Baja',164),(159,'Marcos','Cordero','1973-12-15','Honduras','Toledo','Arredondo de Arriba',165),(160,'Marcos','Almaráz','2009-03-05','Bosnia-Herzegovina','Álava','Brito Baja',166),(161,'Alex','Navarro','1987-01-19','Andorra','Salamanca','As Campos',167),(162,'Ainara','Sáenz','1991-05-15','Paraguay','Cádiz','La Menéndez de San Pedro',168),(163,'Aleix','Alicea','1999-08-24','Canadá','Las Palmas','Os Preciado de Ulla',169),(164,'Blanca','Martínez','1974-10-27','Siria','Asturias','L\' Sandoval',170),(165,'Ana Isabel','Olivárez','1976-05-11','Paraguay','Santa Cruz de Tenerife','San Grijalva del Penedès',171),(166,'Fátima','Delgado','2001-12-16','Brunéi Darusalam','Las Palmas','Vall Riojas de las Torres',172),(167,'Francisca','Concepción','1999-08-15','Mauricio','Castellón','El Alonzo',173),(168,'Leo','Quiroz','1970-05-26','Bielorrusia','Tarragona','Corral del Mirador',174),(169,'Sofía','Casado','1995-12-10','Kazajistán','Madrid','Vall Vicente',175),(170,'Noa','Del Río','1981-08-25','Uzbekistán','Girona','De la Torre de San Pedro',176),(171,'Mar','Abeyta','2012-06-14','Togo','Palencia','San Saucedo de la Sierra',177),(172,'Yago','Rincón','1972-01-16','Grecia','Ávila','Carrera del Penedès',178),(173,'Victoria','Rey','1996-11-29','Honduras','Lleida','Vall Nieves',179),(174,'Óscar','Araña','2007-11-17','Tailandia','Valencia','Arroyo de Lemos',180),(175,'Hugo','Robles','1993-10-14','Chad','Toledo','As Montemayor de la Sierra',181),(176,'Izan','Urrutia','1971-07-07','Estonia','Huelva','L\' Castellano de Lemos',182),(177,'José','Macías','1995-07-04','Dominica','Asturias','Leiva de la Sierra',183),(178,'María Carmen','Gurule','2011-10-21','Países Bajos','Valencia','Lomeli del Mirador',184),(179,'Andrés','Patiño','1982-11-04','Tayikistán','Segovia','Jiménez del Pozo',185),(180,'Fátima','Viera','1985-07-04','Afganistán','Castellón','Vall Chavarría del Pozo',186),(181,'Sofía','Esteve','1980-09-02','Sierra Leona','Barcelona','Leyva de la Sierra',187),(182,'Aitana','Osorio','1990-02-24','Zambia','Cáceres','L\' Terrazas',188),(183,'Nadia','Esteve','1992-08-10','República Centroafricana','Navarra','Baca del Bages',189),(184,'África','Méndez','2011-02-06','Serbia','Castellón','Rocha Alta',190),(185,'Clara','Rosario','2002-08-14','Bután','Salamanca','Os Rubio Medio',191),(186,'Eric','Jurado','1979-10-31','Uruguay','Ávila','O Esquibel Baja',192),(187,'Paola','Rodríguez','2007-02-02','Guatemala','Murcia','Vall Sancho de la Sierra',193),(188,'Iker','Jaramillo','1999-06-25','Tayikistán','Salamanca','Véliz del Bages',194),(189,'Mario','Covarrubias','1978-03-21','Túnez','Lleida','A Ceja',195),(190,'Raúl','Domingo','1978-12-20','Argentina','Córdoba','Arias Medio',196),(191,'Adam','Armenta','1974-02-20','República Checa','Almería','A Acuña de Arriba',197),(192,'Oriol','Baca','1981-08-31','Laos','Córdoba','Badillo del Mirador',198),(193,'Oriol','Cadena','1983-06-24','Perú','Córdoba','Las Chacón',199),(194,'Carla','Agosto','1994-08-21','Ciudad del Vaticano','Albacete','Mesa Alta',200),(195,'Álvaro','Mascareñas','1979-08-02','Ruanda','Cantabria','Las Casado',201),(196,'Rafael','Sedillo','2005-06-08','Kirguistán','Pontevedra','El Gaytán de la Sierra',202),(197,'Erik','Clemente','2008-05-10','Túnez','La Rioja','La Betancourt',203),(198,'Juan José','Álvarez','1980-08-11','Turkmenistán','A Coruña','San Perales',204),(199,'Jon','Hinojosa','1998-11-26','Corea del Norte','Toledo','Las Guevara del Penedès',205),(200,'Daniel','Tamayo','1998-10-22','Portugal','Vizcaya','El Ramos',206),(201,'Blanca','Deleón','1995-04-26','Baréin','Alicante','Piña del Vallès',207),(202,'Inmaculada','Ponce','2001-07-15','Uzbekistán','A Coruña','As Limón del Penedès',208),(203,'Noelia','Alcántar','1979-10-02','Antigua y Barbuda','Almería','San Berríos del Puerto',209),(204,'Enrique','Otero','1999-02-05','Kiribati','Huesca','Los Gil Alta',210),(205,'Rubén','Pichardo','1979-10-17','Tuvalu','Teruel','Escamilla de Lemos',211),(206,'Adrián','Rosado','1998-03-18','Ucrania','Badajoz','Lomeli del Pozo',212),(207,'Naiara','Rodrigo','1999-08-08','Barbados','Badajoz','L\' Briones',213),(208,'Sonia','Domínguez','1973-02-21','Etiopía','Valladolid','O Oliver',214),(209,'Jan','Navarro','1997-12-07','Arabia Saudí','La Rioja','As Quiñónez de la Sierra',215),(210,'Guillermo','Ballesteros','1989-09-20','Israel','Soria','El Alaniz',216),(211,'Enrique','Adame','1980-07-03','Bielorrusia','Valencia','A Blanco',217),(212,'Jimena','Caballero','1976-04-13','Dominica','Cantabria','L\' López',218),(213,'Ana Isabel','Henríquez','2010-04-14','Rusia','Córdoba','Vall Fajardo Alta',219),(214,'Sara','Gálvez','1998-11-23','Reino Unido','Zaragoza','Marroquín del Mirador',220),(215,'Manuela','Castellanos','1980-10-19','Tuvalu','Santa Cruz de Tenerife','San Echevarría',221),(216,'Carlota','Juárez','1971-05-21','Irán','Sevilla','Gaona Baja',222),(217,'Mario','Estévez','1975-03-26','Camboya','Ávila','Las Iglesias de las Torres',223),(218,'Ángel','Ávila','1973-06-12','Grecia','Teruel','Camacho de las Torres',224),(219,'Alonso','Carrión','1984-08-12','Noruega','Lugo','Cornejo del Pozo',225),(220,'Zoe','Cantú','1972-07-30','Lesoto','Jaén','Os Jaimes de San Pedro',226),(221,'Sandra','Lemus','2000-07-26','Georgia','Murcia','A Alcaráz',227),(222,'Verónica','Salcedo','2007-04-26','Nauru','Valencia','Flórez del Pozo',228),(223,'Manuel','Maestas','2012-11-26','Yibuti','Castellón','Godínez del Bages',229),(224,'José Antonio','Sáez','1984-01-30','Burundi','Toledo','La Arredondo del Vallès',230),(225,'Alonso','Gimeno','1977-06-22','Nigeria','Lugo','L\' Calvillo',231),(226,'Aitor','Vila','1977-09-04','Malasia','Huelva','Los Roca',232),(227,'Andrés','Acuña','1990-09-27','Emiratos Árabes Unidos','Ourense','Colunga Alta',233),(228,'Joel','Gamboa','1971-12-15','Turkmenistán','Navarra','Blázquez del Vallès',234),(229,'Miriam','Hernádez','1996-06-07','Rumanía','A Coruña','Barrientos de Lemos',235),(230,'Manuel','Adame','1976-01-19','Tonga','Cádiz','El Covarrubias',236),(231,'Luisa','Jaramillo','1971-04-02','Eslovaquia','Valladolid','Los Montez del Pozo',237),(232,'José','Silva','1970-04-30','Laos','Cáceres','Os Reyna del Bages',238),(233,'Rayan','Terrazas','2004-09-08','Jordania','Tarragona','Villa Bustamante de Ulla',239),(234,'Iván','Sosa','2001-06-06','Irak','Segovia','Vall Espinosa',240),(235,'Nicolás','Gallegos','2004-09-18','Serbia','Murcia','Balderas de la Sierra',241),(236,'Nerea','Cortés','1997-01-09','Liechtenstein','Córdoba','Barraza de las Torres',242),(237,'Enrique','Marco','2005-08-14','Palaos','Granada','Villa Aguayo del Pozo',243),(238,'Ander','Manzano','1970-08-19','Montenegro','Tarragona','Villa Roig del Barco',244),(239,'Francisco','Gracia','1994-04-24','Moldavia','Illes Balears','Mares Alta',245),(240,'Yago','Caldera','1988-10-01','España','Valencia','A Delgado',246),(241,'María Dolores','Lucio','1990-10-18','Egipto','Girona','A Urrutia',247),(242,'Roberto','Loya','1975-02-12','Perú','Pontevedra','Las Hernández',248),(243,'Yolanda','Roybal','1993-07-11','Burundi','Santa Cruz de Tenerife','As Pardo',249),(244,'Jesús','Guzmán','1986-07-27','Hungría','Zaragoza','La Rosales',250),(245,'Pedro','Santamaría','1991-06-30','Italia','Melilla','Morales Baja',251),(246,'Adam','Olivera','1972-01-18','Namibia','Sevilla','La Ybarra',252),(247,'Juan','Paz','1985-03-16','República Checa','León','Vall Polo',253),(248,'Marta','Adame','1977-06-22','Mónaco','Guipuzkoa','L\' Padrón del Penedès',254),(249,'Pilar','Clemente','2002-09-18','Nueva Zelanda','Santa Cruz de Tenerife','Tejeda de las Torres',255),(250,'Martina','Villalobos','1979-10-14','Chad','Cádiz','Los Díaz de las Torres',256),(251,'Arnau','Lorenzo','1998-05-19','Guinea','Almería','As Lerma',257),(252,'Roberto','Alvarado','1990-11-17','Serbia','Huesca','Zapata de San Pedro',258),(253,'Berta','Esteban','2009-05-20','Dominica','Ceuta','Os Vicente Alta',259),(254,'Nil','Silva','2012-11-25','Eritrea','Tarragona','Candelaria de Arriba',260),(255,'Pablo','Saucedo','1986-04-17','Micronesia','Guipuzkoa','Trejo del Vallès',261),(256,'Guillermo','Curiel','1998-10-21','México','Cantabria','Sola del Penedès',262),(257,'José Antonio','Calvo','1991-04-22','Jamaica','Murcia','Sepúlveda Baja',263),(258,'Álvaro','Gallegos','1992-11-01','Bosnia-Herzegovina','Santa Cruz de Tenerife','La Ozuna',264),(259,'Sandra','Pérez','2009-12-13','República Democrática del Congo','Cádiz','San Blázquez de San Pedro',265),(260,'Hugo','Tejada','1984-06-21','Guyana','Vizcaya','El Rodríguez',266),(261,'Alexia','Miguel','1992-04-21','Arabia Saudí','Lleida','San Puga del Mirador',267),(262,'Amparo','Cisneros','2009-10-04','Costa de Marfil','Castellón','Los Hidalgo',268),(263,'Aurora','Delao','1992-02-15','Barbados','Ávila','Burgos de las Torres',269),(264,'Andrés','Zapata','1982-02-05','Tayikistán','Murcia','Villa Correa de San Pedro',270),(265,'José Manuel','Domínquez','1996-08-03','Montenegro','Castellón','Vall Terrazas de las Torres',271),(266,'Antonio','Castro','1995-11-22','Suecia','Ávila','Beltrán de Lemos',272),(267,'Alejandro','Caro','1985-11-12','Trinidad y Tobago','Jaén','Os Negrete de Ulla',273),(268,'Ander','Alvarado','1973-12-31','Bután','Murcia','Vall Avilés',274),(269,'Fernando','Girón','2006-06-16','San Cristóbal y Nieves','Girona','L\' Gutiérrez de San Pedro',275),(270,'Biel','Mascareñas','1972-11-27','Botsuana','Cuenca','Os Balderas',276),(271,'Alberto','Cerda','1992-05-19','Guatemala','Zaragoza','A Quiroz',277),(272,'Esther','Gaytán','1992-03-11','Sudáfrica','Álava','Villa Ávila del Penedès',278),(273,'Unai','Barela','1982-11-18','Nigeria','Murcia','O Rangel',279),(274,'Mateo','Casas','1973-02-17','Ghana','Granada','Costa Alta',280),(275,'Raúl','Sola','1978-01-09','Nepal','Huelva','Alcaráz Baja',281),(276,'Irene','Benavides','2000-05-13','Comoras','Alicante','Vall Soler del Pozo',282),(277,'Manuela','Barela','1977-09-15','Papúa Nueva Guinea','Toledo','Villa Hernándes',283),(278,'Luna','Santillán','1992-08-11','Turkmenistán','Soria','San Tovar',284),(279,'Gonzalo','Rocha','1987-12-02','Armenia','Córdoba','Villa Asensio',285),(280,'África','Casillas','2005-06-08','Madagascar','Ávila','El Santacruz del Barco',286),(281,'Bruno','Uribe','1974-03-02','Uruguay','Asturias','As Rodrigo',287),(282,'Nahia','Alcántar','1979-05-06','Mozambique','León','Manzanares Alta',288),(283,'Rafael','Griego','1979-06-15','Bosnia-Herzegovina','Zaragoza','Alcaráz de Lemos',289),(284,'Ángel','Canales','1984-07-12','Estados Unidos de América','Lleida','El Heredia del Vallès',290),(285,'César','Bravo','1997-04-05','Somalia','Barcelona','Ruíz del Puerto',291),(286,'Emilia','Rosado','1984-06-01','Egipto','Álava','L\' Mota del Bages',292),(287,'José Antonio','Villaseñor','1998-03-15','Botsuana','Jaén','Villa Pelayo',293),(288,'Alicia','Serna','1972-01-10','Emiratos Árabes Unidos','Vizcaya','L\' Chávez de la Sierra',294),(289,'Andrea','Caldera','1982-11-12','Yibuti','Valencia','Ferrer del Mirador',295),(290,'Nahia','Lucas','1985-05-27','Noruega','La Rioja','Escobedo de Lemos',296),(291,'Pol','Reina','1987-03-05','Reino Unido de Gran Bretaña e Irlanda del Norte','Illes Balears','Orosco Medio',297),(292,'Erik','Báez','2002-06-17','República Centroafricana','Salamanca','As Sisneros',298),(293,'Rocío','Frías','1993-11-03','Grecia','Soria','Hurtado de San Pedro',299),(294,'Leire','Serrano','2012-11-23','Eslovenia','Albacete','O Acevedo de Lemos',300),(295,'Paola','Concepción','1980-12-03','Bulgaria','León','O Mejía del Bages',301),(296,'Dario','Ballesteros','1995-09-16','Bélgica','Guadalajara','As Urbina del Barco',302),(297,'Ona','Alba','1970-09-24','Etiopía','Sevilla','Los Vigil',303),(298,'Omar','Cárdenas','1993-03-27','Kirguistán','Barcelona','Miramontes de San Pedro',304),(299,'Celia','Vela','1973-12-13','Egipto','La Rioja','Quezada del Penedès',305),(300,'Daniel','Domínquez','1997-09-17','Camerún','Segovia','La Guevara',306);
/*!40000 ALTER TABLE `participantes` ENABLE KEYS */;
UNLOCK TABLES;

--
-- Table structure for table `patrocinadores`
--

DROP TABLE IF EXISTS `patrocinadores`;
/*!40101 SET @saved_cs_client     = @@character_set_client */;
/*!50503 SET character_set_client = utf8mb4 */;
CREATE TABLE `patrocinadores` (
  `id` bigint(20) unsigned NOT NULL AUTO_INCREMENT,
  `nombre` varchar(100) NOT NULL,
  `logo` varchar(200) DEFAULT NULL,
  PRIMARY KEY (`id`)
) ENGINE=InnoDB AUTO_INCREMENT=7 DEFAULT CHARSET=utf8mb4 COLLATE=utf8mb4_unicode_ci;
/*!40101 SET character_set_client = @saved_cs_client */;

--
-- Dumping data for table `patrocinadores`
--

LOCK TABLES `patrocinadores` WRITE;
/*!40000 ALTER TABLE `patrocinadores` DISABLE KEYS */;
INSERT INTO `patrocinadores` VALUES (1,'Somiedo Recursos Naturales','patrocinadores/somiedo-recursos-naturales.jpg'),(2,'Panadería La Magdalena','patrocinadores/panaderia-la-magdalena.jpg'),(3,'Saniclean','patrocinadores/saniclean.jpg'),(4,'Supermercados UNIPER','patrocinadores/supermercados-uniper.jpg'),(5,'Electrodomésticos Vifer','patrocinadores/electrodomesticos-vifer.jpg'),(6,'Asesoría Pérez Lastra','patrocinadores/asesoria-perez-lastra.jpg');
/*!40000 ALTER TABLE `patrocinadores` ENABLE KEYS */;
UNLOCK TABLES;

--
-- Table structure for table `penalizaciones`
--

DROP TABLE IF EXISTS `penalizaciones`;
/*!40101 SET @saved_cs_client     = @@character_set_client */;
/*!50503 SET character_set_client = utf8mb4 */;
CREATE TABLE `penalizaciones` (
  `id` bigint(20) unsigned NOT NULL AUTO_INCREMENT,
  `codigo` varchar(10) NOT NULL,
  `descripcion` text NOT NULL,
  `tiempo` decimal(8,3) NOT NULL,
  `oficial` tinyint(1) NOT NULL DEFAULT 1,
  `warning` tinyint(1) NOT NULL DEFAULT 0,
  PRIMARY KEY (`id`),
  UNIQUE KEY `penalizaciones_codigo_unique` (`codigo`)
) ENGINE=InnoDB AUTO_INCREMENT=7 DEFAULT CHARSET=utf8mb4 COLLATE=utf8mb4_unicode_ci;
/*!40101 SET character_set_client = @saved_cs_client */;

--
-- Dumping data for table `penalizaciones`
--

LOCK TABLES `penalizaciones` WRITE;
/*!40000 ALTER TABLE `penalizaciones` DISABLE KEYS */;
INSERT INTO `penalizaciones` VALUES (1,'P1','Salida en falso',120.000,1,1),(2,'P2','No tapar tubo antes de pulsar botón',120.000,1,0),(3,'P3','Se abre el tapón del tubo una vez se coloca sobre la batea al finalizar la ronda',120.000,1,0),(4,'P4','En pruebas por equipos, tocar el agua antes que el compañero abandone bañera',120.000,1,0),(5,'P5','Imposibilidad de contar pepitas a causa de agua sucia en el tubo',120.000,1,1),(6,'P6','Separarse o utilizar las manos no exteriores (penalización no oficial)',120.000,0,0);
/*!40000 ALTER TABLE `penalizaciones` ENABLE KEYS */;
UNLOCK TABLES;

--
-- Table structure for table `penalizaciones_competiciones`
--

DROP TABLE IF EXISTS `penalizaciones_competiciones`;
/*!40101 SET @saved_cs_client     = @@character_set_client */;
/*!50503 SET character_set_client = utf8mb4 */;
CREATE TABLE `penalizaciones_competiciones` (
  `competicion_id` bigint(20) unsigned NOT NULL,
  `penalizacion_id` bigint(20) unsigned NOT NULL,
  PRIMARY KEY (`competicion_id`,`penalizacion_id`),
  KEY `penalizaciones_competiciones_penalizacion_id_foreign` (`penalizacion_id`),
  CONSTRAINT `penalizaciones_competiciones_competicion_id_foreign` FOREIGN KEY (`competicion_id`) REFERENCES `competiciones` (`id`) ON DELETE CASCADE,
  CONSTRAINT `penalizaciones_competiciones_penalizacion_id_foreign` FOREIGN KEY (`penalizacion_id`) REFERENCES `penalizaciones` (`id`) ON DELETE CASCADE
) ENGINE=InnoDB DEFAULT CHARSET=utf8mb4 COLLATE=utf8mb4_unicode_ci;
/*!40101 SET character_set_client = @saved_cs_client */;

--
-- Dumping data for table `penalizaciones_competiciones`
--

LOCK TABLES `penalizaciones_competiciones` WRITE;
/*!40000 ALTER TABLE `penalizaciones_competiciones` DISABLE KEYS */;
INSERT INTO `penalizaciones_competiciones` VALUES (1,1),(2,1),(3,1),(4,1),(5,1),(6,1),(7,1),(8,1),(9,1),(10,1),(12,1),(13,1),(14,1),(15,1),(16,1),(1,2),(2,2),(3,2),(4,2),(5,2),(6,2),(7,2),(8,2),(9,2),(10,2),(12,2),(13,2),(14,2),(15,2),(16,2),(1,3),(2,3),(3,3),(4,3),(5,3),(6,3),(7,3),(8,3),(9,3),(10,3),(12,3),(13,3),(14,3),(15,3),(16,3),(7,4),(8,4),(9,4),(10,4),(12,4),(13,4),(16,4),(1,5),(2,5),(3,5),(4,5),(5,5),(6,5),(7,5),(8,5),(9,5),(10,5),(12,5),(13,5),(14,5),(15,5),(16,5),(14,6);
/*!40000 ALTER TABLE `penalizaciones_competiciones` ENABLE KEYS */;
UNLOCK TABLES;

--
-- Table structure for table `penalizaciones_resultados`
--

DROP TABLE IF EXISTS `penalizaciones_resultados`;
/*!40101 SET @saved_cs_client     = @@character_set_client */;
/*!50503 SET character_set_client = utf8mb4 */;
CREATE TABLE `penalizaciones_resultados` (
  `id` bigint(20) unsigned NOT NULL AUTO_INCREMENT,
  `penalizacion_id` bigint(20) unsigned NOT NULL,
  `resultado_id` bigint(20) unsigned NOT NULL,
  `tipo` enum('amarilla','roja') NOT NULL DEFAULT 'roja',
  `observaciones` text DEFAULT NULL,
  PRIMARY KEY (`id`),
  KEY `penalizaciones_resultados_penalizacion_id_foreign` (`penalizacion_id`),
  KEY `penalizaciones_resultados_resultado_id_foreign` (`resultado_id`),
  CONSTRAINT `penalizaciones_resultados_penalizacion_id_foreign` FOREIGN KEY (`penalizacion_id`) REFERENCES `penalizaciones` (`id`) ON DELETE CASCADE,
  CONSTRAINT `penalizaciones_resultados_resultado_id_foreign` FOREIGN KEY (`resultado_id`) REFERENCES `resultados` (`id`) ON DELETE CASCADE
) ENGINE=InnoDB AUTO_INCREMENT=243 DEFAULT CHARSET=utf8mb4 COLLATE=utf8mb4_unicode_ci;
/*!40101 SET character_set_client = @saved_cs_client */;

--
-- Dumping data for table `penalizaciones_resultados`
--

LOCK TABLES `penalizaciones_resultados` WRITE;
/*!40000 ALTER TABLE `penalizaciones_resultados` DISABLE KEYS */;
INSERT INTO `penalizaciones_resultados` VALUES (1,2,11,'roja',NULL),(2,1,25,'amarilla',NULL),(3,3,55,'roja',NULL),(4,3,66,'roja',NULL),(5,2,88,'roja',NULL),(6,5,115,'amarilla',NULL),(7,2,132,'roja',NULL),(8,3,137,'roja',NULL),(9,5,174,'amarilla',NULL),(10,2,180,'roja',NULL),(11,1,193,'amarilla',NULL),(12,2,196,'roja',NULL),(13,1,216,'amarilla',NULL),(14,3,234,'roja',NULL),(15,1,255,'amarilla',NULL),(16,5,290,'amarilla',NULL),(17,2,292,'roja',NULL),(18,1,312,'amarilla',NULL),(19,3,363,'roja',NULL),(20,5,375,'amarilla',NULL),(21,2,414,'roja',NULL),(22,3,417,'roja',NULL),(23,5,450,'amarilla',NULL),(24,3,456,'roja',NULL),(25,2,479,'roja',NULL),(26,2,499,'roja',NULL),(27,1,539,'amarilla',NULL),(28,2,550,'roja',NULL),(29,5,595,'amarilla',NULL),(30,1,599,'amarilla',NULL),(31,1,641,'amarilla',NULL),(32,5,653,'amarilla',NULL),(33,2,680,'roja',NULL),(34,3,683,'roja',NULL),(35,2,709,'roja',NULL),(36,2,727,'roja',NULL),(37,1,733,'amarilla',NULL),(38,1,758,'amarilla',NULL),(39,3,759,'roja',NULL),(40,2,850,'roja',NULL),(41,3,911,'roja',NULL),(42,5,920,'amarilla',NULL),(43,3,979,'roja',NULL),(44,2,988,'roja',NULL),(45,3,1019,'roja',NULL),(46,2,1035,'roja',NULL),(47,1,1051,'amarilla',NULL),(48,1,1088,'amarilla',NULL),(49,3,1102,'roja',NULL),(50,3,1121,'roja',NULL),(51,4,1122,'roja',NULL),(52,3,1135,'roja',NULL),(53,2,1146,'roja',NULL),(54,1,1159,'amarilla',NULL),(55,2,1228,'roja',NULL),(56,5,1250,'amarilla',NULL),(57,2,1294,'roja',NULL),(58,2,1296,'roja',NULL),(59,1,1297,'amarilla',NULL),(60,2,1297,'roja',NULL),(61,4,1329,'roja',NULL),(62,2,1338,'roja',NULL),(63,1,1349,'amarilla',NULL),(64,1,1357,'amarilla',NULL),(65,4,1365,'roja',NULL),(66,3,1366,'roja',NULL),(67,5,1393,'amarilla',NULL),(68,3,1429,'roja',NULL),(69,2,1440,'roja',NULL),(70,1,1500,'amarilla',NULL),(71,2,1502,'roja',NULL),(72,5,1515,'amarilla',NULL),(73,5,1524,'amarilla',NULL),(74,3,1538,'roja',NULL),(75,3,1551,'roja',NULL),(76,3,1569,'roja',NULL),(77,2,1582,'roja',NULL),(78,5,1600,'amarilla',NULL),(79,2,1610,'roja',NULL),(80,3,1622,'roja',NULL),(81,1,1625,'amarilla',NULL),(82,5,1692,'amarilla',NULL),(83,2,1702,'roja',NULL),(84,5,1733,'amarilla',NULL),(85,1,1761,'amarilla',NULL),(86,2,1795,'roja',NULL),(87,5,1809,'amarilla',NULL),(88,5,1847,'amarilla',NULL),(89,5,1874,'amarilla',NULL),(90,3,1898,'roja',NULL),(91,2,1899,'roja',NULL),(92,5,1904,'amarilla',NULL),(93,5,1904,'roja',NULL),(94,5,1954,'amarilla',NULL),(95,2,1989,'roja',NULL),(96,1,2014,'amarilla',NULL),(97,1,2021,'amarilla',NULL),(98,2,2069,'roja',NULL),(99,3,2097,'roja',NULL),(100,3,2124,'roja',NULL),(101,2,2140,'roja',NULL),(102,2,2168,'roja',NULL),(103,5,2182,'amarilla',NULL),(104,1,2218,'amarilla',NULL),(105,1,2224,'amarilla',NULL),(106,1,2235,'amarilla',NULL),(107,1,2253,'amarilla',NULL),(108,3,2254,'roja',NULL),(109,3,2305,'roja',NULL),(110,1,2307,'amarilla',NULL),(111,3,2313,'roja',NULL),(112,1,2322,'amarilla',NULL),(113,1,2332,'amarilla',NULL),(114,3,2340,'roja',NULL),(115,1,2346,'amarilla',NULL),(116,3,2359,'roja',NULL),(117,2,2377,'roja',NULL),(118,3,2413,'roja',NULL),(119,5,2415,'amarilla',NULL),(120,5,2440,'amarilla',NULL),(121,5,2440,'roja',NULL),(122,5,2468,'amarilla',NULL),(123,5,2469,'amarilla',NULL),(124,5,2471,'amarilla',NULL),(125,2,2499,'roja',NULL),(126,5,2504,'amarilla',NULL),(127,3,2517,'roja',NULL),(128,1,2545,'amarilla',NULL),(129,1,2552,'amarilla',NULL),(130,5,2565,'amarilla',NULL),(131,5,2566,'amarilla',NULL),(132,5,2574,'amarilla',NULL),(133,2,2575,'roja',NULL),(134,1,2595,'amarilla',NULL),(135,3,2614,'roja',NULL),(136,1,2647,'amarilla',NULL),(137,1,2684,'amarilla',NULL),(138,1,2687,'amarilla',NULL),(139,1,2728,'amarilla',NULL),(140,1,2729,'amarilla',NULL),(141,3,2729,'roja',NULL),(142,3,2733,'roja',NULL),(143,2,2749,'roja',NULL),(144,2,2797,'roja',NULL),(145,5,2798,'amarilla',NULL),(146,1,2800,'amarilla',NULL),(147,2,2817,'roja',NULL),(148,3,2853,'roja',NULL),(149,3,2927,'roja',NULL),(150,3,2957,'roja',NULL),(151,2,2958,'roja',NULL),(152,5,2976,'amarilla',NULL),(153,3,3003,'roja',NULL),(154,4,3021,'roja',NULL),(155,4,3025,'roja',NULL),(156,1,3063,'amarilla',NULL),(157,5,3071,'amarilla',NULL),(158,2,3126,'roja',NULL),(159,4,3140,'roja',NULL),(160,1,3153,'amarilla',NULL),(161,3,3188,'roja',NULL),(162,3,3217,'roja',NULL),(163,3,3229,'roja',NULL),(164,1,3235,'amarilla',NULL),(165,3,3246,'roja',NULL),(166,2,3255,'roja',NULL),(167,2,3331,'roja',NULL),(168,2,3364,'roja',NULL),(169,1,3366,'amarilla',NULL),(170,5,3369,'amarilla',NULL),(171,5,3388,'amarilla',NULL),(172,2,3395,'roja',NULL),(173,3,3409,'roja',NULL),(174,1,3726,'amarilla',NULL),(175,3,3741,'roja',NULL),(176,3,3803,'roja',NULL),(177,3,3829,'roja',NULL),(178,3,3838,'roja',NULL),(179,6,3858,'roja',NULL),(180,1,3871,'amarilla',NULL),(181,1,3874,'amarilla',NULL),(182,1,3881,'amarilla',NULL),(183,5,3949,'amarilla',NULL),(184,2,4007,'roja',NULL),(185,3,4018,'roja',NULL),(186,1,4031,'amarilla',NULL),(187,2,4049,'roja',NULL),(188,3,4120,'roja',NULL),(189,1,4133,'amarilla',NULL),(190,3,4153,'roja',NULL),(191,5,4162,'amarilla',NULL),(192,3,4199,'roja',NULL),(193,1,4201,'amarilla',NULL),(194,3,4201,'roja',NULL),(195,1,4202,'amarilla',NULL),(196,1,4202,'roja',NULL),(197,3,4215,'roja',NULL),(198,5,4265,'amarilla',NULL),(199,3,4275,'roja',NULL),(200,3,4281,'roja',NULL),(201,3,4296,'roja',NULL),(202,2,4332,'roja',NULL),(203,1,4394,'amarilla',NULL),(204,2,4405,'roja',NULL),(205,3,4451,'roja',NULL),(206,2,4466,'roja',NULL),(207,2,4486,'roja',NULL),(208,3,4486,'roja',NULL),(209,2,4512,'roja',NULL),(210,2,4516,'roja',NULL),(211,5,4562,'amarilla',NULL),(212,3,4582,'roja',NULL),(213,2,4604,'roja',NULL),(214,1,4605,'amarilla',NULL),(215,2,4616,'roja',NULL),(216,1,4637,'amarilla',NULL),(217,4,4645,'roja',NULL),(218,1,4652,'amarilla',NULL),(219,4,4659,'roja',NULL),(220,3,4682,'roja',NULL),(221,1,4720,'amarilla',NULL),(222,1,4748,'amarilla',NULL),(223,3,4752,'roja',NULL),(224,2,4892,'roja',NULL),(225,2,4900,'roja',NULL),(226,2,4952,'roja',NULL),(227,1,4964,'amarilla',NULL),(228,2,5091,'roja',NULL),(229,5,5136,'amarilla',NULL),(230,5,5177,'amarilla',NULL),(231,5,5192,'amarilla',NULL),(232,5,5195,'amarilla',NULL),(233,5,5195,'roja',NULL),(234,3,5201,'roja',NULL),(235,2,5206,'roja',NULL),(236,5,5227,'amarilla',NULL),(237,4,5232,'roja',NULL),(238,3,5240,'roja',NULL),(239,3,5333,'roja',NULL),(240,3,5364,'roja',NULL),(241,1,5425,'amarilla',NULL),(242,4,5430,'roja',NULL);
/*!40000 ALTER TABLE `penalizaciones_resultados` ENABLE KEYS */;
UNLOCK TABLES;

--
-- Table structure for table `progresos`
--

DROP TABLE IF EXISTS `progresos`;
/*!40101 SET @saved_cs_client     = @@character_set_client */;
/*!50503 SET character_set_client = utf8mb4 */;
CREATE TABLE `progresos` (
  `ronda_id` bigint(20) unsigned NOT NULL,
  `grupo_id` bigint(20) unsigned NOT NULL,
  `clasificado` tinyint(1) NOT NULL DEFAULT 0,
  PRIMARY KEY (`ronda_id`,`grupo_id`),
  KEY `progresos_grupo_id_foreign` (`grupo_id`),
  CONSTRAINT `progresos_grupo_id_foreign` FOREIGN KEY (`grupo_id`) REFERENCES `grupos` (`id`) ON DELETE CASCADE,
  CONSTRAINT `progresos_ronda_id_foreign` FOREIGN KEY (`ronda_id`) REFERENCES `rondas_competiciones` (`id`) ON DELETE CASCADE
) ENGINE=InnoDB DEFAULT CHARSET=utf8mb4 COLLATE=utf8mb4_unicode_ci;
/*!40101 SET character_set_client = @saved_cs_client */;

--
-- Dumping data for table `progresos`
--

LOCK TABLES `progresos` WRITE;
/*!40000 ALTER TABLE `progresos` DISABLE KEYS */;
INSERT INTO `progresos` VALUES (1,2,1),(1,3,1),(1,7,1),(1,8,1),(1,11,1),(1,12,1),(1,13,1),(1,14,1),(1,16,1),(1,17,1),(1,22,1),(1,25,1),(1,27,1),(1,29,1),(1,30,1),(1,32,1),(1,34,1),(1,35,1),(1,36,1),(1,43,1),(1,45,1),(1,47,1),(1,48,1),(1,52,1),(1,55,1),(1,56,1),(1,59,1),(1,60,1),(1,63,1),(1,70,1),(1,74,1),(1,76,1),(1,77,1),(1,78,1),(1,83,1),(1,84,1),(1,86,1),(1,87,1),(1,88,1),(1,93,1),(1,99,1),(1,101,1),(1,102,1),(1,103,1),(1,104,1),(1,105,1),(1,107,1),(1,109,1),(1,115,1),(1,121,1),(1,131,1),(1,132,1),(1,133,1),(1,136,1),(1,137,1),(1,140,1),(1,141,1),(1,145,1),(1,146,1),(1,150,1),(2,7,1),(2,8,1),(2,11,1),(2,14,1),(2,16,1),(2,25,1),(2,27,1),(2,29,1),(2,32,1),(2,35,1),(2,36,1),(2,45,1),(2,55,1),(2,56,1),(2,59,1),(2,60,1),(2,70,1),(2,74,1),(2,77,1),(2,78,1),(2,84,1),(2,87,1),(2,99,1),(2,101,1),(2,104,1),(2,115,1),(2,121,1),(2,136,1),(2,140,1),(2,141,1),(4,1,1),(4,3,1),(4,4,1),(4,5,1),(4,6,1),(4,10,1),(4,13,1),(4,16,1),(4,18,1),(4,20,1),(4,21,1),(4,23,1),(4,24,1),(4,25,1),(4,27,1),(4,28,1),(4,29,1),(4,30,1),(4,32,1),(4,33,1),(4,34,1),(4,35,1),(4,37,1),(4,39,1),(4,40,1),(4,44,1),(4,47,1),(4,51,1),(4,52,1),(4,65,1),(4,67,1),(4,69,1),(4,71,1),(4,73,1),(4,74,1),(4,77,1),(4,87,1),(4,90,1),(4,91,1),(4,99,1),(4,100,1),(4,103,1),(4,108,1),(4,110,1),(4,112,1),(4,113,1),(4,114,1),(4,117,1),(4,118,1),(4,120,1),(4,122,1),(4,127,1),(4,129,1),(4,135,1),(4,137,1),(4,139,1),(4,140,1),(4,142,1),(4,146,1),(4,150,1),(5,4,1),(5,5,1),(5,6,1),(5,16,1),(5,18,1),(5,23,1),(5,24,1),(5,25,1),(5,27,1),(5,29,1),(5,30,1),(5,32,1),(5,37,1),(5,39,1),(5,40,1),(5,65,1),(5,67,1),(5,71,1),(5,73,1),(5,74,1),(5,87,1),(5,90,1),(5,99,1),(5,103,1),(5,117,1),(5,118,1),(5,129,1),(5,137,1),(5,139,1),(5,146,1),(7,1,1),(7,2,1),(7,3,1),(7,4,1),(7,5,1),(7,6,1),(7,8,1),(7,9,1),(7,10,1),(7,11,1),(7,12,1),(7,13,1),(7,15,1),(7,16,1),(7,18,1),(7,19,1),(7,20,1),(7,21,1),(7,22,1),(7,24,1),(7,25,1),(7,29,1),(7,30,1),(7,31,1),(7,34,1),(7,36,1),(7,37,1),(7,38,1),(7,39,1),(7,40,1),(7,41,1),(7,44,1),(7,45,1),(7,46,1),(7,47,1),(7,48,1),(7,49,1),(7,50,1),(7,51,1),(7,52,1),(7,54,1),(7,55,1),(7,56,1),(7,57,1),(7,59,1),(7,60,1),(7,61,1),(7,62,1),(7,64,1),(7,65,1),(7,67,1),(7,68,1),(7,71,1),(7,72,1),(7,73,1),(7,75,1),(7,76,1),(7,77,1),(7,78,1),(7,79,1),(7,81,1),(7,82,1),(7,83,1),(7,84,1),(7,85,1),(7,86,1),(7,87,1),(7,88,1),(7,90,1),(7,91,1),(7,93,1),(7,94,1),(7,95,1),(7,96,1),(7,98,1),(7,101,1),(7,102,1),(7,103,1),(7,104,1),(7,105,1),(7,106,1),(7,107,1),(7,108,1),(7,109,1),(7,111,1),(7,112,1),(7,113,1),(7,114,1),(7,115,1),(7,116,1),(7,117,1),(7,118,1),(7,119,1),(7,121,1),(7,122,1),(7,123,1),(7,124,1),(7,125,1),(7,126,1),(7,127,1),(7,128,1),(7,129,1),(7,130,1),(7,131,1),(7,132,1),(7,133,1),(7,134,1),(7,136,1),(7,137,1),(7,138,1),(7,139,1),(7,140,1),(7,141,1),(7,142,1),(7,143,1),(7,144,1),(7,145,1),(7,146,1),(7,147,1),(7,149,1),(8,2,1),(8,5,1),(8,9,1),(8,10,1),(8,13,1),(8,18,1),(8,20,1),(8,21,1),(8,22,1),(8,25,1),(8,31,1),(8,34,1),(8,39,1),(8,40,1),(8,41,1),(8,52,1),(8,56,1),(8,57,1),(8,61,1),(8,62,1),(8,64,1),(8,65,1),(8,68,1),(8,73,1),(8,76,1),(8,77,1),(8,78,1),(8,79,1),(8,82,1),(8,83,1),(8,87,1),(8,91,1),(8,93,1),(8,94,1),(8,95,1),(8,96,1),(8,101,1),(8,102,1),(8,106,1),(8,109,1),(8,111,1),(8,112,1),(8,113,1),(8,115,1),(8,116,1),(8,119,1),(8,122,1),(8,124,1),(8,128,1),(8,129,1),(8,132,1),(8,133,1),(8,134,1),(8,136,1),(8,139,1),(8,141,1),(8,143,1),(8,144,1),(8,145,1),(8,147,1),(9,2,1),(9,9,1),(9,10,1),(9,20,1),(9,21,1),(9,39,1),(9,40,1),(9,41,1),(9,57,1),(9,61,1),(9,65,1),(9,68,1),(9,79,1),(9,83,1),(9,87,1),(9,93,1),(9,94,1),(9,95,1),(9,109,1),(9,112,1),(9,113,1),(9,119,1),(9,122,1),(9,124,1),(9,128,1),(9,129,1),(9,136,1),(9,141,1),(9,143,1),(9,145,1),(11,1,1),(11,2,1),(11,3,1),(11,5,1),(11,6,1),(11,7,1),(11,8,1),(11,9,1),(11,10,1),(11,11,1),(11,12,1),(11,13,1),(11,14,1),(11,15,1),(11,16,1),(11,17,1),(11,18,1),(11,19,1),(11,21,1),(11,22,1),(11,23,1),(11,24,1),(11,26,1),(11,27,1),(11,28,1),(11,30,1),(11,33,1),(11,35,1),(11,36,1),(11,37,1),(11,38,1),(11,40,1),(11,43,1),(11,44,1),(11,47,1),(11,48,1),(11,49,1),(11,50,1),(11,53,1),(11,54,1),(11,55,1),(11,56,1),(11,57,1),(11,58,1),(11,59,1),(11,60,1),(11,61,1),(11,62,1),(11,63,1),(11,64,1),(11,65,1),(11,66,1),(11,67,1),(11,68,1),(11,69,1),(11,70,1),(11,71,1),(11,72,1),(11,73,1),(11,74,1),(11,75,1),(11,76,1),(11,77,1),(11,78,1),(11,79,1),(11,80,1),(11,81,1),(11,82,1),(11,83,1),(11,84,1),(11,85,1),(11,86,1),(11,89,1),(11,90,1),(11,91,1),(11,92,1),(11,94,1),(11,96,1),(11,98,1),(11,99,1),(11,100,1),(11,101,1),(11,102,1),(11,103,1),(11,104,1),(11,105,1),(11,106,1),(11,107,1),(11,108,1),(11,109,1),(11,110,1),(11,112,1),(11,113,1),(11,115,1),(11,116,1),(11,119,1),(11,120,1),(11,121,1),(11,123,1),(11,124,1),(11,125,1),(11,127,1),(11,128,1),(11,129,1),(11,132,1),(11,133,1),(11,134,1),(11,135,1),(11,136,1),(11,137,1),(11,138,1),(11,140,1),(11,141,1),(11,142,1),(11,143,1),(11,144,1),(11,145,1),(11,146,1),(11,147,1),(11,150,1),(12,2,1),(12,7,1),(12,10,1),(12,12,1),(12,14,1),(12,17,1),(12,18,1),(12,21,1),(12,22,1),(12,23,1),(12,26,1),(12,28,1),(12,33,1),(12,36,1),(12,40,1),(12,43,1),(12,44,1),(12,50,1),(12,53,1),(12,54,1),(12,59,1),(12,60,1),(12,62,1),(12,63,1),(12,66,1),(12,74,1),(12,75,1),(12,76,1),(12,78,1),(12,84,1),(12,89,1),(12,90,1),(12,91,1),(12,92,1),(12,98,1),(12,100,1),(12,101,1),(12,104,1),(12,106,1),(12,107,1),(12,109,1),(12,110,1),(12,112,1),(12,115,1),(12,116,1),(12,119,1),(12,120,1),(12,123,1),(12,124,1),(12,125,1),(12,127,1),(12,132,1),(12,135,1),(12,137,1),(12,138,1),(12,141,1),(12,142,1),(12,146,1),(12,147,1),(12,150,1),(13,2,1),(13,7,1),(13,10,1),(13,14,1),(13,17,1),(13,18,1),(13,22,1),(13,36,1),(13,43,1),(13,44,1),(13,59,1),(13,63,1),(13,66,1),(13,74,1),(13,75,1),(13,76,1),(13,90,1),(13,92,1),(13,104,1),(13,106,1),(13,107,1),(13,112,1),(13,123,1),(13,124,1),(13,125,1),(13,127,1),(13,132,1),(13,135,1),(13,137,1),(13,141,1),(15,1,1),(15,2,1),(15,4,1),(15,8,1),(15,11,1),(15,16,1),(15,17,1),(15,19,1),(15,21,1),(15,24,1),(15,26,1),(15,28,1),(15,31,1),(15,32,1),(15,33,1),(15,35,1),(15,36,1),(15,38,1),(15,39,1),(15,43,1),(15,44,1),(15,46,1),(15,50,1),(15,52,1),(15,53,1),(15,54,1),(15,56,1),(15,57,1),(15,58,1),(15,61,1),(15,68,1),(15,72,1),(15,75,1),(15,83,1),(15,85,1),(15,86,1),(15,88,1),(15,90,1),(15,92,1),(15,97,1),(15,99,1),(15,103,1),(15,106,1),(15,108,1),(15,109,1),(15,110,1),(15,111,1),(15,113,1),(15,119,1),(15,125,1),(15,126,1),(15,127,1),(15,129,1),(15,134,1),(15,135,1),(15,137,1),(15,138,1),(15,141,1),(15,146,1),(15,149,1),(16,17,1),(16,19,1),(16,21,1),(16,24,1),(16,26,1),(16,33,1),(16,35,1),(16,38,1),(16,39,1),(16,43,1),(16,44,1),(16,46,1),(16,52,1),(16,53,1),(16,61,1),(16,75,1),(16,83,1),(16,88,1),(16,92,1),(16,97,1),(16,108,1),(16,111,1),(16,113,1),(16,119,1),(16,125,1),(16,127,1),(16,129,1),(16,134,1),(16,146,1),(16,149,1),(18,1,1),(18,2,1),(18,3,1),(18,5,1),(18,6,1),(18,7,1),(18,8,1),(18,9,1),(18,11,1),(18,13,1),(18,14,1),(18,16,1),(18,18,1),(18,19,1),(18,20,1),(18,21,1),(18,22,1),(18,23,1),(18,24,1),(18,25,1),(18,26,1),(18,28,1),(18,29,1),(18,30,1),(18,31,1),(18,32,1),(18,34,1),(18,35,1),(18,37,1),(18,38,1),(18,39,1),(18,40,1),(18,41,1),(18,43,1),(18,44,1),(18,47,1),(18,48,1),(18,50,1),(18,51,1),(18,53,1),(18,54,1),(18,55,1),(18,57,1),(18,59,1),(18,60,1),(18,61,1),(18,65,1),(18,66,1),(18,67,1),(18,68,1),(18,69,1),(18,71,1),(18,73,1),(18,74,1),(18,75,1),(18,76,1),(18,77,1),(18,78,1),(18,79,1),(18,80,1),(18,81,1),(18,82,1),(18,83,1),(18,84,1),(18,85,1),(18,86,1),(18,89,1),(18,90,1),(18,91,1),(18,92,1),(18,93,1),(18,94,1),(18,95,1),(18,96,1),(18,97,1),(18,98,1),(18,99,1),(18,100,1),(18,101,1),(18,102,1),(18,103,1),(18,104,1),(18,106,1),(18,108,1),(18,110,1),(18,111,1),(18,114,1),(18,115,1),(18,116,1),(18,117,1),(18,119,1),(18,120,1),(18,121,1),(18,122,1),(18,123,1),(18,124,1),(18,125,1),(18,126,1),(18,127,1),(18,129,1),(18,130,1),(18,131,1),(18,132,1),(18,133,1),(18,134,1),(18,135,1),(18,136,1),(18,137,1),(18,138,1),(18,139,1),(18,141,1),(18,142,1),(18,143,1),(18,144,1),(18,145,1),(18,146,1),(18,147,1),(18,148,1),(18,149,1),(18,150,1),(19,2,1),(19,3,1),(19,5,1),(19,7,1),(19,11,1),(19,14,1),(19,16,1),(19,18,1),(19,19,1),(19,23,1),(19,24,1),(19,26,1),(19,30,1),(19,31,1),(19,32,1),(19,34,1),(19,38,1),(19,40,1),(19,41,1),(19,47,1),(19,48,1),(19,50,1),(19,53,1),(19,54,1),(19,55,1),(19,66,1),(19,68,1),(19,69,1),(19,71,1),(19,73,1),(19,74,1),(19,76,1),(19,78,1),(19,82,1),(19,83,1),(19,86,1),(19,94,1),(19,95,1),(19,97,1),(19,99,1),(19,100,1),(19,104,1),(19,106,1),(19,115,1),(19,116,1),(19,117,1),(19,120,1),(19,124,1),(19,126,1),(19,127,1),(19,131,1),(19,132,1),(19,134,1),(19,136,1),(19,142,1),(19,143,1),(19,144,1),(19,146,1),(19,148,1),(19,150,1),(20,2,1),(20,5,1),(20,7,1),(20,14,1),(20,16,1),(20,19,1),(20,24,1),(20,26,1),(20,32,1),(20,47,1),(20,50,1),(20,55,1),(20,68,1),(20,69,1),(20,73,1),(20,76,1),(20,78,1),(20,82,1),(20,83,1),(20,97,1),(20,99,1),(20,104,1),(20,115,1),(20,116,1),(20,131,1),(20,132,1),(20,134,1),(20,136,1),(20,144,1),(20,146,1),(22,4,1),(22,5,1),(22,8,1),(22,9,1),(22,11,1),(22,12,1),(22,16,1),(22,17,1),(22,19,1),(22,20,1),(22,21,1),(22,24,1),(22,29,1),(22,30,1),(22,31,1),(22,33,1),(22,36,1),(22,37,1),(22,42,1),(22,43,1),(22,45,1),(22,50,1),(22,53,1),(22,56,1),(22,57,1),(22,58,1),(22,60,1),(22,65,1),(22,67,1),(22,68,1),(22,70,1),(22,73,1),(22,79,1),(22,81,1),(22,83,1),(22,84,1),(22,87,1),(22,91,1),(22,92,1),(22,93,1),(22,97,1),(22,101,1),(22,103,1),(22,104,1),(22,105,1),(22,107,1),(22,109,1),(22,113,1),(22,114,1),(22,115,1),(22,116,1),(22,118,1),(22,120,1),(22,121,1),(22,125,1),(22,126,1),(22,132,1),(22,140,1),(22,142,1),(22,148,1),(23,5,1),(23,8,1),(23,9,1),(23,11,1),(23,12,1),(23,16,1),(23,19,1),(23,24,1),(23,30,1),(23,31,1),(23,33,1),(23,36,1),(23,42,1),(23,45,1),(23,50,1),(23,65,1),(23,67,1),(23,68,1),(23,73,1),(23,87,1),(23,101,1),(23,104,1),(23,107,1),(23,114,1),(23,116,1),(23,120,1),(23,126,1),(23,132,1),(23,142,1),(23,148,1),(25,2,1),(25,4,1),(25,5,1),(25,6,1),(25,7,1),(25,8,1),(25,10,1),(25,11,1),(25,12,1),(25,16,1),(25,17,1),(25,18,1),(25,19,1),(25,20,1),(25,21,1),(25,23,1),(25,24,1),(25,25,1),(25,26,1),(25,27,1),(25,29,1),(25,30,1),(25,31,1),(25,32,1),(25,33,1),(25,34,1),(25,35,1),(25,36,1),(25,37,1),(25,38,1),(25,39,1),(25,40,1),(25,41,1),(25,42,1),(25,43,1),(25,44,1),(25,45,1),(25,48,1),(25,49,1),(25,52,1),(25,53,1),(25,55,1),(25,56,1),(25,57,1),(25,58,1),(25,59,1),(25,62,1),(25,63,1),(25,64,1),(25,65,1),(25,66,1),(25,67,1),(25,68,1),(25,71,1),(25,72,1),(25,73,1),(25,75,1),(25,76,1),(25,78,1),(25,79,1),(25,81,1),(25,82,1),(25,83,1),(25,84,1),(25,85,1),(25,86,1),(25,88,1),(25,89,1),(25,90,1),(25,91,1),(25,92,1),(25,93,1),(25,94,1),(25,95,1),(25,96,1),(25,97,1),(25,98,1),(25,100,1),(25,101,1),(25,103,1),(25,104,1),(25,105,1),(25,106,1),(25,107,1),(25,108,1),(25,109,1),(25,110,1),(25,111,1),(25,112,1),(25,113,1),(25,115,1),(25,116,1),(25,117,1),(25,118,1),(25,120,1),(25,121,1),(25,122,1),(25,123,1),(25,124,1),(25,126,1),(25,127,1),(25,128,1),(25,129,1),(25,130,1),(25,134,1),(25,135,1),(25,136,1),(25,137,1),(25,138,1),(25,139,1),(25,140,1),(25,142,1),(25,143,1),(25,144,1),(25,145,1),(25,146,1),(25,147,1),(25,148,1),(25,149,1),(25,150,1),(26,2,1),(26,4,1),(26,7,1),(26,8,1),(26,10,1),(26,11,1),(26,17,1),(26,20,1),(26,24,1),(26,25,1),(26,26,1),(26,27,1),(26,33,1),(26,35,1),(26,36,1),(26,40,1),(26,42,1),(26,44,1),(26,45,1),(26,49,1),(26,52,1),(26,53,1),(26,62,1),(26,63,1),(26,65,1),(26,67,1),(26,68,1),(26,71,1),(26,72,1),(26,73,1),(26,81,1),(26,83,1),(26,84,1),(26,85,1),(26,88,1),(26,89,1),(26,91,1),(26,95,1),(26,96,1),(26,98,1),(26,100,1),(26,101,1),(26,104,1),(26,106,1),(26,107,1),(26,109,1),(26,112,1),(26,115,1),(26,116,1),(26,118,1),(26,120,1),(26,121,1),(26,126,1),(26,129,1),(26,134,1),(26,135,1),(26,136,1),(26,137,1),(26,138,1),(26,146,1),(27,2,1),(27,4,1),(27,10,1),(27,24,1),(27,26,1),(27,33,1),(27,35,1),(27,45,1),(27,52,1),(27,53,1),(27,63,1),(27,68,1),(27,71,1),(27,81,1),(27,88,1),(27,89,1),(27,91,1),(27,96,1),(27,98,1),(27,100,1),(27,101,1),(27,106,1),(27,109,1),(27,115,1),(27,116,1),(27,120,1),(27,129,1),(27,134,1),(27,136,1),(27,137,1),(29,1,1),(29,2,1),(29,4,1),(29,5,1),(29,6,1),(29,7,1),(29,8,1),(29,11,1),(29,12,1),(29,14,1),(29,15,1),(29,17,1),(29,18,1),(29,19,1),(29,21,1),(29,22,1),(29,23,1),(29,24,1),(29,25,1),(29,26,1),(29,27,1),(29,29,1),(29,31,1),(29,32,1),(29,33,1),(29,34,1),(29,35,1),(29,36,1),(29,37,1),(29,38,1),(29,39,1),(29,41,1),(29,42,1),(29,43,1),(29,47,1),(29,49,1),(29,50,1),(29,53,1),(29,54,1),(29,55,1),(29,56,1),(29,57,1),(29,58,1),(29,59,1),(29,60,1),(29,61,1),(29,62,1),(29,64,1),(29,65,1),(29,66,1),(29,67,1),(29,68,1),(29,69,1),(29,70,1),(29,71,1),(29,72,1),(29,73,1),(29,74,1),(29,77,1),(29,78,1),(29,80,1),(29,81,1),(29,82,1),(29,83,1),(29,84,1),(29,86,1),(29,88,1),(29,89,1),(29,90,1),(29,92,1),(29,93,1),(29,94,1),(29,95,1),(29,96,1),(29,97,1),(29,98,1),(29,100,1),(29,101,1),(29,102,1),(29,104,1),(29,105,1),(29,107,1),(29,108,1),(29,109,1),(29,110,1),(29,112,1),(29,114,1),(29,115,1),(29,116,1),(29,117,1),(29,119,1),(29,120,1),(29,121,1),(29,122,1),(29,124,1),(29,125,1),(29,126,1),(29,127,1),(29,129,1),(29,130,1),(29,131,1),(29,132,1),(29,133,1),(29,134,1),(29,135,1),(29,136,1),(29,137,1),(29,138,1),(29,139,1),(29,140,1),(29,141,1),(29,142,1),(29,143,1),(29,144,1),(29,145,1),(29,146,1),(29,147,1),(29,148,1),(29,149,1),(29,150,1),(30,2,1),(30,8,1),(30,15,1),(30,17,1),(30,19,1),(30,21,1),(30,23,1),(30,24,1),(30,29,1),(30,34,1),(30,35,1),(30,36,1),(30,38,1),(30,39,1),(30,42,1),(30,47,1),(30,50,1),(30,53,1),(30,60,1),(30,61,1),(30,62,1),(30,64,1),(30,65,1),(30,70,1),(30,71,1),(30,72,1),(30,74,1),(30,77,1),(30,80,1),(30,81,1),(30,83,1),(30,89,1),(30,90,1),(30,92,1),(30,93,1),(30,94,1),(30,98,1),(30,100,1),(30,101,1),(30,108,1),(30,110,1),(30,112,1),(30,114,1),(30,115,1),(30,120,1),(30,122,1),(30,125,1),(30,126,1),(30,127,1),(30,131,1),(30,132,1),(30,134,1),(30,138,1),(30,140,1),(30,141,1),(30,142,1),(30,143,1),(30,144,1),(30,147,1),(30,149,1),(31,2,1),(31,8,1),(31,17,1),(31,19,1),(31,21,1),(31,23,1),(31,24,1),(31,35,1),(31,36,1),(31,39,1),(31,47,1),(31,53,1),(31,61,1),(31,70,1),(31,77,1),(31,80,1),(31,83,1),(31,93,1),(31,94,1),(31,98,1),(31,101,1),(31,108,1),(31,112,1),(31,114,1),(31,115,1),(31,122,1),(31,131,1),(31,132,1),(31,144,1),(31,149,1),(33,1,1),(33,2,1),(33,4,1),(33,7,1),(33,8,1),(33,13,1),(33,16,1),(33,17,1),(33,20,1),(33,21,1),(33,26,1),(33,31,1),(33,32,1),(33,33,1),(33,35,1),(33,37,1),(33,38,1),(33,42,1),(33,44,1),(33,45,1),(33,47,1),(33,49,1),(33,50,1),(33,51,1),(33,52,1),(33,53,1),(33,54,1),(33,55,1),(33,59,1),(33,64,1),(33,65,1),(33,68,1),(33,69,1),(33,70,1),(33,75,1),(33,78,1),(33,80,1),(33,84,1),(33,87,1),(33,90,1),(33,94,1),(33,95,1),(33,96,1),(33,98,1),(33,102,1),(33,106,1),(33,107,1),(33,108,1),(33,109,1),(33,111,1),(33,118,1),(33,120,1),(33,126,1),(33,127,1),(33,128,1),(33,129,1),(33,134,1),(33,138,1),(33,142,1),(33,147,1),(34,1,1),(34,13,1),(34,26,1),(34,31,1),(34,32,1),(34,33,1),(34,37,1),(34,38,1),(34,42,1),(34,44,1),(34,45,1),(34,49,1),(34,50,1),(34,51,1),(34,55,1),(34,59,1),(34,64,1),(34,65,1),(34,68,1),(34,94,1),(34,95,1),(34,98,1),(34,102,1),(34,106,1),(34,109,1),(34,111,1),(34,118,1),(34,126,1),(34,127,1),(34,138,1),(36,2,1),(36,7,1),(36,9,1),(36,18,1),(36,20,1),(36,23,1),(36,24,1),(36,26,1),(36,28,1),(36,30,1),(36,33,1),(36,35,1),(36,36,1),(36,38,1),(36,39,1),(36,40,1),(36,42,1),(36,44,1),(36,46,1),(36,47,1),(36,50,1),(36,51,1),(36,53,1),(36,58,1),(36,63,1),(36,64,1),(36,67,1),(36,68,1),(36,69,1),(36,74,1),(36,80,1),(36,81,1),(36,85,1),(36,88,1),(36,92,1),(36,93,1),(36,94,1),(36,97,1),(36,98,1),(36,99,1),(36,100,1),(36,111,1),(36,112,1),(36,114,1),(36,118,1),(36,120,1),(36,123,1),(36,130,1),(36,132,1),(36,133,1),(36,134,1),(36,137,1),(36,140,1),(36,142,1),(36,144,1),(36,145,1),(36,146,1),(36,148,1),(36,149,1),(36,150,1),(37,7,1),(37,18,1),(37,20,1),(37,23,1),(37,24,1),(37,28,1),(37,30,1),(37,36,1),(37,39,1),(37,40,1),(37,42,1),(37,44,1),(37,50,1),(37,63,1),(37,67,1),(37,68,1),(37,80,1),(37,81,1),(37,85,1),(37,99,1),(37,100,1),(37,111,1),(37,112,1),(37,118,1),(37,133,1),(37,134,1),(37,140,1),(37,142,1),(37,148,1),(37,149,1),(41,2,1),(41,4,1),(41,6,1),(41,7,1),(41,9,1),(41,13,1),(41,14,1),(41,19,1),(41,20,1),(41,21,1),(41,24,1),(41,26,1),(41,33,1),(41,38,1),(41,39,1),(41,41,1),(41,44,1),(41,52,1),(41,58,1),(41,61,1),(41,63,1),(41,65,1),(41,67,1),(41,68,1),(41,70,1),(41,72,1),(41,73,1),(41,74,1),(41,76,1),(41,78,1),(41,79,1),(41,80,1),(41,82,1),(41,85,1),(41,87,1),(41,88,1),(41,90,1),(41,92,1),(41,95,1),(41,98,1),(41,103,1),(41,104,1),(41,105,1),(41,107,1),(41,108,1),(41,112,1),(41,119,1),(41,122,1),(41,123,1),(41,124,1),(41,126,1),(41,128,1),(41,132,1),(41,136,1),(41,138,1),(41,139,1),(41,144,1),(41,147,1),(41,148,1),(41,150,1),(42,4,1),(42,7,1),(42,19,1),(42,21,1),(42,26,1),(42,33,1),(42,38,1),(42,41,1),(42,58,1),(42,65,1),(42,72,1),(42,74,1),(42,85,1),(42,87,1),(42,88,1),(42,90,1),(42,95,1),(42,98,1),(42,103,1),(42,105,1),(42,108,1),(42,112,1),(42,119,1),(42,122,1),(42,126,1),(42,128,1),(42,139,1),(42,144,1),(42,148,1),(42,150,1),(44,1,1),(44,4,1),(44,5,1),(44,7,1),(44,8,1),(44,9,1),(44,10,1),(44,11,1),(44,12,1),(44,13,1),(44,14,1),(44,15,1),(44,16,1),(44,17,1),(44,18,1),(44,19,1),(44,20,1),(44,23,1),(44,24,1),(44,25,1),(44,26,1),(44,27,1),(44,28,1),(44,29,1),(44,30,1),(44,31,1),(44,32,1),(44,34,1),(44,35,1),(44,36,1),(44,37,1),(44,39,1),(44,40,1),(44,41,1),(44,42,1),(44,43,1),(44,44,1),(44,45,1),(44,46,1),(44,48,1),(44,50,1),(44,51,1),(44,52,1),(44,53,1),(44,54,1),(44,55,1),(44,56,1),(44,57,1),(44,62,1),(44,63,1),(44,64,1),(44,65,1),(44,66,1),(44,67,1),(44,68,1),(44,69,1),(44,70,1),(44,71,1),(44,72,1),(44,73,1),(44,74,1),(44,76,1),(44,77,1),(44,79,1),(44,82,1),(44,83,1),(44,85,1),(44,86,1),(44,89,1),(44,90,1),(44,91,1),(44,92,1),(44,93,1),(44,94,1),(44,96,1),(44,97,1),(44,98,1),(44,99,1),(44,100,1),(44,101,1),(44,103,1),(44,104,1),(44,105,1),(44,107,1),(44,108,1),(44,109,1),(44,110,1),(44,111,1),(44,112,1),(44,113,1),(44,116,1),(44,117,1),(44,119,1),(44,121,1),(44,122,1),(44,123,1),(44,124,1),(44,125,1),(44,126,1),(44,127,1),(44,128,1),(44,131,1),(44,132,1),(44,134,1),(44,135,1),(44,136,1),(44,137,1),(44,138,1),(44,139,1),(44,140,1),(44,141,1),(44,142,1),(44,143,1),(44,144,1),(44,145,1),(44,146,1),(44,147,1),(44,148,1),(44,149,1),(44,150,1),(45,1,1),(45,4,1),(45,5,1),(45,9,1),(45,13,1),(45,15,1),(45,16,1),(45,19,1),(45,20,1),(45,23,1),(45,26,1),(45,28,1),(45,32,1),(45,34,1),(45,36,1),(45,40,1),(45,43,1),(45,45,1),(45,46,1),(45,48,1),(45,50,1),(45,51,1),(45,55,1),(45,56,1),(45,57,1),(45,65,1),(45,66,1),(45,67,1),(45,69,1),(45,73,1),(45,89,1),(45,91,1),(45,92,1),(45,94,1),(45,97,1),(45,103,1),(45,104,1),(45,105,1),(45,107,1),(45,111,1),(45,113,1),(45,116,1),(45,117,1),(45,121,1),(45,122,1),(45,123,1),(45,124,1),(45,126,1),(45,127,1),(45,131,1),(45,134,1),(45,135,1),(45,136,1),(45,138,1),(45,140,1),(45,143,1),(45,144,1),(45,145,1),(45,149,1),(45,150,1),(46,9,1),(46,19,1),(46,28,1),(46,32,1),(46,36,1),(46,40,1),(46,43,1),(46,48,1),(46,50,1),(46,55,1),(46,56,1),(46,57,1),(46,65,1),(46,91,1),(46,103,1),(46,104,1),(46,105,1),(46,107,1),(46,113,1),(46,122,1),(46,124,1),(46,127,1),(46,131,1),(46,134,1),(46,136,1),(46,138,1),(46,143,1),(46,144,1),(46,145,1),(46,149,1),(48,1,1),(48,3,1),(48,4,1),(48,5,1),(48,6,1),(48,7,1),(48,9,1),(48,10,1),(48,11,1),(48,12,1),(48,13,1),(48,14,1),(48,15,1),(48,17,1),(48,18,1),(48,19,1),(48,20,1),(48,21,1),(48,22,1),(48,23,1),(48,24,1),(48,25,1),(48,26,1),(48,27,1),(48,28,1),(48,30,1),(48,31,1),(48,33,1),(48,34,1),(48,35,1),(48,36,1),(48,37,1),(48,38,1),(48,39,1),(48,40,1),(48,41,1),(48,44,1),(48,45,1),(48,46,1),(48,47,1),(48,48,1),(48,49,1),(48,51,1),(48,54,1),(48,55,1),(48,56,1),(48,57,1),(48,58,1),(48,59,1),(48,60,1),(48,61,1),(48,62,1),(48,63,1),(48,64,1),(48,65,1),(48,66,1),(48,68,1),(48,69,1),(48,70,1),(48,71,1),(48,72,1),(48,73,1),(48,74,1),(48,75,1),(48,77,1),(48,79,1),(48,80,1),(48,81,1),(48,82,1),(48,83,1),(48,84,1),(48,85,1),(48,86,1),(48,87,1),(48,89,1),(48,90,1),(48,91,1),(48,92,1),(48,93,1),(48,94,1),(48,95,1),(48,97,1),(48,98,1),(48,99,1),(48,100,1),(48,101,1),(48,102,1),(48,104,1),(48,105,1),(48,106,1),(48,107,1),(48,110,1),(48,112,1),(48,113,1),(48,114,1),(48,115,1),(48,118,1),(48,120,1),(48,121,1),(48,122,1),(48,123,1),(48,124,1),(48,125,1),(48,127,1),(48,128,1),(48,130,1),(48,131,1),(48,132,1),(48,134,1),(48,135,1),(48,137,1),(48,138,1),(48,139,1),(48,140,1),(48,141,1),(48,143,1),(48,147,1),(48,148,1),(48,149,1),(48,150,1),(49,1,1),(49,4,1),(49,5,1),(49,7,1),(49,9,1),(49,10,1),(49,13,1),(49,15,1),(49,19,1),(49,20,1),(49,22,1),(49,27,1),(49,37,1),(49,39,1),(49,41,1),(49,44,1),(49,46,1),(49,47,1),(49,55,1),(49,56,1),(49,57,1),(49,61,1),(49,62,1),(49,65,1),(49,66,1),(49,68,1),(49,71,1),(49,74,1),(49,75,1),(49,79,1),(49,82,1),(49,84,1),(49,86,1),(49,87,1),(49,89,1),(49,90,1),(49,91,1),(49,92,1),(49,97,1),(49,99,1),(49,100,1),(49,101,1),(49,110,1),(49,112,1),(49,113,1),(49,114,1),(49,115,1),(49,118,1),(49,120,1),(49,121,1),(49,122,1),(49,123,1),(49,124,1),(49,130,1),(49,131,1),(49,132,1),(49,134,1),(49,140,1),(49,147,1),(49,149,1),(50,1,1),(50,5,1),(50,19,1),(50,20,1),(50,22,1),(50,39,1),(50,47,1),(50,57,1),(50,68,1),(50,74,1),(50,75,1),(50,79,1),(50,82,1),(50,84,1),(50,87,1),(50,90,1),(50,91,1),(50,99,1),(50,101,1),(50,110,1),(50,113,1),(50,114,1),(50,115,1),(50,120,1),(50,121,1),(50,122,1),(50,123,1),(50,134,1),(50,147,1),(50,149,1);
/*!40000 ALTER TABLE `progresos` ENABLE KEYS */;
UNLOCK TABLES;

--
-- Table structure for table `resultados`
--

DROP TABLE IF EXISTS `resultados`;
/*!40101 SET @saved_cs_client     = @@character_set_client */;
/*!50503 SET character_set_client = utf8mb4 */;
CREATE TABLE `resultados` (
  `id` bigint(20) unsigned NOT NULL AUTO_INCREMENT,
  `tanda_id` bigint(20) unsigned NOT NULL,
  `numero_cajon` int(11) NOT NULL,
  `grupo_id` bigint(20) unsigned NOT NULL,
  `tiempo_pulsador` decimal(8,3) DEFAULT NULL,
  `pepitas_encontradas` int(11) DEFAULT 0,
  `valido` tinyint(1) NOT NULL DEFAULT 1,
  `observaciones` longtext DEFAULT NULL,
  PRIMARY KEY (`id`),
  KEY `resultados_tanda_id_foreign` (`tanda_id`),
  KEY `resultados_grupo_id_foreign` (`grupo_id`),
  CONSTRAINT `resultados_grupo_id_foreign` FOREIGN KEY (`grupo_id`) REFERENCES `grupos` (`id`) ON DELETE CASCADE,
  CONSTRAINT `resultados_tanda_id_foreign` FOREIGN KEY (`tanda_id`) REFERENCES `tandas` (`id`) ON DELETE CASCADE
) ENGINE=InnoDB AUTO_INCREMENT=5460 DEFAULT CHARSET=utf8mb4 COLLATE=utf8mb4_unicode_ci;
/*!40101 SET character_set_client = @saved_cs_client */;

--
-- Dumping data for table `resultados`
--

LOCK TABLES `resultados` WRITE;
/*!40000 ALTER TABLE `resultados` DISABLE KEYS */;
INSERT INTO `resultados` VALUES (1,1,1,88,238.000,2,1,NULL),(2,1,2,23,380.000,4,1,NULL),(3,1,3,38,578.000,3,1,NULL),(4,1,4,124,373.000,7,1,NULL),(5,1,5,142,241.000,4,1,NULL),(6,1,6,25,458.000,7,1,NULL),(7,1,7,122,297.000,2,1,NULL),(8,1,8,101,395.000,3,1,NULL),(9,1,9,50,314.000,6,1,NULL),(10,1,10,96,195.000,5,1,NULL),(11,1,11,27,434.000,1,1,NULL),(12,1,12,148,577.000,3,1,NULL),(13,1,13,105,157.000,5,1,NULL),(14,1,14,32,539.000,2,1,NULL),(15,1,15,24,485.000,7,1,NULL),(16,1,16,26,498.000,3,1,NULL),(17,1,17,77,443.000,6,1,NULL),(18,1,18,149,536.000,6,1,NULL),(19,1,19,123,254.000,5,1,NULL),(20,1,20,141,470.000,4,1,NULL),(21,1,21,45,272.000,3,1,NULL),(22,1,22,99,367.000,0,1,NULL),(23,1,23,7,517.000,2,1,NULL),(24,1,24,95,518.000,2,1,NULL),(25,1,25,74,129.000,1,1,NULL),(26,1,26,68,121.000,5,1,NULL),(27,1,27,20,323.000,7,1,NULL),(28,1,28,46,306.000,7,1,NULL),(29,1,29,70,439.000,2,1,NULL),(30,1,30,138,399.000,7,1,NULL),(31,2,1,88,390.000,3,1,NULL),(32,2,2,23,289.000,0,1,NULL),(33,2,3,38,305.000,4,1,NULL),(34,2,4,124,457.000,6,1,NULL),(35,2,5,142,209.000,2,1,NULL),(36,2,6,25,427.000,7,1,NULL),(37,2,7,122,551.000,7,1,NULL),(38,2,8,101,182.000,5,1,NULL),(39,2,9,50,422.000,0,1,NULL),(40,2,10,96,442.000,0,1,NULL),(41,2,11,27,239.000,1,1,NULL),(42,2,12,148,550.000,2,1,NULL),(43,2,13,105,131.000,7,1,NULL),(44,2,14,32,384.000,2,1,NULL),(45,2,15,24,434.000,7,1,NULL),(46,2,16,26,360.000,2,1,NULL),(47,2,17,77,325.000,3,1,NULL),(48,2,18,149,178.000,0,1,NULL),(49,2,19,123,333.000,2,1,NULL),(50,2,20,141,215.000,1,1,NULL),(51,2,21,45,377.000,3,1,NULL),(52,2,22,99,137.000,3,1,NULL),(53,2,23,7,523.000,0,1,NULL),(54,2,24,95,391.000,7,1,NULL),(55,2,25,74,486.000,3,1,NULL),(56,2,26,68,542.000,2,1,NULL),(57,2,27,20,582.000,2,1,NULL),(58,2,28,46,165.000,0,1,NULL),(59,2,29,70,164.000,0,1,NULL),(60,2,30,138,193.000,5,1,NULL),(61,3,1,35,510.000,0,1,NULL),(62,3,2,102,441.000,2,1,NULL),(63,3,3,11,432.000,5,1,NULL),(64,3,4,115,153.000,6,1,NULL),(65,3,5,73,165.000,0,1,NULL),(66,3,6,80,196.000,1,1,NULL),(67,3,7,81,226.000,1,1,NULL),(68,3,8,86,154.000,6,1,NULL),(69,3,9,4,248.000,1,1,NULL),(70,3,10,111,333.000,0,1,NULL),(71,3,11,83,504.000,4,1,NULL),(72,3,12,57,269.000,0,1,NULL),(73,3,13,60,173.000,1,1,NULL),(74,3,14,127,401.000,5,1,NULL),(75,3,15,48,315.000,6,1,NULL),(76,3,16,71,172.000,0,1,NULL),(77,3,17,108,427.000,0,1,NULL),(78,3,18,131,503.000,4,1,NULL),(79,3,19,100,446.000,0,1,NULL),(80,3,20,93,260.000,6,1,NULL),(81,3,21,8,406.000,4,1,NULL),(82,3,22,128,256.000,1,1,NULL),(83,3,23,144,152.000,0,1,NULL),(84,3,24,55,175.000,1,1,NULL),(85,3,25,143,368.000,5,1,NULL),(86,3,26,109,395.000,4,1,NULL),(87,3,27,87,267.000,6,1,NULL),(88,3,28,5,583.000,2,1,NULL),(89,3,29,30,301.000,6,1,NULL),(90,3,30,6,472.000,2,1,NULL),(91,4,1,35,237.000,2,1,NULL),(92,4,2,102,531.000,3,1,NULL),(93,4,3,11,130.000,4,1,NULL),(94,4,4,115,256.000,5,1,NULL),(95,4,5,73,432.000,5,1,NULL),(96,4,6,80,542.000,0,1,NULL),(97,4,7,81,178.000,3,1,NULL),(98,4,8,86,378.000,2,1,NULL),(99,4,9,4,259.000,5,1,NULL),(100,4,10,111,409.000,6,1,NULL),(101,4,11,83,308.000,4,1,NULL),(102,4,12,57,554.000,6,1,NULL),(103,4,13,60,287.000,4,1,NULL),(104,4,14,127,448.000,3,1,NULL),(105,4,15,48,141.000,1,1,NULL),(106,4,16,71,564.000,3,1,NULL),(107,4,17,108,127.000,3,1,NULL),(108,4,18,131,293.000,1,1,NULL),(109,4,19,100,512.000,0,1,NULL),(110,4,20,93,196.000,3,1,NULL),(111,4,21,8,421.000,0,1,NULL),(112,4,22,128,301.000,4,1,NULL),(113,4,23,144,205.000,3,1,NULL),(114,4,24,55,488.000,5,1,NULL),(115,4,25,143,155.000,1,1,NULL),(116,4,26,109,383.000,0,1,NULL),(117,4,27,87,328.000,2,1,NULL),(118,4,28,5,255.000,3,1,NULL),(119,4,29,30,122.000,4,1,NULL),(120,4,30,6,265.000,5,1,NULL),(121,5,1,98,244.000,1,1,NULL),(122,5,2,53,577.000,0,1,NULL),(123,5,3,56,433.000,8,1,NULL),(124,5,4,107,218.000,6,1,NULL),(125,5,5,54,197.000,5,1,NULL),(126,5,6,63,317.000,1,1,NULL),(127,5,7,136,192.000,6,1,NULL),(128,5,8,130,296.000,3,1,NULL),(129,5,9,52,373.000,3,1,NULL),(130,5,10,112,264.000,5,1,NULL),(131,5,11,85,384.000,3,1,NULL),(132,5,12,134,189.000,6,1,NULL),(133,5,13,28,354.000,3,1,NULL),(134,5,14,94,568.000,1,1,NULL),(135,5,15,106,505.000,8,1,NULL),(136,5,16,120,218.000,2,1,NULL),(137,5,17,2,569.000,3,1,NULL),(138,5,18,40,256.000,4,1,NULL),(139,5,19,104,358.000,7,1,NULL),(140,5,20,31,600.000,7,1,NULL),(141,5,21,129,430.000,0,1,NULL),(142,5,22,67,168.000,4,1,NULL),(143,5,23,36,306.000,8,1,NULL),(144,5,24,135,161.000,1,1,NULL),(145,5,25,75,557.000,6,1,NULL),(146,5,26,146,144.000,5,1,NULL),(147,5,27,13,593.000,4,1,NULL),(148,5,28,49,150.000,7,1,NULL),(149,5,29,10,256.000,0,1,NULL),(150,5,30,110,265.000,4,1,NULL),(151,6,1,98,467.000,6,1,NULL),(152,6,2,53,135.000,1,1,NULL),(153,6,3,56,211.000,1,1,NULL),(154,6,4,107,215.000,2,1,NULL),(155,6,5,54,227.000,2,1,NULL),(156,6,6,63,360.000,1,1,NULL),(157,6,7,136,162.000,1,1,NULL),(158,6,8,130,522.000,4,1,NULL),(159,6,9,52,335.000,4,1,NULL),(160,6,10,112,328.000,5,1,NULL),(161,6,11,85,463.000,5,1,NULL),(162,6,12,134,268.000,1,1,NULL),(163,6,13,28,540.000,0,1,NULL),(164,6,14,94,325.000,6,1,NULL),(165,6,15,106,564.000,7,1,NULL),(166,6,16,120,323.000,2,1,NULL),(167,6,17,2,363.000,5,1,NULL),(168,6,18,40,566.000,7,1,NULL),(169,6,19,104,125.000,0,1,NULL),(170,6,20,31,462.000,3,1,NULL),(171,6,21,129,437.000,7,1,NULL),(172,6,22,67,426.000,1,1,NULL),(173,6,23,36,354.000,7,1,NULL),(174,6,24,135,325.000,1,1,NULL),(175,6,25,75,518.000,2,1,NULL),(176,6,26,146,349.000,2,1,NULL),(177,6,27,13,283.000,5,1,NULL),(178,6,28,49,129.000,0,1,NULL),(179,6,29,10,136.000,5,1,NULL),(180,6,30,110,216.000,0,1,NULL),(181,7,1,62,567.000,3,1,NULL),(182,7,2,126,385.000,4,1,NULL),(183,7,3,12,255.000,3,1,NULL),(184,7,4,82,389.000,5,1,NULL),(185,7,5,34,175.000,3,1,NULL),(186,7,6,14,120.000,0,1,NULL),(187,7,7,64,319.000,5,1,NULL),(188,7,8,21,263.000,3,1,NULL),(189,7,9,15,249.000,3,1,NULL),(190,7,10,3,139.000,4,1,NULL),(191,7,11,72,550.000,3,1,NULL),(192,7,12,43,142.000,0,1,NULL),(193,7,13,137,140.000,6,1,NULL),(194,7,14,140,414.000,0,1,NULL),(195,7,15,65,327.000,1,1,NULL),(196,7,16,114,166.000,2,1,NULL),(197,7,17,97,316.000,3,1,NULL),(198,7,18,69,542.000,3,1,NULL),(199,7,19,117,323.000,3,1,NULL),(200,7,20,139,221.000,3,1,NULL),(201,7,21,1,496.000,2,1,NULL),(202,7,22,118,369.000,5,1,NULL),(203,7,23,42,596.000,2,1,NULL),(204,7,24,29,500.000,4,1,NULL),(205,7,25,91,293.000,5,1,NULL),(206,7,26,133,538.000,6,1,NULL),(207,7,27,125,326.000,6,1,NULL),(208,7,28,121,399.000,3,1,NULL),(209,7,29,59,169.000,3,1,NULL),(210,7,30,76,287.000,0,1,NULL),(211,8,1,62,517.000,4,1,NULL),(212,8,2,126,211.000,0,1,NULL),(213,8,3,12,598.000,4,1,NULL),(214,8,4,82,512.000,1,1,NULL),(215,8,5,34,247.000,2,1,NULL),(216,8,6,14,491.000,1,1,NULL),(217,8,7,64,172.000,2,1,NULL),(218,8,8,21,566.000,4,1,NULL),(219,8,9,15,329.000,2,1,NULL),(220,8,10,3,387.000,2,1,NULL),(221,8,11,72,164.000,2,1,NULL),(222,8,12,43,591.000,3,1,NULL),(223,8,13,137,214.000,6,1,NULL),(224,8,14,140,320.000,6,1,NULL),(225,8,15,65,529.000,7,1,NULL),(226,8,16,114,280.000,3,1,NULL),(227,8,17,97,553.000,1,1,NULL),(228,8,18,69,494.000,0,1,NULL),(229,8,19,117,226.000,7,1,NULL),(230,8,20,139,163.000,0,1,NULL),(231,8,21,1,384.000,6,1,NULL),(232,8,22,118,231.000,4,1,NULL),(233,8,23,42,594.000,3,1,NULL),(234,8,24,29,389.000,7,1,NULL),(235,8,25,91,298.000,0,1,NULL),(236,8,26,133,563.000,5,1,NULL),(237,8,27,125,338.000,0,1,NULL),(238,8,28,121,339.000,5,1,NULL),(239,8,29,59,129.000,4,1,NULL),(240,8,30,76,596.000,6,1,NULL),(241,9,1,17,598.000,4,1,NULL),(242,9,2,16,162.000,5,1,NULL),(243,9,3,119,208.000,4,1,NULL),(244,9,4,47,445.000,6,1,NULL),(245,9,5,22,192.000,2,1,NULL),(246,9,6,41,474.000,2,1,NULL),(247,9,7,19,392.000,2,1,NULL),(248,9,8,89,194.000,3,1,NULL),(249,9,9,84,149.000,6,1,NULL),(250,9,10,39,483.000,5,1,NULL),(251,9,11,58,521.000,3,1,NULL),(252,9,12,44,433.000,5,1,NULL),(253,9,13,9,343.000,6,1,NULL),(254,9,14,92,316.000,3,1,NULL),(255,9,15,132,192.000,6,1,NULL),(256,9,16,51,365.000,6,1,NULL),(257,9,17,61,309.000,3,1,NULL),(258,9,18,78,310.000,6,1,NULL),(259,9,19,90,433.000,6,1,NULL),(260,9,20,66,389.000,1,1,NULL),(261,9,21,33,453.000,0,1,NULL),(262,9,22,150,261.000,1,1,NULL),(263,9,23,103,361.000,7,1,NULL),(264,9,24,18,478.000,1,1,NULL),(265,9,25,145,517.000,6,1,NULL),(266,9,26,147,228.000,7,1,NULL),(267,9,27,116,451.000,0,1,NULL),(268,9,28,79,297.000,6,1,NULL),(269,9,29,37,142.000,1,1,NULL),(270,9,30,113,207.000,7,1,NULL),(271,10,1,17,188.000,0,1,NULL),(272,10,2,16,174.000,4,1,NULL),(273,10,3,119,500.000,1,1,NULL),(274,10,4,47,476.000,1,1,NULL),(275,10,5,22,156.000,2,1,NULL),(276,10,6,41,493.000,6,1,NULL),(277,10,7,19,215.000,4,1,NULL),(278,10,8,89,428.000,0,1,NULL),(279,10,9,84,138.000,4,1,NULL),(280,10,10,39,275.000,5,1,NULL),(281,10,11,58,230.000,1,1,NULL),(282,10,12,44,321.000,1,1,NULL),(283,10,13,9,200.000,1,1,NULL),(284,10,14,92,290.000,1,1,NULL),(285,10,15,132,327.000,2,1,NULL),(286,10,16,51,150.000,3,1,NULL),(287,10,17,61,551.000,4,1,NULL),(288,10,18,78,464.000,7,1,NULL),(289,10,19,90,515.000,3,1,NULL),(290,10,20,66,467.000,3,1,NULL),(291,10,21,33,489.000,2,1,NULL),(292,10,22,150,505.000,0,1,NULL),(293,10,23,103,163.000,3,1,NULL),(294,10,24,18,276.000,4,1,NULL),(295,10,25,145,173.000,7,1,NULL),(296,10,26,147,164.000,1,1,NULL),(297,10,27,116,327.000,6,1,NULL),(298,10,28,79,589.000,3,1,NULL),(299,10,29,37,451.000,4,1,NULL),(300,10,30,113,329.000,7,1,NULL),(301,41,1,22,399.000,0,1,NULL),(302,41,2,19,121.000,3,1,NULL),(303,41,3,148,312.000,0,1,NULL),(304,41,4,7,389.000,6,1,NULL),(305,41,5,57,276.000,5,1,NULL),(306,41,6,3,517.000,4,1,NULL),(307,41,7,46,277.000,1,1,NULL),(308,41,8,21,202.000,7,1,NULL),(309,41,9,140,256.000,7,1,NULL),(310,41,10,61,180.000,4,1,NULL),(311,41,11,83,262.000,1,1,NULL),(312,41,12,106,530.000,7,1,NULL),(313,41,13,136,427.000,6,1,NULL),(314,41,14,69,508.000,3,1,NULL),(315,41,15,123,185.000,7,1,NULL),(316,41,16,60,379.000,5,1,NULL),(317,41,17,48,333.000,1,1,NULL),(318,41,18,130,372.000,3,1,NULL),(319,41,19,139,310.000,2,1,NULL),(320,41,20,18,428.000,5,1,NULL),(321,41,21,134,478.000,3,1,NULL),(322,41,22,35,366.000,5,1,NULL),(323,41,23,49,274.000,4,1,NULL),(324,41,24,105,423.000,4,1,NULL),(325,41,25,138,303.000,7,1,NULL),(326,41,26,8,517.000,4,1,NULL),(327,41,27,11,399.000,4,1,NULL),(328,41,28,127,152.000,4,1,NULL),(329,41,29,126,600.000,4,1,NULL),(330,41,30,113,550.000,0,1,NULL),(331,42,1,22,533.000,6,1,NULL),(332,42,2,19,364.000,4,1,NULL),(333,42,3,148,331.000,0,1,NULL),(334,42,4,7,393.000,1,1,NULL),(335,42,5,57,540.000,1,1,NULL),(336,42,6,3,233.000,4,1,NULL),(337,42,7,46,331.000,0,1,NULL),(338,42,8,21,128.000,1,1,NULL),(339,42,9,140,455.000,3,1,NULL),(340,42,10,61,459.000,5,1,NULL),(341,42,11,83,286.000,6,1,NULL),(342,42,12,106,422.000,3,1,NULL),(343,42,13,136,564.000,7,1,NULL),(344,42,14,69,188.000,7,1,NULL),(345,42,15,123,250.000,0,1,NULL),(346,42,16,60,136.000,7,1,NULL),(347,42,17,48,155.000,3,1,NULL),(348,42,18,130,357.000,0,1,NULL),(349,42,19,139,408.000,0,1,NULL),(350,42,20,18,533.000,4,1,NULL),(351,42,21,134,469.000,5,1,NULL),(352,42,22,35,144.000,4,1,NULL),(353,42,23,49,423.000,1,1,NULL),(354,42,24,105,538.000,4,1,NULL),(355,42,25,138,531.000,2,1,NULL),(356,42,26,8,174.000,6,1,NULL),(357,42,27,11,211.000,6,1,NULL),(358,42,28,127,448.000,3,1,NULL),(359,42,29,126,257.000,0,1,NULL),(360,42,30,113,141.000,7,1,NULL),(361,43,1,82,308.000,6,1,NULL),(362,43,2,53,579.000,8,1,NULL),(363,43,3,121,491.000,8,1,NULL),(364,43,4,86,401.000,1,1,NULL),(365,43,5,99,223.000,6,1,NULL),(366,43,6,108,565.000,7,1,NULL),(367,43,7,150,245.000,5,1,NULL),(368,43,8,94,460.000,1,1,NULL),(369,43,9,142,548.000,2,1,NULL),(370,43,10,137,125.000,1,1,NULL),(371,43,11,91,543.000,3,1,NULL),(372,43,12,64,401.000,4,1,NULL),(373,43,13,33,247.000,6,1,NULL),(374,43,14,75,270.000,7,1,NULL),(375,43,15,146,414.000,3,1,NULL),(376,43,16,15,290.000,3,1,NULL),(377,43,17,124,350.000,4,1,NULL),(378,43,18,6,335.000,8,1,NULL),(379,43,19,1,338.000,2,1,NULL),(380,43,20,78,262.000,4,1,NULL),(381,43,21,72,230.000,1,1,NULL),(382,43,22,128,532.000,4,1,NULL),(383,43,23,120,270.000,6,1,NULL),(384,43,24,102,423.000,7,1,NULL),(385,43,25,141,280.000,4,1,NULL),(386,43,26,110,454.000,6,1,NULL),(387,43,27,143,295.000,5,1,NULL),(388,43,28,43,512.000,6,1,NULL),(389,43,29,37,520.000,6,1,NULL),(390,43,30,36,518.000,0,1,NULL),(391,44,1,82,477.000,4,1,NULL),(392,44,2,53,157.000,1,1,NULL),(393,44,3,121,431.000,1,1,NULL),(394,44,4,86,585.000,6,1,NULL),(395,44,5,99,183.000,5,1,NULL),(396,44,6,108,483.000,1,1,NULL),(397,44,7,150,430.000,2,1,NULL),(398,44,8,94,176.000,5,1,NULL),(399,44,9,142,258.000,5,1,NULL),(400,44,10,137,312.000,4,1,NULL),(401,44,11,91,147.000,5,1,NULL),(402,44,12,64,188.000,2,1,NULL),(403,44,13,33,123.000,1,1,NULL),(404,44,14,75,269.000,5,1,NULL),(405,44,15,146,479.000,6,1,NULL),(406,44,16,15,253.000,5,1,NULL),(407,44,17,124,142.000,4,1,NULL),(408,44,18,6,298.000,1,1,NULL),(409,44,19,1,176.000,3,1,NULL),(410,44,20,78,140.000,6,1,NULL),(411,44,21,72,468.000,5,1,NULL),(412,44,22,128,418.000,6,1,NULL),(413,44,23,120,120.000,6,1,NULL),(414,44,24,102,579.000,5,1,NULL),(415,44,25,141,462.000,5,1,NULL),(416,44,26,110,555.000,3,1,NULL),(417,44,27,143,348.000,6,1,NULL),(418,44,28,43,210.000,6,1,NULL),(419,44,29,37,519.000,3,1,NULL),(420,44,30,36,307.000,6,1,NULL),(421,45,1,114,402.000,1,1,NULL),(422,45,2,27,514.000,8,1,NULL),(423,45,3,45,474.000,0,1,NULL),(424,45,4,12,493.000,6,1,NULL),(425,45,5,133,338.000,6,1,NULL),(426,45,6,95,600.000,5,1,NULL),(427,45,7,67,301.000,0,1,NULL),(428,45,8,59,586.000,6,1,NULL),(429,45,9,89,550.000,4,1,NULL),(430,45,10,147,594.000,8,1,NULL),(431,45,11,58,377.000,7,1,NULL),(432,45,12,39,556.000,4,1,NULL),(433,45,13,31,408.000,1,1,NULL),(434,45,14,70,481.000,5,1,NULL),(435,45,15,62,230.000,8,1,NULL),(436,45,16,14,317.000,7,1,NULL),(437,45,17,63,163.000,4,1,NULL),(438,45,18,131,532.000,5,1,NULL),(439,45,19,149,242.000,0,1,NULL),(440,45,20,92,158.000,5,1,NULL),(441,45,21,145,238.000,5,1,NULL),(442,45,22,144,217.000,2,1,NULL),(443,45,23,26,547.000,4,1,NULL),(444,45,24,55,500.000,5,1,NULL),(445,45,25,24,154.000,5,1,NULL),(446,45,26,29,547.000,6,1,NULL),(447,45,27,41,321.000,2,1,NULL),(448,45,28,47,232.000,5,1,NULL),(449,45,29,122,380.000,3,1,NULL),(450,45,30,28,316.000,7,1,NULL),(451,46,1,114,484.000,0,1,NULL),(452,46,2,27,196.000,0,1,NULL),(453,46,3,45,440.000,6,1,NULL),(454,46,4,12,474.000,4,1,NULL),(455,46,5,133,599.000,2,1,NULL),(456,46,6,95,501.000,0,1,NULL),(457,46,7,67,372.000,7,1,NULL),(458,46,8,59,557.000,6,1,NULL),(459,46,9,89,196.000,8,1,NULL),(460,46,10,147,513.000,8,1,NULL),(461,46,11,58,240.000,7,1,NULL),(462,46,12,39,301.000,2,1,NULL),(463,46,13,31,184.000,0,1,NULL),(464,46,14,70,216.000,6,1,NULL),(465,46,15,62,258.000,4,1,NULL),(466,46,16,14,271.000,4,1,NULL),(467,46,17,63,489.000,6,1,NULL),(468,46,18,131,451.000,1,1,NULL),(469,46,19,149,598.000,4,1,NULL),(470,46,20,92,452.000,4,1,NULL),(471,46,21,145,123.000,5,1,NULL),(472,46,22,144,544.000,5,1,NULL),(473,46,23,26,403.000,5,1,NULL),(474,46,24,55,153.000,8,1,NULL),(475,46,25,24,265.000,0,1,NULL),(476,46,26,29,528.000,1,1,NULL),(477,46,27,41,482.000,3,1,NULL),(478,46,28,47,230.000,0,1,NULL),(479,46,29,122,501.000,4,1,NULL),(480,46,30,28,335.000,3,1,NULL),(481,47,1,90,153.000,4,1,NULL),(482,47,2,109,275.000,3,1,NULL),(483,47,3,40,364.000,2,1,NULL),(484,47,4,116,352.000,1,1,NULL),(485,47,5,129,481.000,3,1,NULL),(486,47,6,74,207.000,2,1,NULL),(487,47,7,125,457.000,5,1,NULL),(488,47,8,115,158.000,2,1,NULL),(489,47,9,112,338.000,6,1,NULL),(490,47,10,5,282.000,3,1,NULL),(491,47,11,54,468.000,6,1,NULL),(492,47,12,118,405.000,2,1,NULL),(493,47,13,101,416.000,6,1,NULL),(494,47,14,103,524.000,5,1,NULL),(495,47,15,85,402.000,2,1,NULL),(496,47,16,98,374.000,2,1,NULL),(497,47,17,88,357.000,1,1,NULL),(498,47,18,81,421.000,3,1,NULL),(499,47,19,44,204.000,3,1,NULL),(500,47,20,135,280.000,7,1,NULL),(501,47,21,104,168.000,7,1,NULL),(502,47,22,51,133.000,0,1,NULL),(503,47,23,52,277.000,1,1,NULL),(504,47,24,84,452.000,0,1,NULL),(505,47,25,23,174.000,1,1,NULL),(506,47,26,56,404.000,6,1,NULL),(507,47,27,117,238.000,0,1,NULL),(508,47,28,93,466.000,4,1,NULL),(509,47,29,25,589.000,1,1,NULL),(510,47,30,100,586.000,6,1,NULL),(511,48,1,90,581.000,8,1,NULL),(512,48,2,109,252.000,8,1,NULL),(513,48,3,40,405.000,6,1,NULL),(514,48,4,116,595.000,7,1,NULL),(515,48,5,129,588.000,4,1,NULL),(516,48,6,74,322.000,7,1,NULL),(517,48,7,125,258.000,2,1,NULL),(518,48,8,115,421.000,4,1,NULL),(519,48,9,112,215.000,8,1,NULL),(520,48,10,5,516.000,7,1,NULL),(521,48,11,54,297.000,8,1,NULL),(522,48,12,118,135.000,0,1,NULL),(523,48,13,101,390.000,8,1,NULL),(524,48,14,103,231.000,4,1,NULL),(525,48,15,85,482.000,7,1,NULL),(526,48,16,98,513.000,5,1,NULL),(527,48,17,88,167.000,0,1,NULL),(528,48,18,81,265.000,6,1,NULL),(529,48,19,44,541.000,8,1,NULL),(530,48,20,135,519.000,2,1,NULL),(531,48,21,104,487.000,2,1,NULL),(532,48,22,51,444.000,3,1,NULL),(533,48,23,52,421.000,2,1,NULL),(534,48,24,84,284.000,6,1,NULL),(535,48,25,23,257.000,3,1,NULL),(536,48,26,56,372.000,3,1,NULL),(537,48,27,117,404.000,2,1,NULL),(538,48,28,93,183.000,0,1,NULL),(539,48,29,25,330.000,2,1,NULL),(540,48,30,100,247.000,8,1,NULL),(541,49,1,107,468.000,5,1,NULL),(542,49,2,65,571.000,7,1,NULL),(543,49,3,66,473.000,6,1,NULL),(544,49,4,32,141.000,0,1,NULL),(545,49,5,96,569.000,7,1,NULL),(546,49,6,2,265.000,6,1,NULL),(547,49,7,38,352.000,6,1,NULL),(548,49,8,97,533.000,0,1,NULL),(549,49,9,10,141.000,2,1,NULL),(550,49,10,87,393.000,0,1,NULL),(551,49,11,132,345.000,8,1,NULL),(552,49,12,17,344.000,1,1,NULL),(553,49,13,73,540.000,3,1,NULL),(554,49,14,50,424.000,4,1,NULL),(555,49,15,119,254.000,3,1,NULL),(556,49,16,80,148.000,0,1,NULL),(557,49,17,20,360.000,2,1,NULL),(558,49,18,76,229.000,8,1,NULL),(559,49,19,77,206.000,4,1,NULL),(560,49,20,68,402.000,4,1,NULL),(561,49,21,16,152.000,3,1,NULL),(562,49,22,9,380.000,0,1,NULL),(563,49,23,111,147.000,2,1,NULL),(564,49,24,4,426.000,1,1,NULL),(565,49,25,13,424.000,7,1,NULL),(566,49,26,34,490.000,3,1,NULL),(567,49,27,79,353.000,3,1,NULL),(568,49,28,42,565.000,3,1,NULL),(569,49,29,71,482.000,6,1,NULL),(570,49,30,30,316.000,4,1,NULL),(571,50,1,107,352.000,3,1,NULL),(572,50,2,65,316.000,4,1,NULL),(573,50,3,66,469.000,0,1,NULL),(574,50,4,32,598.000,2,1,NULL),(575,50,5,96,473.000,4,1,NULL),(576,50,6,2,308.000,4,1,NULL),(577,50,7,38,499.000,5,1,NULL),(578,50,8,97,566.000,0,1,NULL),(579,50,9,10,534.000,2,1,NULL),(580,50,10,87,362.000,3,1,NULL),(581,50,11,132,597.000,2,1,NULL),(582,50,12,17,566.000,4,1,NULL),(583,50,13,73,582.000,3,1,NULL),(584,50,14,50,427.000,1,1,NULL),(585,50,15,119,526.000,2,1,NULL),(586,50,16,80,465.000,6,1,NULL),(587,50,17,20,576.000,1,1,NULL),(588,50,18,76,164.000,5,1,NULL),(589,50,19,77,348.000,1,1,NULL),(590,50,20,68,175.000,5,1,NULL),(591,50,21,16,350.000,2,1,NULL),(592,50,22,9,156.000,4,1,NULL),(593,50,23,111,547.000,1,1,NULL),(594,50,24,4,271.000,1,1,NULL),(595,50,25,13,315.000,5,1,NULL),(596,50,26,34,168.000,0,1,NULL),(597,50,27,79,443.000,2,1,NULL),(598,50,28,42,559.000,3,1,NULL),(599,50,29,71,428.000,3,1,NULL),(600,50,30,30,214.000,4,1,NULL),(601,31,1,91,192.000,7,1,NULL),(602,31,2,66,470.000,3,1,NULL),(603,31,3,100,358.000,1,1,NULL),(604,31,4,127,512.000,1,1,NULL),(605,31,5,43,322.000,4,1,NULL),(606,31,6,115,574.000,3,1,NULL),(607,31,7,130,172.000,5,1,NULL),(608,31,8,38,438.000,4,1,NULL),(609,31,9,71,131.000,1,1,NULL),(610,31,10,51,296.000,2,1,NULL),(611,31,11,65,389.000,5,1,NULL),(612,31,12,95,132.000,1,1,NULL),(613,31,13,45,164.000,0,1,NULL),(614,31,14,26,446.000,4,1,NULL),(615,31,15,41,512.000,6,1,NULL),(616,31,16,136,388.000,5,1,NULL),(617,31,17,112,526.000,0,1,NULL),(618,31,18,101,162.000,4,1,NULL),(619,31,19,132,368.000,6,1,NULL),(620,31,20,125,410.000,2,1,NULL),(621,31,21,3,482.000,2,1,NULL),(622,31,22,2,331.000,5,1,NULL),(623,31,23,110,425.000,0,1,NULL),(624,31,24,121,172.000,3,1,NULL),(625,31,25,90,124.000,4,1,NULL),(626,31,26,139,153.000,6,1,NULL),(627,31,27,120,519.000,2,1,NULL),(628,31,28,37,334.000,3,1,NULL),(629,31,29,20,373.000,3,1,NULL),(630,31,30,94,313.000,0,1,NULL),(631,32,1,91,472.000,5,1,NULL),(632,32,2,66,234.000,3,1,NULL),(633,32,3,100,228.000,6,1,NULL),(634,32,4,127,126.000,5,1,NULL),(635,32,5,43,518.000,2,1,NULL),(636,32,6,115,138.000,0,1,NULL),(637,32,7,130,164.000,2,1,NULL),(638,32,8,38,394.000,2,1,NULL),(639,32,9,71,550.000,3,1,NULL),(640,32,10,51,224.000,1,1,NULL),(641,32,11,65,363.000,1,1,NULL),(642,32,12,95,297.000,6,1,NULL),(643,32,13,45,285.000,0,1,NULL),(644,32,14,26,260.000,2,1,NULL),(645,32,15,41,576.000,4,1,NULL),(646,32,16,136,203.000,4,1,NULL),(647,32,17,112,392.000,3,1,NULL),(648,32,18,101,164.000,4,1,NULL),(649,32,19,132,443.000,2,1,NULL),(650,32,20,125,405.000,2,1,NULL),(651,32,21,3,122.000,3,1,NULL),(652,32,22,2,259.000,2,1,NULL),(653,32,23,110,449.000,4,1,NULL),(654,32,24,121,543.000,1,1,NULL),(655,32,25,90,133.000,5,1,NULL),(656,32,26,139,172.000,3,1,NULL),(657,32,27,120,395.000,3,1,NULL),(658,32,28,37,270.000,5,1,NULL),(659,32,29,20,437.000,2,1,NULL),(660,32,30,94,309.000,6,1,NULL),(661,33,1,1,517.000,4,1,NULL),(662,33,2,21,339.000,6,1,NULL),(663,33,3,107,371.000,0,1,NULL),(664,33,4,16,492.000,6,1,NULL),(665,33,5,33,150.000,3,1,NULL),(666,33,6,74,366.000,2,1,NULL),(667,33,7,102,481.000,4,1,NULL),(668,33,8,75,331.000,5,1,NULL),(669,33,9,78,334.000,5,1,NULL),(670,33,10,22,391.000,5,1,NULL),(671,33,11,117,287.000,0,1,NULL),(672,33,12,93,321.000,3,1,NULL),(673,33,13,126,287.000,5,1,NULL),(674,33,14,86,275.000,1,1,NULL),(675,33,15,99,565.000,1,1,NULL),(676,33,16,10,329.000,2,1,NULL),(677,33,17,67,139.000,4,1,NULL),(678,33,18,42,345.000,1,1,NULL),(679,33,19,131,250.000,5,1,NULL),(680,33,20,72,527.000,5,1,NULL),(681,33,21,48,443.000,0,1,NULL),(682,33,22,144,259.000,4,1,NULL),(683,33,23,31,397.000,6,1,NULL),(684,33,24,60,396.000,4,1,NULL),(685,33,25,5,580.000,5,1,NULL),(686,33,26,108,391.000,5,1,NULL),(687,33,27,89,502.000,4,1,NULL),(688,33,28,83,288.000,5,1,NULL),(689,33,29,103,305.000,1,1,NULL),(690,33,30,88,385.000,0,1,NULL),(691,34,1,1,485.000,4,1,NULL),(692,34,2,21,321.000,8,1,NULL),(693,34,3,107,143.000,1,1,NULL),(694,34,4,16,352.000,0,1,NULL),(695,34,5,33,504.000,0,1,NULL),(696,34,6,74,147.000,6,1,NULL),(697,34,7,102,318.000,8,1,NULL),(698,34,8,75,389.000,2,1,NULL),(699,34,9,78,158.000,1,1,NULL),(700,34,10,22,346.000,3,1,NULL),(701,34,11,117,575.000,6,1,NULL),(702,34,12,93,425.000,5,1,NULL),(703,34,13,126,567.000,6,1,NULL),(704,34,14,86,586.000,8,1,NULL),(705,34,15,99,355.000,7,1,NULL),(706,34,16,10,533.000,1,1,NULL),(707,34,17,67,334.000,2,1,NULL),(708,34,18,42,593.000,1,1,NULL),(709,34,19,131,410.000,7,1,NULL),(710,34,20,72,455.000,0,1,NULL),(711,34,21,48,562.000,6,1,NULL),(712,34,22,144,490.000,3,1,NULL),(713,34,23,31,288.000,3,1,NULL),(714,34,24,60,525.000,7,1,NULL),(715,34,25,5,393.000,6,1,NULL),(716,34,26,108,531.000,0,1,NULL),(717,34,27,89,387.000,2,1,NULL),(718,34,28,83,257.000,5,1,NULL),(719,34,29,103,580.000,7,1,NULL),(720,34,30,88,370.000,0,1,NULL),(721,35,1,44,496.000,2,1,NULL),(722,35,2,53,384.000,1,1,NULL),(723,35,3,79,199.000,3,1,NULL),(724,35,4,25,339.000,2,1,NULL),(725,35,5,137,220.000,2,1,NULL),(726,35,6,56,502.000,2,1,NULL),(727,35,7,58,464.000,2,1,NULL),(728,35,8,69,416.000,0,1,NULL),(729,35,9,80,315.000,0,1,NULL),(730,35,10,19,450.000,5,1,NULL),(731,35,11,138,540.000,1,1,NULL),(732,35,12,150,369.000,3,1,NULL),(733,35,13,49,517.000,3,1,NULL),(734,35,14,149,565.000,3,1,NULL),(735,35,15,81,226.000,3,1,NULL),(736,35,16,116,538.000,1,1,NULL),(737,35,17,87,420.000,2,1,NULL),(738,35,18,39,495.000,0,1,NULL),(739,35,19,24,128.000,5,1,NULL),(740,35,20,28,164.000,2,1,NULL),(741,35,21,9,505.000,1,1,NULL),(742,35,22,114,461.000,5,1,NULL),(743,35,23,129,567.000,6,1,NULL),(744,35,24,23,498.000,3,1,NULL),(745,35,25,134,180.000,4,1,NULL),(746,35,26,55,516.000,6,1,NULL),(747,35,27,11,551.000,3,1,NULL),(748,35,28,143,424.000,2,1,NULL),(749,35,29,147,588.000,2,1,NULL),(750,35,30,68,299.000,2,1,NULL),(751,36,1,44,180.000,4,1,NULL),(752,36,2,53,397.000,4,1,NULL),(753,36,3,79,404.000,8,1,NULL),(754,36,4,25,438.000,4,1,NULL),(755,36,5,137,220.000,0,1,NULL),(756,36,6,56,367.000,0,1,NULL),(757,36,7,58,337.000,0,1,NULL),(758,36,8,69,508.000,8,1,NULL),(759,36,9,80,369.000,7,1,NULL),(760,36,10,19,452.000,0,1,NULL),(761,36,11,138,233.000,4,1,NULL),(762,36,12,150,554.000,6,1,NULL),(763,36,13,49,540.000,1,1,NULL),(764,36,14,149,485.000,8,1,NULL),(765,36,15,81,451.000,8,1,NULL),(766,36,16,116,475.000,5,1,NULL),(767,36,17,87,318.000,1,1,NULL),(768,36,18,39,292.000,8,1,NULL),(769,36,19,24,268.000,5,1,NULL),(770,36,20,28,569.000,3,1,NULL),(771,36,21,9,402.000,6,1,NULL),(772,36,22,114,235.000,5,1,NULL),(773,36,23,129,254.000,3,1,NULL),(774,36,24,23,482.000,2,1,NULL),(775,36,25,134,434.000,7,1,NULL),(776,36,26,55,144.000,5,1,NULL),(777,36,27,11,298.000,6,1,NULL),(778,36,28,143,485.000,4,1,NULL),(779,36,29,147,237.000,5,1,NULL),(780,36,30,68,249.000,5,1,NULL),(781,37,1,14,435.000,4,1,NULL),(782,37,2,30,293.000,5,1,NULL),(783,37,3,34,202.000,2,1,NULL),(784,37,4,145,138.000,1,1,NULL),(785,37,5,73,240.000,5,1,NULL),(786,37,6,46,277.000,0,1,NULL),(787,37,7,98,536.000,3,1,NULL),(788,37,8,113,350.000,2,1,NULL),(789,37,9,50,206.000,0,1,NULL),(790,37,10,106,338.000,5,1,NULL),(791,37,11,109,424.000,2,1,NULL),(792,37,12,52,592.000,0,1,NULL),(793,37,13,119,396.000,3,1,NULL),(794,37,14,47,298.000,5,1,NULL),(795,37,15,70,331.000,1,1,NULL),(796,37,16,124,445.000,6,1,NULL),(797,37,17,141,181.000,6,1,NULL),(798,37,18,27,172.000,2,1,NULL),(799,37,19,63,564.000,0,1,NULL),(800,37,20,12,496.000,1,1,NULL),(801,37,21,128,280.000,2,1,NULL),(802,37,22,135,303.000,4,1,NULL),(803,37,23,57,217.000,4,1,NULL),(804,37,24,54,540.000,4,1,NULL),(805,37,25,123,346.000,4,1,NULL),(806,37,26,40,287.000,5,1,NULL),(807,37,27,7,202.000,2,1,NULL),(808,37,28,59,200.000,3,1,NULL),(809,37,29,146,453.000,4,1,NULL),(810,37,30,142,429.000,1,1,NULL),(811,38,1,14,455.000,7,1,NULL),(812,38,2,30,221.000,5,1,NULL),(813,38,3,34,517.000,5,1,NULL),(814,38,4,145,123.000,8,1,NULL),(815,38,5,73,431.000,5,1,NULL),(816,38,6,46,555.000,3,1,NULL),(817,38,7,98,332.000,3,1,NULL),(818,38,8,113,464.000,2,1,NULL),(819,38,9,50,287.000,4,1,NULL),(820,38,10,106,574.000,3,1,NULL),(821,38,11,109,277.000,0,1,NULL),(822,38,12,52,552.000,1,1,NULL),(823,38,13,119,315.000,4,1,NULL),(824,38,14,47,368.000,8,1,NULL),(825,38,15,70,148.000,0,1,NULL),(826,38,16,124,524.000,3,1,NULL),(827,38,17,141,531.000,2,1,NULL),(828,38,18,27,482.000,0,1,NULL),(829,38,19,63,600.000,2,1,NULL),(830,38,20,12,501.000,1,1,NULL),(831,38,21,128,597.000,2,1,NULL),(832,38,22,135,151.000,0,1,NULL),(833,38,23,57,471.000,5,1,NULL),(834,38,24,54,147.000,8,1,NULL),(835,38,25,123,376.000,5,1,NULL),(836,38,26,40,328.000,3,1,NULL),(837,38,27,7,325.000,2,1,NULL),(838,38,28,59,442.000,5,1,NULL),(839,38,29,146,439.000,4,1,NULL),(840,38,30,142,229.000,4,1,NULL),(841,39,1,32,393.000,4,1,NULL),(842,39,2,105,452.000,1,1,NULL),(843,39,3,61,311.000,4,1,NULL),(844,39,4,77,584.000,4,1,NULL),(845,39,5,140,532.000,0,1,NULL),(846,39,6,18,247.000,3,1,NULL),(847,39,7,15,346.000,4,1,NULL),(848,39,8,82,485.000,5,1,NULL),(849,39,9,92,278.000,4,1,NULL),(850,39,10,62,241.000,1,1,NULL),(851,39,11,97,346.000,4,1,NULL),(852,39,12,84,513.000,2,1,NULL),(853,39,13,64,377.000,1,1,NULL),(854,39,14,118,359.000,0,1,NULL),(855,39,15,85,324.000,6,1,NULL),(856,39,16,96,572.000,6,1,NULL),(857,39,17,17,482.000,0,1,NULL),(858,39,18,4,359.000,0,1,NULL),(859,39,19,6,191.000,2,1,NULL),(860,39,20,13,444.000,4,1,NULL),(861,39,21,76,151.000,2,1,NULL),(862,39,22,133,549.000,1,1,NULL),(863,39,23,122,518.000,3,1,NULL),(864,39,24,111,431.000,2,1,NULL),(865,39,25,29,562.000,6,1,NULL),(866,39,26,36,446.000,0,1,NULL),(867,39,27,8,278.000,6,1,NULL),(868,39,28,148,323.000,4,1,NULL),(869,39,29,35,457.000,6,1,NULL),(870,39,30,104,287.000,3,1,NULL),(871,40,1,32,521.000,5,1,NULL),(872,40,2,105,192.000,2,1,NULL),(873,40,3,61,125.000,2,1,NULL),(874,40,4,77,136.000,3,1,NULL),(875,40,5,140,288.000,4,1,NULL),(876,40,6,18,348.000,8,1,NULL),(877,40,7,15,463.000,0,1,NULL),(878,40,8,82,357.000,0,1,NULL),(879,40,9,92,185.000,0,1,NULL),(880,40,10,62,241.000,1,1,NULL),(881,40,11,97,231.000,1,1,NULL),(882,40,12,84,429.000,8,1,NULL),(883,40,13,64,482.000,3,1,NULL),(884,40,14,118,217.000,1,1,NULL),(885,40,15,85,308.000,8,1,NULL),(886,40,16,96,569.000,1,1,NULL),(887,40,17,17,412.000,3,1,NULL),(888,40,18,4,460.000,2,1,NULL),(889,40,19,6,332.000,8,1,NULL),(890,40,20,13,223.000,2,1,NULL),(891,40,21,76,415.000,7,1,NULL),(892,40,22,133,368.000,7,1,NULL),(893,40,23,122,276.000,8,1,NULL),(894,40,24,111,138.000,3,1,NULL),(895,40,25,29,367.000,3,1,NULL),(896,40,26,36,593.000,2,1,NULL),(897,40,27,8,525.000,4,1,NULL),(898,40,28,148,390.000,8,1,NULL),(899,40,29,35,221.000,7,1,NULL),(900,40,30,104,422.000,5,1,NULL),(901,21,1,142,433.000,2,1,NULL),(902,21,2,27,520.000,0,1,NULL),(903,21,3,58,295.000,5,1,NULL),(904,21,4,1,161.000,1,1,NULL),(905,21,5,106,138.000,2,1,NULL),(906,21,6,125,220.000,0,1,NULL),(907,21,7,79,336.000,7,1,NULL),(908,21,8,122,360.000,2,1,NULL),(909,21,9,5,158.000,2,1,NULL),(910,21,10,77,561.000,2,1,NULL),(911,21,11,138,286.000,3,1,NULL),(912,21,12,86,437.000,4,1,NULL),(913,21,13,93,190.000,8,1,NULL),(914,21,14,54,210.000,0,1,NULL),(915,21,15,64,571.000,7,1,NULL),(916,21,16,29,176.000,3,1,NULL),(917,21,17,109,526.000,3,1,NULL),(918,21,18,123,336.000,7,1,NULL),(919,21,19,55,304.000,5,1,NULL),(920,21,20,105,389.000,1,1,NULL),(921,21,21,89,419.000,5,1,NULL),(922,21,22,48,366.000,4,1,NULL),(923,21,23,84,281.000,5,1,NULL),(924,21,24,38,235.000,2,1,NULL),(925,21,25,3,475.000,2,1,NULL),(926,21,26,80,414.000,0,1,NULL),(927,21,27,96,177.000,4,1,NULL),(928,21,28,7,155.000,7,1,NULL),(929,21,29,65,230.000,5,1,NULL),(930,21,30,53,288.000,1,1,NULL),(931,22,1,142,538.000,6,1,NULL),(932,22,2,27,188.000,6,1,NULL),(933,22,3,58,181.000,2,1,NULL),(934,22,4,1,326.000,1,1,NULL),(935,22,5,106,595.000,5,1,NULL),(936,22,6,125,545.000,0,1,NULL),(937,22,7,79,497.000,1,1,NULL),(938,22,8,122,200.000,4,1,NULL),(939,22,9,5,532.000,4,1,NULL),(940,22,10,77,490.000,3,1,NULL),(941,22,11,138,247.000,3,1,NULL),(942,22,12,86,406.000,6,1,NULL),(943,22,13,93,126.000,4,1,NULL),(944,22,14,54,378.000,0,1,NULL),(945,22,15,64,154.000,0,1,NULL),(946,22,16,29,325.000,5,1,NULL),(947,22,17,109,302.000,4,1,NULL),(948,22,18,123,510.000,2,1,NULL),(949,22,19,55,448.000,5,1,NULL),(950,22,20,105,292.000,3,1,NULL),(951,22,21,89,429.000,1,1,NULL),(952,22,22,48,323.000,2,1,NULL),(953,22,23,84,186.000,5,1,NULL),(954,22,24,38,490.000,3,1,NULL),(955,22,25,3,487.000,2,1,NULL),(956,22,26,80,372.000,4,1,NULL),(957,22,27,96,181.000,6,1,NULL),(958,22,28,7,394.000,3,1,NULL),(959,22,29,65,452.000,2,1,NULL),(960,22,30,53,404.000,6,1,NULL),(961,23,1,66,293.000,5,1,NULL),(962,23,2,60,216.000,2,1,NULL),(963,23,3,6,241.000,6,1,NULL),(964,23,4,42,595.000,8,1,NULL),(965,23,5,85,393.000,6,1,NULL),(966,23,6,69,478.000,5,1,NULL),(967,23,7,146,172.000,5,1,NULL),(968,23,8,62,559.000,8,1,NULL),(969,23,9,71,515.000,7,1,NULL),(970,23,10,129,444.000,2,1,NULL),(971,23,11,33,287.000,4,1,NULL),(972,23,12,39,468.000,3,1,NULL),(973,23,13,113,311.000,6,1,NULL),(974,23,14,21,483.000,6,1,NULL),(975,23,15,99,401.000,0,1,NULL),(976,23,16,117,463.000,4,1,NULL),(977,23,17,24,583.000,8,1,NULL),(978,23,18,92,330.000,4,1,NULL),(979,23,19,13,559.000,0,1,NULL),(980,23,20,72,258.000,7,1,NULL),(981,23,21,132,292.000,1,1,NULL),(982,23,22,46,190.000,2,1,NULL),(983,23,23,131,270.000,4,1,NULL),(984,23,24,40,557.000,3,1,NULL),(985,23,25,26,280.000,7,1,NULL),(986,23,26,73,207.000,2,1,NULL),(987,23,27,14,494.000,2,1,NULL),(988,23,28,111,476.000,8,1,NULL),(989,23,29,41,400.000,5,1,NULL),(990,23,30,83,188.000,4,1,NULL),(991,24,1,66,128.000,2,1,NULL),(992,24,2,60,389.000,1,1,NULL),(993,24,3,6,443.000,6,1,NULL),(994,24,4,42,236.000,2,1,NULL),(995,24,5,85,369.000,6,1,NULL),(996,24,6,69,541.000,1,1,NULL),(997,24,7,146,386.000,1,1,NULL),(998,24,8,62,122.000,6,1,NULL),(999,24,9,71,132.000,3,1,NULL),(1000,24,10,129,302.000,6,1,NULL),(1001,24,11,33,530.000,6,1,NULL),(1002,24,12,39,307.000,6,1,NULL),(1003,24,13,113,134.000,5,1,NULL),(1004,24,14,21,375.000,4,1,NULL),(1005,24,15,99,486.000,1,1,NULL),(1006,24,16,117,534.000,5,1,NULL),(1007,24,17,24,124.000,4,1,NULL),(1008,24,18,92,559.000,7,1,NULL),(1009,24,19,13,449.000,3,1,NULL),(1010,24,20,72,502.000,3,1,NULL),(1011,24,21,132,591.000,2,1,NULL),(1012,24,22,46,418.000,2,1,NULL),(1013,24,23,131,598.000,0,1,NULL),(1014,24,24,40,266.000,7,1,NULL),(1015,24,25,26,352.000,1,1,NULL),(1016,24,26,73,391.000,4,1,NULL),(1017,24,27,14,549.000,4,1,NULL),(1018,24,28,111,499.000,0,1,NULL),(1019,24,29,41,438.000,6,1,NULL),(1020,24,30,83,587.000,5,1,NULL),(1021,25,1,34,149.000,2,1,NULL),(1022,25,2,36,466.000,6,1,NULL),(1023,25,3,102,596.000,1,1,NULL),(1024,25,4,43,533.000,4,1,NULL),(1025,25,5,119,564.000,1,1,NULL),(1026,25,6,75,174.000,4,1,NULL),(1027,25,7,28,428.000,0,1,NULL),(1028,25,8,12,582.000,1,1,NULL),(1029,25,9,30,159.000,2,1,NULL),(1030,25,10,25,169.000,6,1,NULL),(1031,25,11,31,173.000,6,1,NULL),(1032,25,12,145,357.000,0,1,NULL),(1033,25,13,134,432.000,1,1,NULL),(1034,25,14,141,493.000,0,1,NULL),(1035,25,15,20,128.000,3,1,NULL),(1036,25,16,143,430.000,5,1,NULL),(1037,25,17,4,189.000,1,1,NULL),(1038,25,18,67,353.000,5,1,NULL),(1039,25,19,149,480.000,1,1,NULL),(1040,25,20,87,242.000,0,1,NULL),(1041,25,21,61,509.000,5,1,NULL),(1042,25,22,22,417.000,0,1,NULL),(1043,25,23,50,491.000,0,1,NULL),(1044,25,24,114,473.000,1,1,NULL),(1045,25,25,136,417.000,3,1,NULL),(1046,25,26,52,562.000,5,1,NULL),(1047,25,27,44,458.000,2,1,NULL),(1048,25,28,15,293.000,1,1,NULL),(1049,25,29,103,540.000,4,1,NULL),(1050,25,30,35,527.000,4,1,NULL),(1051,26,1,34,356.000,7,1,NULL),(1052,26,2,36,275.000,5,1,NULL),(1053,26,3,102,211.000,2,1,NULL),(1054,26,4,43,221.000,2,1,NULL),(1055,26,5,119,245.000,2,1,NULL),(1056,26,6,75,396.000,1,1,NULL),(1057,26,7,28,143.000,2,1,NULL),(1058,26,8,12,220.000,6,1,NULL),(1059,26,9,30,368.000,7,1,NULL),(1060,26,10,25,387.000,3,1,NULL),(1061,26,11,31,289.000,1,1,NULL),(1062,26,12,145,583.000,5,1,NULL),(1063,26,13,134,559.000,6,1,NULL),(1064,26,14,141,307.000,0,1,NULL),(1065,26,15,20,160.000,0,1,NULL),(1066,26,16,143,204.000,2,1,NULL),(1067,26,17,4,251.000,4,1,NULL),(1068,26,18,67,482.000,8,1,NULL),(1069,26,19,149,334.000,4,1,NULL),(1070,26,20,87,358.000,0,1,NULL),(1071,26,21,61,459.000,0,1,NULL),(1072,26,22,22,318.000,1,1,NULL),(1073,26,23,50,571.000,1,1,NULL),(1074,26,24,114,315.000,0,1,NULL),(1075,26,25,136,582.000,6,1,NULL),(1076,26,26,52,572.000,1,1,NULL),(1077,26,27,44,426.000,4,1,NULL),(1078,26,28,15,193.000,0,1,NULL),(1079,26,29,103,175.000,6,1,NULL),(1080,26,30,35,448.000,8,1,NULL),(1081,27,1,91,519.000,2,1,NULL),(1082,27,2,108,434.000,2,1,NULL),(1083,27,3,2,206.000,2,1,NULL),(1084,27,4,10,330.000,1,1,NULL),(1085,27,5,95,149.000,1,1,NULL),(1086,27,6,49,372.000,6,1,NULL),(1087,27,7,100,593.000,2,1,NULL),(1088,27,8,19,157.000,3,1,NULL),(1089,27,9,104,339.000,2,1,NULL),(1090,27,10,63,305.000,5,1,NULL),(1091,27,11,148,337.000,3,1,NULL),(1092,27,12,37,478.000,6,1,NULL),(1093,27,13,94,562.000,3,1,NULL),(1094,27,14,126,360.000,4,1,NULL),(1095,27,15,135,240.000,5,1,NULL),(1096,27,16,107,433.000,4,1,NULL),(1097,27,17,88,586.000,6,1,NULL),(1098,27,18,150,445.000,0,1,NULL),(1099,27,19,130,454.000,6,1,NULL),(1100,27,20,115,364.000,0,1,NULL),(1101,27,21,127,311.000,5,1,NULL),(1102,27,22,68,226.000,3,1,NULL),(1103,27,23,16,266.000,4,1,NULL),(1104,27,24,101,286.000,3,1,NULL),(1105,27,25,78,522.000,6,1,NULL),(1106,27,26,137,261.000,2,1,NULL),(1107,27,27,11,177.000,4,1,NULL),(1108,27,28,56,278.000,5,1,NULL),(1109,27,29,51,396.000,1,1,NULL),(1110,27,30,139,380.000,1,1,NULL),(1111,28,1,91,390.000,4,1,NULL),(1112,28,2,108,304.000,1,1,NULL),(1113,28,3,2,571.000,3,1,NULL),(1114,28,4,10,449.000,5,1,NULL),(1115,28,5,95,409.000,2,1,NULL),(1116,28,6,49,595.000,2,1,NULL),(1117,28,7,100,158.000,5,1,NULL),(1118,28,8,19,547.000,6,1,NULL),(1119,28,9,104,521.000,6,1,NULL),(1120,28,10,63,143.000,3,1,NULL),(1121,28,11,148,435.000,0,1,NULL),(1122,28,12,37,584.000,0,1,NULL),(1123,28,13,94,236.000,6,1,NULL),(1124,28,14,126,372.000,0,1,NULL),(1125,28,15,135,310.000,1,1,NULL),(1126,28,16,107,144.000,1,1,NULL),(1127,28,17,88,434.000,5,1,NULL),(1128,28,18,150,263.000,5,1,NULL),(1129,28,19,130,263.000,1,1,NULL),(1130,28,20,115,399.000,5,1,NULL),(1131,28,21,127,287.000,2,1,NULL),(1132,28,22,68,228.000,4,1,NULL),(1133,28,23,16,209.000,2,1,NULL),(1134,28,24,101,156.000,2,1,NULL),(1135,28,25,78,534.000,6,1,NULL),(1136,28,26,137,194.000,6,1,NULL),(1137,28,27,11,236.000,5,1,NULL),(1138,28,28,56,495.000,4,1,NULL),(1139,28,29,51,265.000,0,1,NULL),(1140,28,30,139,198.000,0,1,NULL),(1141,29,1,82,547.000,3,1,NULL),(1142,29,2,90,355.000,6,1,NULL),(1143,29,3,124,263.000,7,1,NULL),(1144,29,4,120,588.000,2,1,NULL),(1145,29,5,59,588.000,0,1,NULL),(1146,29,6,76,508.000,3,1,NULL),(1147,29,7,147,233.000,2,1,NULL),(1148,29,8,144,484.000,1,1,NULL),(1149,29,9,9,499.000,1,1,NULL),(1150,29,10,32,357.000,1,1,NULL),(1151,29,11,17,302.000,7,1,NULL),(1152,29,12,140,399.000,6,1,NULL),(1153,29,13,121,424.000,2,1,NULL),(1154,29,14,97,533.000,5,1,NULL),(1155,29,15,8,474.000,3,1,NULL),(1156,29,16,98,150.000,3,1,NULL),(1157,29,17,116,141.000,4,1,NULL),(1158,29,18,81,263.000,7,1,NULL),(1159,29,19,112,458.000,3,1,NULL),(1160,29,20,45,209.000,7,1,NULL),(1161,29,21,128,264.000,4,1,NULL),(1162,29,22,133,153.000,1,1,NULL),(1163,29,23,74,559.000,0,1,NULL),(1164,29,24,18,261.000,7,1,NULL),(1165,29,25,47,445.000,2,1,NULL),(1166,29,26,110,483.000,5,1,NULL),(1167,29,27,23,470.000,7,1,NULL),(1168,29,28,118,122.000,3,1,NULL),(1169,29,29,57,164.000,1,1,NULL),(1170,29,30,70,571.000,2,1,NULL),(1171,30,1,82,235.000,8,1,NULL),(1172,30,2,90,159.000,8,1,NULL),(1173,30,3,124,557.000,2,1,NULL),(1174,30,4,120,281.000,5,1,NULL),(1175,30,5,59,426.000,8,1,NULL),(1176,30,6,76,401.000,8,1,NULL),(1177,30,7,147,595.000,5,1,NULL),(1178,30,8,144,322.000,5,1,NULL),(1179,30,9,9,258.000,3,1,NULL),(1180,30,10,32,167.000,3,1,NULL),(1181,30,11,17,308.000,5,1,NULL),(1182,30,12,140,184.000,2,1,NULL),(1183,30,13,121,158.000,4,1,NULL),(1184,30,14,97,415.000,7,1,NULL),(1185,30,15,8,398.000,3,1,NULL),(1186,30,16,98,271.000,5,1,NULL),(1187,30,17,116,442.000,0,1,NULL),(1188,30,18,81,290.000,4,1,NULL),(1189,30,19,112,134.000,6,1,NULL),(1190,30,20,45,189.000,5,1,NULL),(1191,30,21,128,598.000,2,1,NULL),(1192,30,22,133,392.000,2,1,NULL),(1193,30,23,74,476.000,4,1,NULL),(1194,30,24,18,168.000,0,1,NULL),(1195,30,25,47,531.000,2,1,NULL),(1196,30,26,110,535.000,2,1,NULL),(1197,30,27,23,399.000,3,1,NULL),(1198,30,28,118,354.000,4,1,NULL),(1199,30,29,57,491.000,4,1,NULL),(1200,30,30,70,187.000,0,1,NULL),(1201,61,1,39,533.000,5,1,NULL),(1202,61,2,17,127.000,5,1,NULL),(1203,61,3,81,570.000,4,1,NULL),(1204,61,4,145,386.000,0,1,NULL),(1205,61,5,108,203.000,2,1,NULL),(1206,61,6,58,496.000,6,1,NULL),(1207,61,7,69,420.000,6,1,NULL),(1208,61,8,59,342.000,4,1,NULL),(1209,61,9,54,418.000,0,1,NULL),(1210,61,10,124,307.000,4,1,NULL),(1211,61,11,150,299.000,0,1,NULL),(1212,61,12,60,208.000,6,1,NULL),(1213,61,13,40,555.000,1,1,NULL),(1214,61,14,98,452.000,6,1,NULL),(1215,61,15,132,435.000,2,1,NULL),(1216,61,16,72,320.000,4,1,NULL),(1217,61,17,83,195.000,6,1,NULL),(1218,61,18,23,276.000,2,1,NULL),(1219,61,19,15,292.000,0,1,NULL),(1220,61,20,86,302.000,1,1,NULL),(1221,61,21,147,464.000,4,1,NULL),(1222,61,22,133,285.000,6,1,NULL),(1223,61,23,115,153.000,6,1,NULL),(1224,61,24,53,250.000,1,1,NULL),(1225,61,25,84,134.000,1,1,NULL),(1226,61,26,121,458.000,5,1,NULL),(1227,61,27,67,265.000,2,1,NULL),(1228,61,28,30,364.000,2,1,NULL),(1229,61,29,89,244.000,2,1,NULL),(1230,61,30,127,147.000,1,1,NULL),(1231,62,1,39,150.000,1,1,NULL),(1232,62,2,17,180.000,2,1,NULL),(1233,62,3,81,332.000,2,1,NULL),(1234,62,4,145,265.000,6,1,NULL),(1235,62,5,108,237.000,4,1,NULL),(1236,62,6,58,165.000,0,1,NULL),(1237,62,7,69,410.000,6,1,NULL),(1238,62,8,59,266.000,1,1,NULL),(1239,62,9,54,534.000,5,1,NULL),(1240,62,10,124,417.000,4,1,NULL),(1241,62,11,150,535.000,3,1,NULL),(1242,62,12,60,550.000,5,1,NULL),(1243,62,13,40,563.000,0,1,NULL),(1244,62,14,98,491.000,2,1,NULL),(1245,62,15,132,267.000,5,1,NULL),(1246,62,16,72,511.000,4,1,NULL),(1247,62,17,83,490.000,3,1,NULL),(1248,62,18,23,197.000,5,1,NULL),(1249,62,19,15,429.000,4,1,NULL),(1250,62,20,86,131.000,6,1,NULL),(1251,62,21,147,428.000,6,1,NULL),(1252,62,22,133,577.000,0,1,NULL),(1253,62,23,115,169.000,4,1,NULL),(1254,62,24,53,210.000,3,1,NULL),(1255,62,25,84,281.000,6,1,NULL),(1256,62,26,121,302.000,3,1,NULL),(1257,62,27,67,370.000,4,1,NULL),(1258,62,28,30,378.000,0,1,NULL),(1259,62,29,89,425.000,3,1,NULL),(1260,62,30,127,317.000,1,1,NULL),(1261,63,1,116,178.000,6,1,NULL),(1262,63,2,130,278.000,1,1,NULL),(1263,63,3,9,339.000,2,1,NULL),(1264,63,4,74,319.000,5,1,NULL),(1265,63,5,99,135.000,1,1,NULL),(1266,63,6,131,509.000,3,1,NULL),(1267,63,7,31,318.000,6,1,NULL),(1268,63,8,95,251.000,3,1,NULL),(1269,63,9,38,334.000,0,1,NULL),(1270,63,10,25,527.000,3,1,NULL),(1271,63,11,146,486.000,3,1,NULL),(1272,63,12,28,455.000,1,1,NULL),(1273,63,13,135,419.000,4,1,NULL),(1274,63,14,87,263.000,0,1,NULL),(1275,63,15,104,427.000,5,1,NULL),(1276,63,16,1,132.000,6,1,NULL),(1277,63,17,48,572.000,0,1,NULL),(1278,63,18,18,427.000,1,1,NULL),(1279,63,19,63,297.000,3,1,NULL),(1280,63,20,11,587.000,6,1,NULL),(1281,63,21,24,289.000,2,1,NULL),(1282,63,22,62,369.000,3,1,NULL),(1283,63,23,103,447.000,2,1,NULL),(1284,63,24,142,565.000,4,1,NULL),(1285,63,25,51,232.000,1,1,NULL),(1286,63,26,88,352.000,3,1,NULL),(1287,63,27,55,493.000,4,1,NULL),(1288,63,28,79,303.000,2,1,NULL),(1289,63,29,85,296.000,1,1,NULL),(1290,63,30,122,367.000,4,1,NULL),(1291,64,1,116,372.000,0,1,NULL),(1292,64,2,130,409.000,7,1,NULL),(1293,64,3,9,416.000,2,1,NULL),(1294,64,4,74,415.000,7,1,NULL),(1295,64,5,99,482.000,1,1,NULL),(1296,64,6,131,320.000,8,1,NULL),(1297,64,7,31,570.000,1,1,NULL),(1298,64,8,95,392.000,4,1,NULL),(1299,64,9,38,525.000,8,1,NULL),(1300,64,10,25,321.000,6,1,NULL),(1301,64,11,146,190.000,5,1,NULL),(1302,64,12,28,574.000,3,1,NULL),(1303,64,13,135,515.000,1,1,NULL),(1304,64,14,87,254.000,0,1,NULL),(1305,64,15,104,222.000,7,1,NULL),(1306,64,16,1,565.000,0,1,NULL),(1307,64,17,48,588.000,5,1,NULL),(1308,64,18,18,211.000,7,1,NULL),(1309,64,19,63,507.000,0,1,NULL),(1310,64,20,11,264.000,8,1,NULL),(1311,64,21,24,564.000,6,1,NULL),(1312,64,22,62,383.000,2,1,NULL),(1313,64,23,103,557.000,2,1,NULL),(1314,64,24,142,495.000,4,1,NULL),(1315,64,25,51,454.000,0,1,NULL),(1316,64,26,88,599.000,3,1,NULL),(1317,64,27,55,497.000,7,1,NULL),(1318,64,28,79,491.000,0,1,NULL),(1319,64,29,85,529.000,0,1,NULL),(1320,64,30,122,461.000,1,1,NULL),(1321,65,1,65,224.000,6,1,NULL),(1322,65,2,78,203.000,0,1,NULL),(1323,65,3,14,456.000,0,1,NULL),(1324,65,4,50,233.000,6,1,NULL),(1325,65,5,2,592.000,7,1,NULL),(1326,65,6,75,460.000,2,1,NULL),(1327,65,7,123,545.000,1,1,NULL),(1328,65,8,80,573.000,4,1,NULL),(1329,65,9,73,365.000,4,1,NULL),(1330,65,10,6,393.000,6,1,NULL),(1331,65,11,138,325.000,2,1,NULL),(1332,65,12,22,478.000,6,1,NULL),(1333,65,13,97,427.000,1,1,NULL),(1334,65,14,139,502.000,7,1,NULL),(1335,65,15,148,200.000,2,1,NULL),(1336,65,16,143,353.000,8,1,NULL),(1337,65,17,94,377.000,8,1,NULL),(1338,65,18,118,486.000,0,1,NULL),(1339,65,19,4,497.000,4,1,NULL),(1340,65,20,44,379.000,2,1,NULL),(1341,65,21,126,123.000,4,1,NULL),(1342,65,22,120,303.000,7,1,NULL),(1343,65,23,107,526.000,5,1,NULL),(1344,65,24,119,537.000,8,1,NULL),(1345,65,25,43,333.000,7,1,NULL),(1346,65,26,10,397.000,3,1,NULL),(1347,65,27,71,365.000,4,1,NULL),(1348,65,28,76,535.000,3,1,NULL),(1349,65,29,26,535.000,1,1,NULL),(1350,65,30,37,378.000,1,1,NULL),(1351,66,1,65,426.000,1,1,NULL),(1352,66,2,78,219.000,5,1,NULL),(1353,66,3,14,177.000,6,1,NULL),(1354,66,4,50,377.000,3,1,NULL),(1355,66,5,2,294.000,4,1,NULL),(1356,66,6,75,375.000,2,1,NULL),(1357,66,7,123,231.000,0,1,NULL),(1358,66,8,80,185.000,1,1,NULL),(1359,66,9,73,220.000,0,1,NULL),(1360,66,10,6,498.000,6,1,NULL),(1361,66,11,138,187.000,5,1,NULL),(1362,66,12,22,121.000,2,1,NULL),(1363,66,13,97,214.000,6,1,NULL),(1364,66,14,139,142.000,0,1,NULL),(1365,66,15,148,537.000,4,1,NULL),(1366,66,16,143,176.000,3,1,NULL),(1367,66,17,94,408.000,1,1,NULL),(1368,66,18,118,157.000,1,1,NULL),(1369,66,19,4,226.000,2,1,NULL),(1370,66,20,44,501.000,2,1,NULL),(1371,66,21,126,485.000,3,1,NULL),(1372,66,22,120,583.000,0,1,NULL),(1373,66,23,107,126.000,5,1,NULL),(1374,66,24,119,270.000,0,1,NULL),(1375,66,25,43,335.000,1,1,NULL),(1376,66,26,10,473.000,1,1,NULL),(1377,66,27,71,561.000,4,1,NULL),(1378,66,28,76,344.000,0,1,NULL),(1379,66,29,26,451.000,6,1,NULL),(1380,66,30,37,317.000,6,1,NULL),(1381,67,1,21,345.000,6,1,NULL),(1382,67,2,13,249.000,1,1,NULL),(1383,67,3,3,372.000,4,1,NULL),(1384,67,4,52,127.000,3,1,NULL),(1385,67,5,20,417.000,2,1,NULL),(1386,67,6,8,578.000,1,1,NULL),(1387,67,7,117,525.000,7,1,NULL),(1388,67,8,47,528.000,2,1,NULL),(1389,67,9,134,538.000,5,1,NULL),(1390,67,10,5,337.000,5,1,NULL),(1391,67,11,92,181.000,3,1,NULL),(1392,67,12,137,155.000,0,1,NULL),(1393,67,13,36,590.000,3,1,NULL),(1394,67,14,70,550.000,7,1,NULL),(1395,67,15,68,174.000,1,1,NULL),(1396,67,16,100,306.000,7,1,NULL),(1397,67,17,57,525.000,7,1,NULL),(1398,67,18,149,537.000,7,1,NULL),(1399,67,19,16,422.000,0,1,NULL),(1400,67,20,91,211.000,0,1,NULL),(1401,67,21,128,211.000,0,1,NULL),(1402,67,22,90,395.000,4,1,NULL),(1403,67,23,140,292.000,4,1,NULL),(1404,67,24,19,251.000,2,1,NULL),(1405,67,25,93,508.000,6,1,NULL),(1406,67,26,46,466.000,2,1,NULL),(1407,67,27,35,568.000,6,1,NULL),(1408,67,28,32,295.000,3,1,NULL),(1409,67,29,101,296.000,4,1,NULL),(1410,67,30,77,513.000,4,1,NULL),(1411,68,1,21,183.000,0,1,NULL),(1412,68,2,13,454.000,1,1,NULL),(1413,68,3,3,519.000,0,1,NULL),(1414,68,4,52,505.000,0,1,NULL),(1415,68,5,20,487.000,2,1,NULL),(1416,68,6,8,570.000,6,1,NULL),(1417,68,7,117,435.000,7,1,NULL),(1418,68,8,47,200.000,6,1,NULL),(1419,68,9,134,227.000,7,1,NULL),(1420,68,10,5,373.000,0,1,NULL),(1421,68,11,92,399.000,7,1,NULL),(1422,68,12,137,321.000,5,1,NULL),(1423,68,13,36,390.000,6,1,NULL),(1424,68,14,70,572.000,1,1,NULL),(1425,68,15,68,369.000,6,1,NULL),(1426,68,16,100,187.000,1,1,NULL),(1427,68,17,57,121.000,0,1,NULL),(1428,68,18,149,516.000,1,1,NULL),(1429,68,19,16,160.000,2,1,NULL),(1430,68,20,91,432.000,0,1,NULL),(1431,68,21,128,475.000,0,1,NULL),(1432,68,22,90,328.000,7,1,NULL),(1433,68,23,140,247.000,0,1,NULL),(1434,68,24,19,426.000,2,1,NULL),(1435,68,25,93,179.000,6,1,NULL),(1436,68,26,46,395.000,1,1,NULL),(1437,68,27,35,485.000,7,1,NULL),(1438,68,28,32,495.000,6,1,NULL),(1439,68,29,101,571.000,3,1,NULL),(1440,68,30,77,318.000,4,1,NULL),(1441,69,1,136,378.000,7,1,NULL),(1442,69,2,34,197.000,2,1,NULL),(1443,69,3,114,435.000,4,1,NULL),(1444,69,4,110,294.000,4,1,NULL),(1445,69,5,109,421.000,6,1,NULL),(1446,69,6,144,140.000,7,1,NULL),(1447,69,7,29,325.000,0,1,NULL),(1448,69,8,61,421.000,6,1,NULL),(1449,69,9,96,399.000,2,1,NULL),(1450,69,10,111,435.000,2,1,NULL),(1451,69,11,105,268.000,4,1,NULL),(1452,69,12,27,370.000,6,1,NULL),(1453,69,13,7,365.000,2,1,NULL),(1454,69,14,33,452.000,8,1,NULL),(1455,69,15,129,499.000,7,1,NULL),(1456,69,16,56,465.000,5,1,NULL),(1457,69,17,113,472.000,2,1,NULL),(1458,69,18,12,557.000,8,1,NULL),(1459,69,19,112,488.000,8,1,NULL),(1460,69,20,82,129.000,8,1,NULL),(1461,69,21,41,343.000,3,1,NULL),(1462,69,22,125,399.000,4,1,NULL),(1463,69,23,49,321.000,3,1,NULL),(1464,69,24,102,350.000,6,1,NULL),(1465,69,25,42,288.000,6,1,NULL),(1466,69,26,64,364.000,5,1,NULL),(1467,69,27,66,407.000,6,1,NULL),(1468,69,28,106,556.000,1,1,NULL),(1469,69,29,141,149.000,3,1,NULL),(1470,69,30,45,585.000,1,1,NULL),(1471,70,1,136,221.000,5,1,NULL),(1472,70,2,34,291.000,3,1,NULL),(1473,70,3,114,501.000,2,1,NULL),(1474,70,4,110,195.000,5,1,NULL),(1475,70,5,109,168.000,5,1,NULL),(1476,70,6,144,469.000,4,1,NULL),(1477,70,7,29,478.000,5,1,NULL),(1478,70,8,61,268.000,0,1,NULL),(1479,70,9,96,184.000,3,1,NULL),(1480,70,10,111,592.000,0,1,NULL),(1481,70,11,105,169.000,5,1,NULL),(1482,70,12,27,445.000,3,1,NULL),(1483,70,13,7,568.000,5,1,NULL),(1484,70,14,33,567.000,0,1,NULL),(1485,70,15,129,164.000,2,1,NULL),(1486,70,16,56,518.000,3,1,NULL),(1487,70,17,113,540.000,1,1,NULL),(1488,70,18,12,132.000,2,1,NULL),(1489,70,19,112,218.000,5,1,NULL),(1490,70,20,82,350.000,2,1,NULL),(1491,70,21,41,563.000,4,1,NULL),(1492,70,22,125,454.000,1,1,NULL),(1493,70,23,49,234.000,0,1,NULL),(1494,70,24,102,596.000,5,1,NULL),(1495,70,25,42,455.000,5,1,NULL),(1496,70,26,64,275.000,4,1,NULL),(1497,70,27,66,599.000,3,1,NULL),(1498,70,28,106,327.000,2,1,NULL),(1499,70,29,141,370.000,1,1,NULL),(1500,70,30,45,363.000,0,1,NULL),(1501,51,1,91,424.000,3,1,NULL),(1502,51,2,93,208.000,5,1,NULL),(1503,51,3,56,137.000,4,1,NULL),(1504,51,4,144,258.000,5,1,NULL),(1505,51,5,90,211.000,4,1,NULL),(1506,51,6,24,221.000,2,1,NULL),(1507,51,7,92,454.000,2,1,NULL),(1508,51,8,122,256.000,6,1,NULL),(1509,51,9,130,483.000,1,1,NULL),(1510,51,10,102,512.000,0,1,NULL),(1511,51,11,70,439.000,5,1,NULL),(1512,51,12,131,467.000,1,1,NULL),(1513,51,13,64,324.000,5,1,NULL),(1514,51,14,121,144.000,6,1,NULL),(1515,51,15,61,483.000,1,1,NULL),(1516,51,16,36,388.000,4,1,NULL),(1517,51,17,23,393.000,2,1,NULL),(1518,51,18,85,298.000,2,1,NULL),(1519,51,19,128,268.000,1,1,NULL),(1520,51,20,124,129.000,6,1,NULL),(1521,51,21,79,475.000,2,1,NULL),(1522,51,22,19,220.000,2,1,NULL),(1523,51,23,123,510.000,3,1,NULL),(1524,51,24,72,221.000,2,1,NULL),(1525,51,25,108,304.000,4,1,NULL),(1526,51,26,146,523.000,2,1,NULL),(1527,51,27,26,281.000,3,1,NULL),(1528,51,28,32,181.000,1,1,NULL),(1529,51,29,53,326.000,6,1,NULL),(1530,51,30,50,291.000,2,1,NULL),(1531,52,1,91,512.000,2,1,NULL),(1532,52,2,93,367.000,0,1,NULL),(1533,52,3,56,457.000,4,1,NULL),(1534,52,4,144,232.000,3,1,NULL),(1535,52,5,90,151.000,3,1,NULL),(1536,52,6,24,243.000,2,1,NULL),(1537,52,7,92,124.000,3,1,NULL),(1538,52,8,122,549.000,4,1,NULL),(1539,52,9,130,389.000,0,1,NULL),(1540,52,10,102,152.000,0,1,NULL),(1541,52,11,70,203.000,4,1,NULL),(1542,52,12,131,365.000,2,1,NULL),(1543,52,13,64,556.000,6,1,NULL),(1544,52,14,121,327.000,0,1,NULL),(1545,52,15,61,553.000,1,1,NULL),(1546,52,16,36,261.000,5,1,NULL),(1547,52,17,23,434.000,1,1,NULL),(1548,52,18,85,396.000,2,1,NULL),(1549,52,19,128,176.000,4,1,NULL),(1550,52,20,124,147.000,4,1,NULL),(1551,52,21,79,151.000,6,1,NULL),(1552,52,22,19,321.000,0,1,NULL),(1553,52,23,123,544.000,6,1,NULL),(1554,52,24,72,169.000,3,1,NULL),(1555,52,25,108,598.000,1,1,NULL),(1556,52,26,146,467.000,2,1,NULL),(1557,52,27,26,256.000,3,1,NULL),(1558,52,28,32,278.000,2,1,NULL),(1559,52,29,53,130.000,6,1,NULL),(1560,52,30,50,546.000,3,1,NULL),(1561,53,1,94,348.000,5,1,NULL),(1562,53,2,16,136.000,7,1,NULL),(1563,53,3,101,524.000,6,1,NULL),(1564,53,4,38,491.000,3,1,NULL),(1565,53,5,46,310.000,1,1,NULL),(1566,53,6,136,521.000,4,1,NULL),(1567,53,7,74,317.000,7,1,NULL),(1568,53,8,59,491.000,1,1,NULL),(1569,53,9,132,361.000,1,1,NULL),(1570,53,10,129,537.000,2,1,NULL),(1571,53,11,48,425.000,6,1,NULL),(1572,53,12,41,164.000,7,1,NULL),(1573,53,13,87,325.000,0,1,NULL),(1574,53,14,71,503.000,7,1,NULL),(1575,53,15,3,132.000,0,1,NULL),(1576,53,16,8,268.000,6,1,NULL),(1577,53,17,6,325.000,2,1,NULL),(1578,53,18,117,580.000,4,1,NULL),(1579,53,19,44,223.000,0,1,NULL),(1580,53,20,80,569.000,0,1,NULL),(1581,53,21,34,363.000,7,1,NULL),(1582,53,22,49,340.000,0,1,NULL),(1583,53,23,62,243.000,2,1,NULL),(1584,53,24,89,121.000,4,1,NULL),(1585,53,25,68,457.000,7,1,NULL),(1586,53,26,77,226.000,4,1,NULL),(1587,53,27,20,480.000,2,1,NULL),(1588,53,28,96,263.000,6,1,NULL),(1589,53,29,126,393.000,6,1,NULL),(1590,53,30,60,537.000,0,1,NULL),(1591,54,1,94,212.000,8,1,NULL),(1592,54,2,16,173.000,3,1,NULL),(1593,54,3,101,346.000,1,1,NULL),(1594,54,4,38,239.000,0,1,NULL),(1595,54,5,46,551.000,8,1,NULL),(1596,54,6,136,199.000,5,1,NULL),(1597,54,7,74,187.000,8,1,NULL),(1598,54,8,59,368.000,3,1,NULL),(1599,54,9,132,523.000,6,1,NULL),(1600,54,10,129,125.000,0,1,NULL),(1601,54,11,48,330.000,5,1,NULL),(1602,54,12,41,410.000,6,1,NULL),(1603,54,13,87,159.000,2,1,NULL),(1604,54,14,71,229.000,6,1,NULL),(1605,54,15,3,174.000,0,1,NULL),(1606,54,16,8,278.000,5,1,NULL),(1607,54,17,6,242.000,2,1,NULL),(1608,54,18,117,437.000,7,1,NULL),(1609,54,19,44,213.000,4,1,NULL),(1610,54,20,80,271.000,4,1,NULL),(1611,54,21,34,374.000,7,1,NULL),(1612,54,22,49,424.000,3,1,NULL),(1613,54,23,62,445.000,4,1,NULL),(1614,54,24,89,349.000,7,1,NULL),(1615,54,25,68,494.000,7,1,NULL),(1616,54,26,77,344.000,8,1,NULL),(1617,54,27,20,149.000,5,1,NULL),(1618,54,28,96,574.000,6,1,NULL),(1619,54,29,126,367.000,2,1,NULL),(1620,54,30,60,496.000,2,1,NULL),(1621,55,1,10,393.000,1,1,NULL),(1622,55,2,22,169.000,2,1,NULL),(1623,55,3,106,466.000,1,1,NULL),(1624,55,4,15,517.000,5,1,NULL),(1625,55,5,45,481.000,0,1,NULL),(1626,55,6,76,454.000,0,1,NULL),(1627,55,7,28,569.000,2,1,NULL),(1628,55,8,1,287.000,4,1,NULL),(1629,55,9,109,372.000,2,1,NULL),(1630,55,10,147,438.000,6,1,NULL),(1631,55,11,65,199.000,5,1,NULL),(1632,55,12,116,374.000,6,1,NULL),(1633,55,13,100,316.000,7,1,NULL),(1634,55,14,88,579.000,3,1,NULL),(1635,55,15,137,330.000,5,1,NULL),(1636,55,16,82,191.000,3,1,NULL),(1637,55,17,18,266.000,6,1,NULL),(1638,55,18,2,212.000,0,1,NULL),(1639,55,19,81,582.000,1,1,NULL),(1640,55,20,84,431.000,2,1,NULL),(1641,55,21,25,347.000,4,1,NULL),(1642,55,22,14,120.000,5,1,NULL),(1643,55,23,67,325.000,6,1,NULL),(1644,55,24,120,315.000,4,1,NULL),(1645,55,25,99,436.000,7,1,NULL),(1646,55,26,57,249.000,4,1,NULL),(1647,55,27,95,376.000,1,1,NULL),(1648,55,28,7,416.000,7,1,NULL),(1649,55,29,104,441.000,2,1,NULL),(1650,55,30,142,450.000,6,1,NULL),(1651,56,1,10,268.000,5,1,NULL),(1652,56,2,22,177.000,0,1,NULL),(1653,56,3,106,299.000,2,1,NULL),(1654,56,4,15,461.000,7,1,NULL),(1655,56,5,45,138.000,4,1,NULL),(1656,56,6,76,336.000,7,1,NULL),(1657,56,7,28,498.000,7,1,NULL),(1658,56,8,1,565.000,4,1,NULL),(1659,56,9,109,172.000,6,1,NULL),(1660,56,10,147,488.000,3,1,NULL),(1661,56,11,65,245.000,3,1,NULL),(1662,56,12,116,239.000,7,1,NULL),(1663,56,13,100,376.000,5,1,NULL),(1664,56,14,88,302.000,2,1,NULL),(1665,56,15,137,341.000,1,1,NULL),(1666,56,16,82,251.000,7,1,NULL),(1667,56,17,18,513.000,1,1,NULL),(1668,56,18,2,550.000,1,1,NULL),(1669,56,19,81,202.000,0,1,NULL),(1670,56,20,84,522.000,1,1,NULL),(1671,56,21,25,166.000,2,1,NULL),(1672,56,22,14,558.000,2,1,NULL),(1673,56,23,67,280.000,1,1,NULL),(1674,56,24,120,415.000,0,1,NULL),(1675,56,25,99,160.000,7,1,NULL),(1676,56,26,57,485.000,5,1,NULL),(1677,56,27,95,398.000,2,1,NULL),(1678,56,28,7,242.000,7,1,NULL),(1679,56,29,104,488.000,6,1,NULL),(1680,56,30,142,124.000,7,1,NULL),(1681,57,1,69,296.000,0,1,NULL),(1682,57,2,33,475.000,2,1,NULL),(1683,57,3,54,254.000,5,1,NULL),(1684,57,4,31,151.000,7,1,NULL),(1685,57,5,141,130.000,7,1,NULL),(1686,57,6,125,233.000,6,1,NULL),(1687,57,7,138,183.000,5,1,NULL),(1688,57,8,37,200.000,6,1,NULL),(1689,57,9,78,372.000,2,1,NULL),(1690,57,10,73,414.000,5,1,NULL),(1691,57,11,27,463.000,1,1,NULL),(1692,57,12,105,177.000,6,1,NULL),(1693,57,13,150,241.000,4,1,NULL),(1694,57,14,42,292.000,3,1,NULL),(1695,57,15,113,447.000,7,1,NULL),(1696,57,16,103,345.000,3,1,NULL),(1697,57,17,118,349.000,3,1,NULL),(1698,57,18,58,129.000,3,1,NULL),(1699,57,19,86,295.000,5,1,NULL),(1700,57,20,47,288.000,0,1,NULL),(1701,57,21,119,245.000,5,1,NULL),(1702,57,22,66,520.000,3,1,NULL),(1703,57,23,110,181.000,3,1,NULL),(1704,57,24,43,400.000,7,1,NULL),(1705,57,25,51,570.000,5,1,NULL),(1706,57,26,115,512.000,4,1,NULL),(1707,57,27,111,153.000,5,1,NULL),(1708,57,28,5,149.000,7,1,NULL),(1709,57,29,40,377.000,1,1,NULL),(1710,57,30,134,225.000,5,1,NULL),(1711,58,1,69,538.000,6,1,NULL),(1712,58,2,33,562.000,2,1,NULL),(1713,58,3,54,600.000,6,1,NULL),(1714,58,4,31,407.000,8,1,NULL),(1715,58,5,141,197.000,0,1,NULL),(1716,58,6,125,580.000,6,1,NULL),(1717,58,7,138,287.000,1,1,NULL),(1718,58,8,37,188.000,7,1,NULL),(1719,58,9,78,528.000,4,1,NULL),(1720,58,10,73,142.000,2,1,NULL),(1721,58,11,27,143.000,4,1,NULL),(1722,58,12,105,598.000,4,1,NULL),(1723,58,13,150,253.000,6,1,NULL),(1724,58,14,42,479.000,7,1,NULL),(1725,58,15,113,376.000,5,1,NULL),(1726,58,16,103,563.000,4,1,NULL),(1727,58,17,118,417.000,0,1,NULL),(1728,58,18,58,372.000,0,1,NULL),(1729,58,19,86,138.000,0,1,NULL),(1730,58,20,47,230.000,1,1,NULL),(1731,58,21,119,201.000,2,1,NULL),(1732,58,22,66,242.000,8,1,NULL),(1733,58,23,110,472.000,7,1,NULL),(1734,58,24,43,474.000,2,1,NULL),(1735,58,25,51,211.000,4,1,NULL),(1736,58,26,115,581.000,3,1,NULL),(1737,58,27,111,392.000,3,1,NULL),(1738,58,28,5,502.000,0,1,NULL),(1739,58,29,40,562.000,7,1,NULL),(1740,58,30,134,554.000,1,1,NULL),(1741,59,1,35,271.000,6,1,NULL),(1742,59,2,127,495.000,5,1,NULL),(1743,59,3,9,574.000,3,1,NULL),(1744,59,4,143,254.000,5,1,NULL),(1745,59,5,13,259.000,3,1,NULL),(1746,59,6,75,229.000,0,1,NULL),(1747,59,7,63,433.000,1,1,NULL),(1748,59,8,30,496.000,6,1,NULL),(1749,59,9,114,575.000,4,1,NULL),(1750,59,10,139,431.000,6,1,NULL),(1751,59,11,107,399.000,0,1,NULL),(1752,59,12,145,237.000,4,1,NULL),(1753,59,13,11,396.000,6,1,NULL),(1754,59,14,149,159.000,2,1,NULL),(1755,59,15,4,449.000,6,1,NULL),(1756,59,16,148,332.000,4,1,NULL),(1757,59,17,133,484.000,1,1,NULL),(1758,59,18,29,193.000,5,1,NULL),(1759,59,19,52,162.000,6,1,NULL),(1760,59,20,135,517.000,5,1,NULL),(1761,59,21,39,229.000,1,1,NULL),(1762,59,22,140,537.000,4,1,NULL),(1763,59,23,55,122.000,6,1,NULL),(1764,59,24,12,217.000,6,1,NULL),(1765,59,25,21,290.000,1,1,NULL),(1766,59,26,83,542.000,4,1,NULL),(1767,59,27,112,290.000,6,1,NULL),(1768,59,28,17,531.000,5,1,NULL),(1769,59,29,98,249.000,3,1,NULL),(1770,59,30,97,548.000,2,1,NULL),(1771,60,1,35,458.000,3,1,NULL),(1772,60,2,127,157.000,4,1,NULL),(1773,60,3,9,245.000,5,1,NULL),(1774,60,4,143,124.000,2,1,NULL),(1775,60,5,13,545.000,5,1,NULL),(1776,60,6,75,182.000,0,1,NULL),(1777,60,7,63,342.000,6,1,NULL),(1778,60,8,30,353.000,5,1,NULL),(1779,60,9,114,546.000,0,1,NULL),(1780,60,10,139,197.000,3,1,NULL),(1781,60,11,107,433.000,6,1,NULL),(1782,60,12,145,381.000,1,1,NULL),(1783,60,13,11,201.000,4,1,NULL),(1784,60,14,149,380.000,1,1,NULL),(1785,60,15,4,399.000,0,1,NULL),(1786,60,16,148,514.000,2,1,NULL),(1787,60,17,133,358.000,0,1,NULL),(1788,60,18,29,445.000,3,1,NULL),(1789,60,19,52,434.000,5,1,NULL),(1790,60,20,135,226.000,1,1,NULL),(1791,60,21,39,235.000,5,1,NULL),(1792,60,22,140,517.000,6,1,NULL),(1793,60,23,55,491.000,2,1,NULL),(1794,60,24,12,433.000,3,1,NULL),(1795,60,25,21,588.000,1,1,NULL),(1796,60,26,83,243.000,1,1,NULL),(1797,60,27,112,444.000,4,1,NULL),(1798,60,28,17,281.000,3,1,NULL),(1799,60,29,98,249.000,4,1,NULL),(1800,60,30,97,257.000,6,1,NULL),(1801,11,1,75,253.000,2,1,NULL),(1802,11,2,103,485.000,0,1,NULL),(1803,11,3,105,216.000,3,1,NULL),(1804,11,4,70,327.000,3,1,NULL),(1805,11,5,51,176.000,6,1,NULL),(1806,11,6,44,265.000,5,1,NULL),(1807,11,7,86,498.000,1,1,NULL),(1808,11,8,85,206.000,3,1,NULL),(1809,11,9,58,445.000,5,1,NULL),(1810,11,10,95,421.000,3,1,NULL),(1811,11,11,72,132.000,5,1,NULL),(1812,11,12,106,390.000,3,1,NULL),(1813,11,13,49,526.000,4,1,NULL),(1814,11,14,140,127.000,5,1,NULL),(1815,11,15,78,473.000,2,1,NULL),(1816,11,16,129,560.000,0,1,NULL),(1817,11,17,83,483.000,1,1,NULL),(1818,11,18,31,177.000,3,1,NULL),(1819,11,19,76,531.000,1,1,NULL),(1820,11,20,25,311.000,2,1,NULL),(1821,11,21,149,540.000,4,1,NULL),(1822,11,22,98,155.000,4,1,NULL),(1823,11,23,112,386.000,3,1,NULL),(1824,11,24,125,467.000,4,1,NULL),(1825,11,25,34,139.000,3,1,NULL),(1826,11,26,84,578.000,4,1,NULL),(1827,11,27,17,536.000,3,1,NULL),(1828,11,28,4,486.000,6,1,NULL),(1829,11,29,114,294.000,5,1,NULL),(1830,11,30,15,380.000,4,1,NULL),(1831,12,1,75,436.000,6,1,NULL),(1832,12,2,103,327.000,0,1,NULL),(1833,12,3,105,232.000,7,1,NULL),(1834,12,4,70,200.000,3,1,NULL),(1835,12,5,51,204.000,7,1,NULL),(1836,12,6,44,464.000,1,1,NULL),(1837,12,7,86,283.000,5,1,NULL),(1838,12,8,85,211.000,0,1,NULL),(1839,12,9,58,581.000,3,1,NULL),(1840,12,10,95,585.000,7,1,NULL),(1841,12,11,72,462.000,4,1,NULL),(1842,12,12,106,361.000,1,1,NULL),(1843,12,13,49,519.000,2,1,NULL),(1844,12,14,140,599.000,5,1,NULL),(1845,12,15,78,593.000,2,1,NULL),(1846,12,16,129,391.000,3,1,NULL),(1847,12,17,83,208.000,4,1,NULL),(1848,12,18,31,354.000,3,1,NULL),(1849,12,19,76,169.000,2,1,NULL),(1850,12,20,25,497.000,6,1,NULL),(1851,12,21,149,306.000,7,1,NULL),(1852,12,22,98,183.000,0,1,NULL),(1853,12,23,112,480.000,1,1,NULL),(1854,12,24,125,536.000,2,1,NULL),(1855,12,25,34,539.000,2,1,NULL),(1856,12,26,84,213.000,6,1,NULL),(1857,12,27,17,350.000,7,1,NULL),(1858,12,28,4,225.000,4,1,NULL),(1859,12,29,114,385.000,3,1,NULL),(1860,12,30,15,345.000,1,1,NULL),(1861,13,1,62,415.000,1,1,NULL),(1862,13,2,139,323.000,3,1,NULL),(1863,13,3,10,283.000,5,1,NULL),(1864,13,4,11,423.000,4,1,NULL),(1865,13,5,67,417.000,0,1,NULL),(1866,13,6,47,413.000,1,1,NULL),(1867,13,7,32,597.000,0,1,NULL),(1868,13,8,101,201.000,1,1,NULL),(1869,13,9,53,165.000,2,1,NULL),(1870,13,10,115,440.000,2,1,NULL),(1871,13,11,8,454.000,4,1,NULL),(1872,13,12,91,143.000,2,1,NULL),(1873,13,13,1,252.000,3,1,NULL),(1874,13,14,117,597.000,0,1,NULL),(1875,13,15,82,163.000,1,1,NULL),(1876,13,16,13,292.000,5,1,NULL),(1877,13,17,110,390.000,5,1,NULL),(1878,13,18,133,584.000,2,1,NULL),(1879,13,19,16,505.000,2,1,NULL),(1880,13,20,29,273.000,1,1,NULL),(1881,13,21,73,261.000,4,1,NULL),(1882,13,22,121,348.000,5,1,NULL),(1883,13,23,40,142.000,0,1,NULL),(1884,13,24,61,374.000,2,1,NULL),(1885,13,25,104,269.000,4,1,NULL),(1886,13,26,18,196.000,5,1,NULL),(1887,13,27,9,222.000,5,1,NULL),(1888,13,28,123,132.000,5,1,NULL),(1889,13,29,48,335.000,3,1,NULL),(1890,13,30,143,264.000,3,1,NULL),(1891,14,1,62,192.000,8,1,NULL),(1892,14,2,139,546.000,8,1,NULL),(1893,14,3,10,201.000,1,1,NULL),(1894,14,4,11,175.000,5,1,NULL),(1895,14,5,67,268.000,1,1,NULL),(1896,14,6,47,548.000,5,1,NULL),(1897,14,7,32,166.000,3,1,NULL),(1898,14,8,101,476.000,4,1,NULL),(1899,14,9,53,373.000,1,1,NULL),(1900,14,10,115,554.000,8,1,NULL),(1901,14,11,8,431.000,0,1,NULL),(1902,14,12,91,195.000,3,1,NULL),(1903,14,13,1,407.000,7,1,NULL),(1904,14,14,117,317.000,0,1,NULL),(1905,14,15,82,353.000,6,1,NULL),(1906,14,16,13,553.000,8,1,NULL),(1907,14,17,110,314.000,7,1,NULL),(1908,14,18,133,124.000,1,1,NULL),(1909,14,19,16,396.000,1,1,NULL),(1910,14,20,29,324.000,1,1,NULL),(1911,14,21,73,547.000,6,1,NULL),(1912,14,22,121,396.000,8,1,NULL),(1913,14,23,40,349.000,3,1,NULL),(1914,14,24,61,372.000,3,1,NULL),(1915,14,25,104,419.000,3,1,NULL),(1916,14,26,18,404.000,1,1,NULL),(1917,14,27,9,353.000,6,1,NULL),(1918,14,28,123,291.000,4,1,NULL),(1919,14,29,48,597.000,5,1,NULL),(1920,14,30,143,518.000,5,1,NULL),(1921,15,1,5,220.000,2,1,NULL),(1922,15,2,132,442.000,2,1,NULL),(1923,15,3,12,389.000,6,1,NULL),(1924,15,4,46,313.000,4,1,NULL),(1925,15,5,118,213.000,0,1,NULL),(1926,15,6,60,313.000,1,1,NULL),(1927,15,7,130,323.000,4,1,NULL),(1928,15,8,21,437.000,3,1,NULL),(1929,15,9,122,432.000,5,1,NULL),(1930,15,10,90,316.000,5,1,NULL),(1931,15,11,138,546.000,6,1,NULL),(1932,15,12,69,242.000,1,1,NULL),(1933,15,13,64,249.000,1,1,NULL),(1934,15,14,63,309.000,5,1,NULL),(1935,15,15,150,341.000,1,1,NULL),(1936,15,16,102,156.000,6,1,NULL),(1937,15,17,39,444.000,2,1,NULL),(1938,15,18,59,449.000,1,1,NULL),(1939,15,19,43,553.000,2,1,NULL),(1940,15,20,22,540.000,4,1,NULL),(1941,15,21,131,329.000,6,1,NULL),(1942,15,22,74,374.000,5,1,NULL),(1943,15,23,65,527.000,0,1,NULL),(1944,15,24,38,569.000,5,1,NULL),(1945,15,25,97,499.000,1,1,NULL),(1946,15,26,30,318.000,4,1,NULL),(1947,15,27,80,548.000,5,1,NULL),(1948,15,28,124,151.000,4,1,NULL),(1949,15,29,57,442.000,1,1,NULL),(1950,15,30,148,289.000,4,1,NULL),(1951,16,1,5,381.000,1,1,NULL),(1952,16,2,132,138.000,5,1,NULL),(1953,16,3,12,122.000,2,1,NULL),(1954,16,4,46,522.000,1,1,NULL),(1955,16,5,118,446.000,6,1,NULL),(1956,16,6,60,156.000,0,1,NULL),(1957,16,7,130,563.000,6,1,NULL),(1958,16,8,21,219.000,6,1,NULL),(1959,16,9,122,521.000,4,1,NULL),(1960,16,10,90,509.000,5,1,NULL),(1961,16,11,138,361.000,3,1,NULL),(1962,16,12,69,583.000,3,1,NULL),(1963,16,13,64,176.000,1,1,NULL),(1964,16,14,63,288.000,2,1,NULL),(1965,16,15,150,281.000,5,1,NULL),(1966,16,16,102,412.000,2,1,NULL),(1967,16,17,39,209.000,2,1,NULL),(1968,16,18,59,387.000,3,1,NULL),(1969,16,19,43,411.000,0,1,NULL),(1970,16,20,22,337.000,1,1,NULL),(1971,16,21,131,472.000,2,1,NULL),(1972,16,22,74,584.000,5,1,NULL),(1973,16,23,65,167.000,5,1,NULL),(1974,16,24,38,365.000,6,1,NULL),(1975,16,25,97,133.000,2,1,NULL),(1976,16,26,30,360.000,2,1,NULL),(1977,16,27,80,410.000,0,1,NULL),(1978,16,28,124,209.000,6,1,NULL),(1979,16,29,57,320.000,3,1,NULL),(1980,16,30,148,493.000,2,1,NULL),(1981,17,1,142,368.000,3,1,NULL),(1982,17,2,6,344.000,4,1,NULL),(1983,17,3,2,454.000,6,1,NULL),(1984,17,4,45,522.000,4,1,NULL),(1985,17,5,146,403.000,3,1,NULL),(1986,17,6,127,231.000,4,1,NULL),(1987,17,7,144,385.000,0,1,NULL),(1988,17,8,7,508.000,3,1,NULL),(1989,17,9,41,329.000,0,1,NULL),(1990,17,10,28,529.000,8,1,NULL),(1991,17,11,79,134.000,6,1,NULL),(1992,17,12,141,264.000,5,1,NULL),(1993,17,13,145,301.000,0,1,NULL),(1994,17,14,96,482.000,1,1,NULL),(1995,17,15,52,285.000,0,1,NULL),(1996,17,16,3,364.000,8,1,NULL),(1997,17,17,109,198.000,1,1,NULL),(1998,17,18,68,176.000,1,1,NULL),(1999,17,19,55,489.000,8,1,NULL),(2000,17,20,36,332.000,5,1,NULL),(2001,17,21,23,316.000,7,1,NULL),(2002,17,22,54,338.000,8,1,NULL),(2003,17,23,66,164.000,3,1,NULL),(2004,17,24,111,315.000,1,1,NULL),(2005,17,25,99,539.000,6,1,NULL),(2006,17,26,14,599.000,6,1,NULL),(2007,17,27,108,223.000,0,1,NULL),(2008,17,28,126,583.000,2,1,NULL),(2009,17,29,137,253.000,0,1,NULL),(2010,17,30,88,183.000,0,1,NULL),(2011,18,1,142,245.000,1,1,NULL),(2012,18,2,6,147.000,8,1,NULL),(2013,18,3,2,261.000,0,1,NULL),(2014,18,4,45,494.000,4,1,NULL),(2015,18,5,146,441.000,0,1,NULL),(2016,18,6,127,486.000,3,1,NULL),(2017,18,7,144,461.000,5,1,NULL),(2018,18,8,7,410.000,8,1,NULL),(2019,18,9,41,367.000,8,1,NULL),(2020,18,10,28,409.000,2,1,NULL),(2021,18,11,79,172.000,3,1,NULL),(2022,18,12,141,403.000,4,1,NULL),(2023,18,13,145,410.000,6,1,NULL),(2024,18,14,96,553.000,3,1,NULL),(2025,18,15,52,325.000,1,1,NULL),(2026,18,16,3,206.000,3,1,NULL),(2027,18,17,109,204.000,0,1,NULL),(2028,18,18,68,442.000,6,1,NULL),(2029,18,19,55,546.000,3,1,NULL),(2030,18,20,36,242.000,3,1,NULL),(2031,18,21,23,150.000,2,1,NULL),(2032,18,22,54,476.000,2,1,NULL),(2033,18,23,66,261.000,7,1,NULL),(2034,18,24,111,230.000,0,1,NULL),(2035,18,25,99,359.000,5,1,NULL),(2036,18,26,14,382.000,6,1,NULL),(2037,18,27,108,177.000,0,1,NULL),(2038,18,28,126,569.000,2,1,NULL),(2039,18,29,137,409.000,6,1,NULL),(2040,18,30,88,161.000,0,1,NULL),(2041,19,1,87,456.000,8,1,NULL),(2042,19,2,56,383.000,5,1,NULL),(2043,19,3,93,356.000,5,1,NULL),(2044,19,4,128,395.000,3,1,NULL),(2045,19,5,116,283.000,0,1,NULL),(2046,19,6,50,522.000,0,1,NULL),(2047,19,7,71,307.000,5,1,NULL),(2048,19,8,27,548.000,3,1,NULL),(2049,19,9,107,216.000,2,1,NULL),(2050,19,10,147,453.000,6,1,NULL),(2051,19,11,120,480.000,6,1,NULL),(2052,19,12,19,367.000,2,1,NULL),(2053,19,13,89,164.000,4,1,NULL),(2054,19,14,24,408.000,5,1,NULL),(2055,19,15,42,503.000,0,1,NULL),(2056,19,16,35,357.000,3,1,NULL),(2057,19,17,33,235.000,6,1,NULL),(2058,19,18,92,558.000,6,1,NULL),(2059,19,19,37,384.000,5,1,NULL),(2060,19,20,136,425.000,3,1,NULL),(2061,19,21,134,369.000,8,1,NULL),(2062,19,22,119,444.000,2,1,NULL),(2063,19,23,94,293.000,5,1,NULL),(2064,19,24,113,426.000,4,1,NULL),(2065,19,25,81,527.000,6,1,NULL),(2066,19,26,77,367.000,4,1,NULL),(2067,19,27,26,403.000,7,1,NULL),(2068,19,28,135,164.000,8,1,NULL),(2069,19,29,20,146.000,2,1,NULL),(2070,19,30,100,232.000,4,1,NULL),(2071,20,1,87,342.000,6,1,NULL),(2072,20,2,56,346.000,1,1,NULL),(2073,20,3,93,466.000,1,1,NULL),(2074,20,4,128,172.000,5,1,NULL),(2075,20,5,116,147.000,1,1,NULL),(2076,20,6,50,527.000,0,1,NULL),(2077,20,7,71,354.000,3,1,NULL),(2078,20,8,27,391.000,5,1,NULL),(2079,20,9,107,368.000,3,1,NULL),(2080,20,10,147,434.000,0,1,NULL),(2081,20,11,120,504.000,0,1,NULL),(2082,20,12,19,189.000,3,1,NULL),(2083,20,13,89,244.000,1,1,NULL),(2084,20,14,24,478.000,2,1,NULL),(2085,20,15,42,245.000,2,1,NULL),(2086,20,16,35,447.000,2,1,NULL),(2087,20,17,33,371.000,5,1,NULL),(2088,20,18,92,174.000,6,1,NULL),(2089,20,19,37,151.000,4,1,NULL),(2090,20,20,136,586.000,1,1,NULL),(2091,20,21,134,483.000,3,1,NULL),(2092,20,22,119,330.000,1,1,NULL),(2093,20,23,94,568.000,4,1,NULL),(2094,20,24,113,130.000,1,1,NULL),(2095,20,25,81,320.000,3,1,NULL),(2096,20,26,77,521.000,4,1,NULL),(2097,20,27,26,355.000,1,1,NULL),(2098,20,28,135,455.000,1,1,NULL),(2099,20,29,20,347.000,4,1,NULL),(2100,20,30,100,555.000,2,1,NULL),(2101,91,1,150,595.000,7,1,NULL),(2102,91,2,131,512.000,3,1,NULL),(2103,91,3,76,344.000,6,1,NULL),(2104,91,4,91,323.000,1,1,NULL),(2105,91,5,30,425.000,7,1,NULL),(2106,91,6,50,477.000,0,1,NULL),(2107,91,7,140,332.000,2,1,NULL),(2108,91,8,28,562.000,4,1,NULL),(2109,91,9,37,333.000,4,1,NULL),(2110,91,10,55,278.000,6,1,NULL),(2111,91,11,69,329.000,0,1,NULL),(2112,91,12,125,583.000,0,1,NULL),(2113,91,13,84,502.000,5,1,NULL),(2114,91,14,58,554.000,1,1,NULL),(2115,91,15,47,470.000,4,1,NULL),(2116,91,16,52,541.000,4,1,NULL),(2117,91,17,70,152.000,6,1,NULL),(2118,91,18,29,211.000,4,1,NULL),(2119,91,19,36,599.000,5,1,NULL),(2120,91,20,149,510.000,0,1,NULL),(2121,91,21,113,454.000,3,1,NULL),(2122,91,22,136,260.000,2,1,NULL),(2123,91,23,86,410.000,3,1,NULL),(2124,91,24,83,169.000,0,1,NULL),(2125,91,25,132,534.000,6,1,NULL),(2126,91,26,12,552.000,4,1,NULL),(2127,91,27,34,454.000,3,1,NULL),(2128,92,1,150,475.000,3,1,NULL),(2129,92,2,131,177.000,2,1,NULL),(2130,92,3,76,462.000,5,1,NULL),(2131,92,4,91,533.000,2,1,NULL),(2132,92,5,30,410.000,6,1,NULL),(2133,92,6,50,404.000,0,1,NULL),(2134,92,7,140,187.000,4,1,NULL),(2135,92,8,28,556.000,2,1,NULL),(2136,92,9,37,532.000,1,1,NULL),(2137,92,10,55,440.000,1,1,NULL),(2138,92,11,69,421.000,0,1,NULL),(2139,92,12,125,333.000,0,1,NULL),(2140,92,13,84,391.000,2,1,NULL),(2141,92,14,58,599.000,1,1,NULL),(2142,92,15,47,341.000,1,1,NULL),(2143,92,16,52,406.000,4,1,NULL),(2144,92,17,70,587.000,2,1,NULL),(2145,92,18,29,135.000,2,1,NULL),(2146,92,19,36,507.000,4,1,NULL),(2147,92,20,149,581.000,1,1,NULL),(2148,92,21,113,586.000,2,1,NULL),(2149,92,22,136,465.000,4,1,NULL),(2150,92,23,86,160.000,1,1,NULL),(2151,92,24,83,491.000,6,1,NULL),(2152,92,25,132,287.000,1,1,NULL),(2153,92,26,12,453.000,4,1,NULL),(2154,92,27,34,365.000,3,1,NULL),(2155,93,1,5,371.000,2,1,NULL),(2156,93,2,145,394.000,7,1,NULL),(2157,93,3,90,165.000,0,1,NULL),(2158,93,4,146,260.000,6,1,NULL),(2159,93,5,88,269.000,0,1,NULL),(2160,93,6,75,137.000,1,1,NULL),(2161,93,7,103,183.000,6,1,NULL),(2162,93,8,137,540.000,6,1,NULL),(2163,93,9,7,458.000,2,1,NULL),(2164,93,10,56,153.000,4,1,NULL),(2165,93,11,35,180.000,5,1,NULL),(2166,93,12,25,246.000,3,1,NULL),(2167,93,13,60,572.000,4,1,NULL),(2168,93,14,3,351.000,7,1,NULL),(2169,93,15,102,326.000,7,1,NULL),(2170,93,16,43,303.000,4,1,NULL),(2171,93,17,105,137.000,6,1,NULL),(2172,93,18,63,395.000,6,1,NULL),(2173,93,19,16,301.000,2,1,NULL),(2174,93,20,115,134.000,1,1,NULL),(2175,93,21,71,575.000,0,1,NULL),(2176,93,22,78,148.000,5,1,NULL),(2177,93,23,31,200.000,0,1,NULL),(2178,93,24,59,223.000,4,1,NULL),(2179,93,25,141,351.000,1,1,NULL),(2180,93,26,73,408.000,3,1,NULL),(2181,94,1,5,295.000,3,1,NULL),(2182,94,2,145,454.000,1,1,NULL),(2183,94,3,90,457.000,0,1,NULL),(2184,94,4,146,452.000,7,1,NULL),(2185,94,5,88,276.000,5,1,NULL),(2186,94,6,75,510.000,2,1,NULL),(2187,94,7,103,338.000,2,1,NULL),(2188,94,8,137,534.000,2,1,NULL),(2189,94,9,7,130.000,4,1,NULL),(2190,94,10,56,525.000,4,1,NULL),(2191,94,11,35,424.000,1,1,NULL),(2192,94,12,25,552.000,4,1,NULL),(2193,94,13,60,306.000,6,1,NULL),(2194,94,14,3,310.000,2,1,NULL),(2195,94,15,102,269.000,4,1,NULL),(2196,94,16,43,433.000,6,1,NULL),(2197,94,17,105,561.000,7,1,NULL),(2198,94,18,63,515.000,6,1,NULL),(2199,94,19,16,218.000,3,1,NULL),(2200,94,20,115,384.000,4,1,NULL),(2201,94,21,71,356.000,6,1,NULL),(2202,94,22,78,175.000,2,1,NULL),(2203,94,23,31,534.000,3,1,NULL),(2204,94,24,59,554.000,5,1,NULL),(2205,94,25,141,497.000,7,1,NULL),(2206,94,26,73,383.000,2,1,NULL),(2207,95,1,17,356.000,3,1,NULL),(2208,95,2,27,340.000,6,1,NULL),(2209,95,3,104,399.000,3,1,NULL),(2210,95,4,8,160.000,5,1,NULL),(2211,95,5,93,367.000,2,1,NULL),(2212,95,6,107,513.000,0,1,NULL),(2213,95,7,10,421.000,1,1,NULL),(2214,95,8,87,516.000,0,1,NULL),(2215,95,9,109,575.000,5,1,NULL),(2216,95,10,11,340.000,6,1,NULL),(2217,95,11,48,330.000,3,1,NULL),(2218,95,12,99,235.000,4,1,NULL),(2219,95,13,77,597.000,4,1,NULL),(2220,95,14,138,586.000,6,1,NULL),(2221,95,15,133,549.000,6,1,NULL),(2222,95,16,101,512.000,3,1,NULL),(2223,95,17,45,479.000,5,1,NULL),(2224,95,18,112,519.000,3,1,NULL),(2225,95,19,14,598.000,6,1,NULL),(2226,95,20,54,268.000,2,1,NULL),(2227,95,21,74,213.000,3,1,NULL),(2228,95,22,22,453.000,0,1,NULL),(2229,95,23,121,442.000,5,1,NULL),(2230,95,24,13,571.000,4,1,NULL),(2231,95,25,32,469.000,5,1,NULL),(2232,95,26,2,500.000,1,1,NULL),(2233,96,1,17,185.000,7,1,NULL),(2234,96,2,27,529.000,6,1,NULL),(2235,96,3,104,523.000,5,1,NULL),(2236,96,4,8,397.000,2,1,NULL),(2237,96,5,93,323.000,7,1,NULL),(2238,96,6,107,531.000,7,1,NULL),(2239,96,7,10,221.000,3,1,NULL),(2240,96,8,87,252.000,6,1,NULL),(2241,96,9,109,202.000,7,1,NULL),(2242,96,10,11,421.000,7,1,NULL),(2243,96,11,48,560.000,6,1,NULL),(2244,96,12,99,371.000,1,1,NULL),(2245,96,13,77,526.000,6,1,NULL),(2246,96,14,138,564.000,0,1,NULL),(2247,96,15,133,417.000,7,1,NULL),(2248,96,16,101,170.000,4,1,NULL),(2249,96,17,45,535.000,7,1,NULL),(2250,96,18,112,410.000,2,1,NULL),(2251,96,19,14,515.000,7,1,NULL),(2252,96,20,54,498.000,0,1,NULL),(2253,96,21,74,412.000,4,1,NULL),(2254,96,22,22,425.000,7,1,NULL),(2255,96,23,121,515.000,4,1,NULL),(2256,96,24,13,522.000,3,1,NULL),(2257,96,25,32,447.000,6,1,NULL),(2258,96,26,2,496.000,5,1,NULL),(2259,123,1,30,448.000,8,1,NULL),(2260,123,2,24,310.000,5,1,NULL),(2261,123,3,11,442.000,1,1,NULL),(2262,123,4,76,546.000,1,1,NULL),(2263,123,5,37,503.000,1,1,NULL),(2264,123,6,114,580.000,5,1,NULL),(2265,123,7,38,312.000,0,1,NULL),(2266,123,8,53,268.000,2,1,NULL),(2267,123,9,134,293.000,2,1,NULL),(2268,123,10,17,363.000,0,1,NULL),(2269,123,11,34,482.000,4,1,NULL),(2270,123,12,90,317.000,8,1,NULL),(2271,123,13,60,575.000,4,1,NULL),(2272,123,14,119,556.000,1,1,NULL),(2273,123,15,118,197.000,4,1,NULL),(2274,123,16,128,595.000,0,1,NULL),(2275,123,17,122,183.000,4,1,NULL),(2276,123,18,67,178.000,5,1,NULL),(2277,123,19,125,530.000,3,1,NULL),(2278,123,20,117,508.000,8,1,NULL),(2279,123,21,36,588.000,0,1,NULL),(2280,123,22,49,254.000,1,1,NULL),(2281,123,23,124,595.000,1,1,NULL),(2282,123,24,45,168.000,2,1,NULL),(2283,123,25,56,166.000,0,1,NULL),(2284,123,26,8,482.000,5,1,NULL),(2285,124,1,30,429.000,0,1,NULL),(2286,124,2,24,242.000,7,1,NULL),(2287,124,3,11,155.000,4,1,NULL),(2288,124,4,76,534.000,4,1,NULL),(2289,124,5,37,328.000,7,1,NULL),(2290,124,6,114,300.000,5,1,NULL),(2291,124,7,38,391.000,5,1,NULL),(2292,124,8,53,544.000,5,1,NULL),(2293,124,9,134,340.000,2,1,NULL),(2294,124,10,17,120.000,3,1,NULL),(2295,124,11,34,374.000,6,1,NULL),(2296,124,12,90,184.000,0,1,NULL),(2297,124,13,60,279.000,1,1,NULL),(2298,124,14,119,446.000,0,1,NULL),(2299,124,15,118,240.000,5,1,NULL),(2300,124,16,128,495.000,1,1,NULL),(2301,124,17,122,380.000,7,1,NULL),(2302,124,18,67,405.000,3,1,NULL),(2303,124,19,125,460.000,2,1,NULL),(2304,124,20,117,234.000,7,1,NULL),(2305,124,21,36,397.000,0,1,NULL),(2306,124,22,49,236.000,0,1,NULL),(2307,124,23,124,558.000,6,1,NULL),(2308,124,24,45,339.000,0,1,NULL),(2309,124,25,56,225.000,5,1,NULL),(2310,124,26,8,425.000,0,1,NULL),(2311,125,1,35,542.000,7,1,NULL),(2312,125,2,143,216.000,1,1,NULL),(2313,125,3,20,333.000,7,1,NULL),(2314,125,4,65,180.000,4,1,NULL),(2315,125,5,131,554.000,1,1,NULL),(2316,125,6,137,305.000,6,1,NULL),(2317,125,7,23,133.000,4,1,NULL),(2318,125,8,68,498.000,3,1,NULL),(2319,125,9,95,435.000,5,1,NULL),(2320,125,10,139,576.000,5,1,NULL),(2321,125,11,29,536.000,6,1,NULL),(2322,125,12,39,437.000,5,1,NULL),(2323,125,13,31,207.000,3,1,NULL),(2324,125,14,140,307.000,5,1,NULL),(2325,125,15,102,436.000,1,1,NULL),(2326,125,16,51,461.000,7,1,NULL),(2327,125,17,83,319.000,2,1,NULL),(2328,125,18,52,345.000,5,1,NULL),(2329,125,19,22,315.000,3,1,NULL),(2330,125,20,91,397.000,5,1,NULL),(2331,125,21,141,487.000,4,1,NULL),(2332,125,22,1,137.000,7,1,NULL),(2333,125,23,136,120.000,1,1,NULL),(2334,125,24,18,129.000,6,1,NULL),(2335,125,25,3,541.000,2,1,NULL),(2336,125,26,148,233.000,3,1,NULL),(2337,126,1,35,452.000,5,1,NULL),(2338,126,2,143,148.000,0,1,NULL),(2339,126,3,20,544.000,6,1,NULL),(2340,126,4,65,394.000,7,1,NULL),(2341,126,5,131,362.000,0,1,NULL),(2342,126,6,137,186.000,7,1,NULL),(2343,126,7,23,166.000,5,1,NULL),(2344,126,8,68,551.000,3,1,NULL),(2345,126,9,95,526.000,2,1,NULL),(2346,126,10,139,489.000,6,1,NULL),(2347,126,11,29,413.000,6,1,NULL),(2348,126,12,39,323.000,3,1,NULL),(2349,126,13,31,585.000,0,1,NULL),(2350,126,14,140,446.000,6,1,NULL),(2351,126,15,102,192.000,4,1,NULL),(2352,126,16,51,165.000,7,1,NULL),(2353,126,17,83,268.000,3,1,NULL),(2354,126,18,52,126.000,3,1,NULL),(2355,126,19,22,278.000,0,1,NULL),(2356,126,20,91,177.000,5,1,NULL),(2357,126,21,141,552.000,3,1,NULL),(2358,126,22,1,568.000,0,1,NULL),(2359,126,23,136,410.000,3,1,NULL),(2360,126,24,18,283.000,1,1,NULL),(2361,126,25,3,523.000,7,1,NULL),(2362,126,26,148,461.000,0,1,NULL),(2363,127,1,108,242.000,6,1,NULL),(2364,127,2,48,474.000,1,1,NULL),(2365,127,3,80,369.000,2,1,NULL),(2366,127,4,146,532.000,2,1,NULL),(2367,127,5,4,349.000,6,1,NULL),(2368,127,6,120,132.000,5,1,NULL),(2369,127,7,10,162.000,4,1,NULL),(2370,127,8,135,293.000,7,1,NULL),(2371,127,9,25,195.000,2,1,NULL),(2372,127,10,73,446.000,1,1,NULL),(2373,127,11,13,430.000,3,1,NULL),(2374,127,12,28,252.000,5,1,NULL),(2375,127,13,61,246.000,2,1,NULL),(2376,127,14,15,467.000,1,1,NULL),(2377,127,15,71,340.000,6,1,NULL),(2378,127,16,6,520.000,7,1,NULL),(2379,127,17,142,151.000,2,1,NULL),(2380,127,18,74,384.000,5,1,NULL),(2381,127,19,113,321.000,5,1,NULL),(2382,127,20,93,345.000,2,1,NULL),(2383,127,21,127,302.000,6,1,NULL),(2384,127,22,87,237.000,2,1,NULL),(2385,127,23,144,590.000,2,1,NULL),(2386,127,24,69,273.000,3,1,NULL),(2387,127,25,47,220.000,3,1,NULL),(2388,128,1,108,467.000,6,1,NULL),(2389,128,2,48,388.000,0,1,NULL),(2390,128,3,80,176.000,0,1,NULL),(2391,128,4,146,206.000,4,1,NULL),(2392,128,5,4,183.000,1,1,NULL),(2393,128,6,120,299.000,3,1,NULL),(2394,128,7,10,565.000,3,1,NULL),(2395,128,8,135,245.000,4,1,NULL),(2396,128,9,25,542.000,6,1,NULL),(2397,128,10,73,286.000,4,1,NULL),(2398,128,11,13,156.000,6,1,NULL),(2399,128,12,28,204.000,2,1,NULL),(2400,128,13,61,285.000,1,1,NULL),(2401,128,14,15,464.000,1,1,NULL),(2402,128,15,71,278.000,1,1,NULL),(2403,128,16,6,132.000,3,1,NULL),(2404,128,17,142,233.000,2,1,NULL),(2405,128,18,74,582.000,5,1,NULL),(2406,128,19,113,168.000,1,1,NULL),(2407,128,20,93,329.000,2,1,NULL),(2408,128,21,127,483.000,5,1,NULL),(2409,128,22,87,196.000,5,1,NULL),(2410,128,23,144,181.000,0,1,NULL),(2411,128,24,69,263.000,5,1,NULL),(2412,128,25,47,451.000,4,1,NULL),(2413,129,1,107,298.000,3,1,NULL),(2414,129,2,77,247.000,6,1,NULL),(2415,129,3,54,466.000,0,1,NULL),(2416,129,4,27,358.000,2,1,NULL),(2417,129,5,99,526.000,7,1,NULL),(2418,129,6,110,275.000,4,1,NULL),(2419,129,7,40,229.000,6,1,NULL),(2420,129,8,32,172.000,4,1,NULL),(2421,129,9,33,566.000,2,1,NULL),(2422,129,10,21,227.000,3,1,NULL),(2423,129,11,109,399.000,0,1,NULL),(2424,129,12,103,472.000,6,1,NULL),(2425,129,13,96,323.000,1,1,NULL),(2426,129,14,44,518.000,6,1,NULL),(2427,129,15,19,565.000,2,1,NULL),(2428,129,16,150,170.000,3,1,NULL),(2429,129,17,59,142.000,1,1,NULL),(2430,129,18,100,300.000,2,1,NULL),(2431,129,19,115,556.000,1,1,NULL),(2432,129,20,16,324.000,6,1,NULL),(2433,129,21,92,258.000,2,1,NULL),(2434,129,22,88,346.000,0,1,NULL),(2435,129,23,5,220.000,5,1,NULL),(2436,129,24,129,418.000,2,1,NULL),(2437,129,25,112,320.000,5,1,NULL),(2438,130,1,107,287.000,1,1,NULL),(2439,130,2,77,209.000,1,1,NULL),(2440,130,3,54,484.000,1,1,NULL),(2441,130,4,27,329.000,6,1,NULL),(2442,130,5,99,322.000,0,1,NULL),(2443,130,6,110,263.000,1,1,NULL),(2444,130,7,40,275.000,1,1,NULL),(2445,130,8,32,483.000,6,1,NULL),(2446,130,9,33,172.000,6,1,NULL),(2447,130,10,21,437.000,2,1,NULL),(2448,130,11,109,209.000,4,1,NULL),(2449,130,12,103,389.000,6,1,NULL),(2450,130,13,96,322.000,0,1,NULL),(2451,130,14,44,455.000,6,1,NULL),(2452,130,15,19,224.000,2,1,NULL),(2453,130,16,150,219.000,6,1,NULL),(2454,130,17,59,524.000,2,1,NULL),(2455,130,18,100,545.000,4,1,NULL),(2456,130,19,115,418.000,0,1,NULL),(2457,130,20,16,169.000,1,1,NULL),(2458,130,21,92,291.000,0,1,NULL),(2459,130,22,88,504.000,1,1,NULL),(2460,130,23,5,557.000,4,1,NULL),(2461,130,24,129,137.000,2,1,NULL),(2462,130,25,112,565.000,1,1,NULL),(2463,87,1,82,568.000,8,1,NULL),(2464,87,2,40,435.000,6,1,NULL),(2465,87,3,10,514.000,5,1,NULL),(2466,87,4,16,137.000,1,1,NULL),(2467,87,5,93,192.000,5,1,NULL),(2468,87,6,78,565.000,7,1,NULL),(2469,87,7,59,549.000,0,1,NULL),(2470,87,8,41,143.000,4,1,NULL),(2471,87,9,29,586.000,1,1,NULL),(2472,87,10,15,341.000,2,1,NULL),(2473,87,11,73,582.000,5,1,NULL),(2474,87,12,132,392.000,6,1,NULL),(2475,87,13,145,282.000,5,1,NULL),(2476,87,14,39,512.000,6,1,NULL),(2477,87,15,104,388.000,0,1,NULL),(2478,87,16,25,191.000,3,1,NULL),(2479,87,17,129,518.000,8,1,NULL),(2480,87,18,90,386.000,2,1,NULL),(2481,87,19,36,548.000,0,1,NULL),(2482,87,20,111,476.000,5,1,NULL),(2483,87,21,81,585.000,2,1,NULL),(2484,87,22,79,149.000,5,1,NULL),(2485,87,23,107,583.000,3,1,NULL),(2486,87,24,137,284.000,0,1,NULL),(2487,87,25,48,421.000,4,1,NULL),(2488,87,26,46,516.000,3,1,NULL),(2489,87,27,116,336.000,8,1,NULL),(2490,87,28,126,559.000,4,1,NULL),(2491,87,29,47,275.000,1,1,NULL),(2492,87,30,119,127.000,8,1,NULL),(2493,88,1,34,303.000,6,1,NULL),(2494,88,2,103,134.000,1,1,NULL),(2495,88,3,37,217.000,1,1,NULL),(2496,88,4,106,354.000,6,1,NULL),(2497,88,5,49,439.000,2,1,NULL),(2498,88,6,64,486.000,8,1,NULL),(2499,88,7,94,223.000,4,1,NULL),(2500,88,8,114,425.000,0,1,NULL),(2501,88,9,125,126.000,0,1,NULL),(2502,88,10,115,466.000,7,1,NULL),(2503,88,11,146,491.000,3,1,NULL),(2504,88,12,38,560.000,3,1,NULL),(2505,88,13,55,364.000,3,1,NULL),(2506,88,14,84,206.000,1,1,NULL),(2507,88,15,57,570.000,6,1,NULL),(2508,88,16,6,333.000,0,1,NULL),(2509,88,17,11,348.000,0,1,NULL),(2510,88,18,123,364.000,0,1,NULL),(2511,88,19,118,592.000,3,1,NULL),(2512,88,20,144,397.000,5,1,NULL),(2513,88,21,136,351.000,8,1,NULL),(2514,88,22,86,472.000,3,1,NULL),(2515,88,23,65,198.000,6,1,NULL),(2516,88,24,140,564.000,3,1,NULL),(2517,88,25,117,238.000,2,1,NULL),(2518,88,26,61,569.000,8,1,NULL),(2519,88,27,1,222.000,2,1,NULL),(2520,88,28,139,151.000,5,1,NULL),(2521,88,29,77,506.000,7,1,NULL),(2522,88,30,138,562.000,4,1,NULL),(2523,89,1,98,454.000,3,1,NULL),(2524,89,2,83,208.000,5,1,NULL),(2525,89,3,88,294.000,3,1,NULL),(2526,89,4,44,337.000,1,1,NULL),(2527,89,5,127,554.000,0,1,NULL),(2528,89,6,95,341.000,4,1,NULL),(2529,89,7,112,449.000,7,1,NULL),(2530,89,8,105,533.000,4,1,NULL),(2531,89,9,62,284.000,4,1,NULL),(2532,89,10,52,520.000,7,1,NULL),(2533,89,11,113,444.000,6,1,NULL),(2534,89,12,4,313.000,2,1,NULL),(2535,89,13,102,252.000,8,1,NULL),(2536,89,14,8,488.000,1,1,NULL),(2537,89,15,108,497.000,4,1,NULL),(2538,89,16,67,404.000,0,1,NULL),(2539,89,17,87,378.000,4,1,NULL),(2540,89,18,72,218.000,2,1,NULL),(2541,89,19,54,579.000,2,1,NULL),(2542,89,20,20,170.000,4,1,NULL),(2543,89,21,75,542.000,1,1,NULL),(2544,89,22,3,543.000,4,1,NULL),(2545,89,23,131,481.000,0,1,NULL),(2546,89,24,22,521.000,6,1,NULL),(2547,89,25,56,408.000,6,1,NULL),(2548,89,26,71,392.000,2,1,NULL),(2549,89,27,149,449.000,3,1,NULL),(2550,89,28,91,151.000,6,1,NULL),(2551,89,29,19,157.000,0,1,NULL),(2552,89,30,109,197.000,3,1,NULL),(2553,90,1,122,342.000,6,1,NULL),(2554,90,2,134,242.000,3,1,NULL),(2555,90,3,128,267.000,5,1,NULL),(2556,90,4,68,420.000,4,1,NULL),(2557,90,5,60,344.000,1,1,NULL),(2558,90,6,142,510.000,1,1,NULL),(2559,90,7,147,302.000,4,1,NULL),(2560,90,8,124,549.000,6,1,NULL),(2561,90,9,30,356.000,2,1,NULL),(2562,90,10,9,573.000,7,1,NULL),(2563,90,11,13,208.000,2,1,NULL),(2564,90,12,85,507.000,2,1,NULL),(2565,90,13,31,215.000,6,1,NULL),(2566,90,14,51,534.000,0,1,NULL),(2567,90,15,133,248.000,5,1,NULL),(2568,90,16,24,589.000,3,1,NULL),(2569,90,17,130,478.000,1,1,NULL),(2570,90,18,50,470.000,2,1,NULL),(2571,90,19,121,471.000,0,1,NULL),(2572,90,20,45,417.000,0,1,NULL),(2573,90,21,76,159.000,5,1,NULL),(2574,90,22,101,331.000,4,1,NULL),(2575,90,23,141,129.000,6,1,NULL),(2576,90,24,12,217.000,1,1,NULL),(2577,90,25,21,408.000,6,1,NULL),(2578,90,26,2,145.000,5,1,NULL),(2579,90,27,18,394.000,6,1,NULL),(2580,90,28,143,465.000,6,1,NULL),(2581,90,29,96,327.000,7,1,NULL),(2582,90,30,5,565.000,6,1,NULL),(2583,131,1,143,536.000,2,1,NULL),(2584,131,2,115,320.000,5,1,NULL),(2585,131,3,76,309.000,4,1,NULL),(2586,131,4,15,141.000,1,1,NULL),(2587,131,5,68,397.000,2,1,NULL),(2588,131,6,28,479.000,7,1,NULL),(2589,131,7,71,226.000,2,1,NULL),(2590,131,8,54,462.000,6,1,NULL),(2591,131,9,70,152.000,0,1,NULL),(2592,131,10,113,240.000,1,1,NULL),(2593,131,11,100,408.000,6,1,NULL),(2594,131,12,103,552.000,3,1,NULL),(2595,131,13,49,539.000,0,1,NULL),(2596,131,14,36,334.000,6,1,NULL),(2597,131,15,121,592.000,0,1,NULL),(2598,131,16,75,415.000,5,1,NULL),(2599,131,17,135,312.000,4,1,NULL),(2600,131,18,47,585.000,0,1,NULL),(2601,131,19,147,213.000,4,1,NULL),(2602,131,20,94,476.000,3,1,NULL),(2603,131,21,140,414.000,1,1,NULL),(2604,131,22,23,189.000,6,1,NULL),(2605,131,23,61,291.000,2,1,NULL),(2606,131,24,83,565.000,2,1,NULL),(2607,131,25,132,136.000,3,1,NULL),(2608,131,26,86,169.000,2,1,NULL),(2609,131,27,9,555.000,4,1,NULL),(2610,131,28,101,538.000,7,1,NULL),(2611,131,29,48,465.000,4,1,NULL),(2612,131,30,104,501.000,7,1,NULL),(2613,132,1,12,141.000,5,1,NULL),(2614,132,2,77,306.000,0,1,NULL),(2615,132,3,21,148.000,7,1,NULL),(2616,132,4,30,446.000,2,1,NULL),(2617,132,5,72,197.000,0,1,NULL),(2618,132,6,65,569.000,1,1,NULL),(2619,132,7,128,546.000,2,1,NULL),(2620,132,8,40,218.000,6,1,NULL),(2621,132,9,6,167.000,0,1,NULL),(2622,132,10,136,468.000,4,1,NULL),(2623,132,11,141,159.000,6,1,NULL),(2624,132,12,142,472.000,6,1,NULL),(2625,132,13,13,313.000,3,1,NULL),(2626,132,14,123,313.000,7,1,NULL),(2627,132,15,85,367.000,3,1,NULL),(2628,132,16,53,315.000,5,1,NULL),(2629,132,17,69,240.000,1,1,NULL),(2630,132,18,129,352.000,0,1,NULL),(2631,132,19,66,246.000,5,1,NULL),(2632,132,20,90,136.000,3,1,NULL),(2633,132,21,17,245.000,6,1,NULL),(2634,132,22,5,232.000,2,1,NULL),(2635,132,23,138,406.000,6,1,NULL),(2636,132,24,58,464.000,2,1,NULL),(2637,132,25,125,538.000,5,1,NULL),(2638,132,26,1,308.000,0,1,NULL),(2639,132,27,37,476.000,3,1,NULL),(2640,132,28,55,128.000,0,1,NULL),(2641,132,29,27,536.000,1,1,NULL),(2642,132,30,112,483.000,7,1,NULL),(2643,133,1,106,483.000,5,1,NULL),(2644,133,2,43,280.000,4,1,NULL),(2645,133,3,62,431.000,5,1,NULL),(2646,133,4,10,145.000,6,1,NULL),(2647,133,5,22,353.000,6,1,NULL),(2648,133,6,79,374.000,3,1,NULL),(2649,133,7,44,184.000,6,1,NULL),(2650,133,8,59,355.000,6,1,NULL),(2651,133,9,107,145.000,5,1,NULL),(2652,133,10,89,353.000,4,1,NULL),(2653,133,11,60,137.000,7,1,NULL),(2654,133,12,99,483.000,1,1,NULL),(2655,133,13,78,127.000,5,1,NULL),(2656,133,14,98,228.000,4,1,NULL),(2657,133,15,109,147.000,4,1,NULL),(2658,133,16,92,309.000,6,1,NULL),(2659,133,17,116,208.000,3,1,NULL),(2660,133,18,102,587.000,3,1,NULL),(2661,133,19,56,473.000,3,1,NULL),(2662,133,20,7,481.000,6,1,NULL),(2663,133,21,38,336.000,0,1,NULL),(2664,133,22,146,562.000,6,1,NULL),(2665,133,23,2,188.000,4,1,NULL),(2666,133,24,80,194.000,2,1,NULL),(2667,133,25,26,129.000,3,1,NULL),(2668,133,26,150,387.000,5,1,NULL),(2669,133,27,14,317.000,4,1,NULL),(2670,133,28,57,409.000,4,1,NULL),(2671,133,29,134,381.000,1,1,NULL),(2672,133,30,145,476.000,3,1,NULL),(2673,134,1,18,221.000,5,1,NULL),(2674,134,2,110,285.000,7,1,NULL),(2675,134,3,120,398.000,5,1,NULL),(2676,134,4,105,590.000,0,1,NULL),(2677,134,5,137,436.000,7,1,NULL),(2678,134,6,119,448.000,8,1,NULL),(2679,134,7,19,430.000,1,1,NULL),(2680,134,8,127,253.000,7,1,NULL),(2681,134,9,133,348.000,0,1,NULL),(2682,134,10,35,392.000,1,1,NULL),(2683,134,11,108,514.000,4,1,NULL),(2684,134,12,73,402.000,2,1,NULL),(2685,134,13,50,582.000,8,1,NULL),(2686,134,14,24,140.000,0,1,NULL),(2687,134,15,3,190.000,1,1,NULL),(2688,134,16,124,248.000,8,1,NULL),(2689,134,17,8,462.000,2,1,NULL),(2690,134,18,67,229.000,1,1,NULL),(2691,134,19,144,581.000,2,1,NULL),(2692,134,20,64,348.000,0,1,NULL),(2693,134,21,84,261.000,5,1,NULL),(2694,134,22,33,205.000,5,1,NULL),(2695,134,23,82,502.000,2,1,NULL),(2696,134,24,74,315.000,6,1,NULL),(2697,134,25,96,526.000,4,1,NULL),(2698,134,26,81,312.000,4,1,NULL),(2699,134,27,91,426.000,8,1,NULL),(2700,134,28,16,469.000,1,1,NULL),(2701,134,29,63,339.000,8,1,NULL),(2702,134,30,11,539.000,2,1,NULL),(2703,81,1,106,538.000,8,1,NULL),(2704,81,2,22,488.000,3,1,NULL),(2705,81,3,112,596.000,2,1,NULL),(2706,81,4,56,485.000,0,1,NULL),(2707,81,5,107,363.000,4,1,NULL),(2708,81,6,110,158.000,4,1,NULL),(2709,81,7,48,464.000,1,1,NULL),(2710,81,8,130,533.000,5,1,NULL),(2711,81,9,45,569.000,4,1,NULL),(2712,81,10,61,179.000,7,1,NULL),(2713,81,11,63,442.000,3,1,NULL),(2714,81,12,109,399.000,7,1,NULL),(2715,81,13,62,471.000,1,1,NULL),(2716,81,14,1,150.000,5,1,NULL),(2717,81,15,35,534.000,7,1,NULL),(2718,81,16,101,232.000,5,1,NULL),(2719,81,17,59,322.000,1,1,NULL),(2720,81,18,143,370.000,0,1,NULL),(2721,81,19,39,193.000,5,1,NULL),(2722,81,20,138,260.000,1,1,NULL),(2723,81,21,14,257.000,2,1,NULL),(2724,81,22,71,309.000,2,1,NULL),(2725,81,23,148,591.000,4,1,NULL),(2726,81,24,119,287.000,8,1,NULL),(2727,81,25,46,381.000,4,1,NULL),(2728,81,26,123,176.000,1,1,NULL),(2729,81,27,139,251.000,2,1,NULL),(2730,81,28,72,153.000,1,1,NULL),(2731,81,29,2,269.000,8,1,NULL),(2732,82,1,106,546.000,1,1,NULL),(2733,82,2,22,554.000,3,1,NULL),(2734,82,3,112,249.000,2,1,NULL),(2735,82,4,56,147.000,6,1,NULL),(2736,82,5,107,401.000,0,1,NULL),(2737,82,6,110,307.000,2,1,NULL),(2738,82,7,48,404.000,1,1,NULL),(2739,82,8,130,234.000,0,1,NULL),(2740,82,9,45,214.000,1,1,NULL),(2741,82,10,61,464.000,6,1,NULL),(2742,82,11,63,537.000,0,1,NULL),(2743,82,12,109,502.000,4,1,NULL),(2744,82,13,62,298.000,1,1,NULL),(2745,82,14,1,228.000,1,1,NULL),(2746,82,15,35,149.000,4,1,NULL),(2747,82,16,101,503.000,1,1,NULL),(2748,82,17,59,132.000,0,1,NULL),(2749,82,18,143,276.000,5,1,NULL),(2750,82,19,39,235.000,0,1,NULL),(2751,82,20,138,335.000,6,1,NULL),(2752,82,21,14,493.000,1,1,NULL),(2753,82,22,71,215.000,3,1,NULL),(2754,82,23,148,285.000,2,1,NULL),(2755,82,24,119,548.000,3,1,NULL),(2756,82,25,46,159.000,7,1,NULL),(2757,82,26,123,399.000,4,1,NULL),(2758,82,27,139,147.000,2,1,NULL),(2759,82,28,72,160.000,5,1,NULL),(2760,82,29,2,444.000,1,1,NULL),(2761,83,1,125,531.000,4,1,NULL),(2762,83,2,33,324.000,5,1,NULL),(2763,83,3,83,303.000,6,1,NULL),(2764,83,4,85,440.000,4,1,NULL),(2765,83,5,137,506.000,6,1,NULL),(2766,83,6,11,581.000,4,1,NULL),(2767,83,7,32,149.000,6,1,NULL),(2768,83,8,19,198.000,0,1,NULL),(2769,83,9,3,134.000,0,1,NULL),(2770,83,10,36,138.000,1,1,NULL),(2771,83,11,57,161.000,2,1,NULL),(2772,83,12,4,351.000,6,1,NULL),(2773,83,13,92,214.000,7,1,NULL),(2774,83,14,146,159.000,6,1,NULL),(2775,83,15,77,558.000,3,1,NULL),(2776,83,16,90,186.000,4,1,NULL),(2777,83,17,127,197.000,5,1,NULL),(2778,83,18,53,391.000,2,1,NULL),(2779,83,19,79,133.000,1,1,NULL),(2780,83,20,108,133.000,7,1,NULL),(2781,83,21,147,396.000,2,1,NULL),(2782,83,22,140,147.000,2,1,NULL),(2783,83,23,17,566.000,1,1,NULL),(2784,83,24,99,403.000,0,1,NULL),(2785,83,25,135,347.000,1,1,NULL),(2786,83,26,16,450.000,7,1,NULL),(2787,83,27,126,238.000,1,1,NULL),(2788,83,28,82,129.000,2,1,NULL),(2789,84,1,125,414.000,5,1,NULL),(2790,84,2,33,334.000,3,1,NULL),(2791,84,3,83,393.000,6,1,NULL),(2792,84,4,85,393.000,3,1,NULL),(2793,84,5,137,279.000,4,1,NULL),(2794,84,6,11,511.000,3,1,NULL),(2795,84,7,32,253.000,3,1,NULL),(2796,84,8,19,326.000,5,1,NULL),(2797,84,9,3,213.000,0,1,NULL),(2798,84,10,36,347.000,4,1,NULL),(2799,84,11,57,319.000,1,1,NULL),(2800,84,12,4,487.000,4,1,NULL),(2801,84,13,92,526.000,1,1,NULL),(2802,84,14,146,214.000,4,1,NULL),(2803,84,15,77,359.000,1,1,NULL),(2804,84,16,90,456.000,4,1,NULL),(2805,84,17,127,335.000,3,1,NULL),(2806,84,18,53,121.000,3,1,NULL),(2807,84,19,79,127.000,0,1,NULL),(2808,84,20,108,214.000,2,1,NULL),(2809,84,21,147,577.000,3,1,NULL),(2810,84,22,140,557.000,0,1,NULL),(2811,84,23,17,169.000,4,1,NULL),(2812,84,24,99,170.000,6,1,NULL),(2813,84,25,135,463.000,5,1,NULL),(2814,84,26,16,402.000,5,1,NULL),(2815,84,27,126,200.000,6,1,NULL),(2816,84,28,82,554.000,0,1,NULL),(2817,85,1,75,132.000,5,1,NULL),(2818,85,2,38,388.000,5,1,NULL),(2819,85,3,149,294.000,6,1,NULL),(2820,85,4,141,481.000,3,1,NULL),(2821,85,5,111,588.000,2,1,NULL),(2822,85,6,43,217.000,0,1,NULL),(2823,85,7,15,600.000,0,1,NULL),(2824,85,8,86,195.000,2,1,NULL),(2825,85,9,134,383.000,6,1,NULL),(2826,85,10,31,244.000,0,1,NULL),(2827,85,11,8,210.000,4,1,NULL),(2828,85,12,28,409.000,0,1,NULL),(2829,85,13,129,415.000,0,1,NULL),(2830,85,14,26,300.000,1,1,NULL),(2831,85,15,50,275.000,2,1,NULL),(2832,85,16,21,197.000,2,1,NULL),(2833,85,17,58,550.000,0,1,NULL),(2834,85,18,24,392.000,6,1,NULL),(2835,85,19,44,489.000,4,1,NULL),(2836,85,20,117,541.000,1,1,NULL),(2837,85,21,103,429.000,6,1,NULL),(2838,85,22,52,566.000,3,1,NULL),(2839,85,23,68,413.000,1,1,NULL),(2840,85,24,97,569.000,0,1,NULL),(2841,85,25,54,552.000,2,1,NULL),(2842,85,26,144,381.000,2,1,NULL),(2843,85,27,113,173.000,5,1,NULL),(2844,85,28,88,598.000,5,1,NULL),(2845,86,1,75,296.000,4,1,NULL),(2846,86,2,38,202.000,1,1,NULL),(2847,86,3,149,543.000,2,1,NULL),(2848,86,4,141,390.000,2,1,NULL),(2849,86,5,111,330.000,4,1,NULL),(2850,86,6,43,567.000,5,1,NULL),(2851,86,7,15,549.000,5,1,NULL),(2852,86,8,86,148.000,2,1,NULL),(2853,86,9,134,469.000,0,1,NULL),(2854,86,10,31,232.000,5,1,NULL),(2855,86,11,8,583.000,2,1,NULL),(2856,86,12,28,225.000,6,1,NULL),(2857,86,13,129,436.000,5,1,NULL),(2858,86,14,26,536.000,6,1,NULL),(2859,86,15,50,375.000,3,1,NULL),(2860,86,16,21,259.000,5,1,NULL),(2861,86,17,58,311.000,5,1,NULL),(2862,86,18,24,547.000,0,1,NULL),(2863,86,19,44,217.000,6,1,NULL),(2864,86,20,117,228.000,0,1,NULL),(2865,86,21,103,132.000,6,1,NULL),(2866,86,22,52,452.000,2,1,NULL),(2867,86,23,68,176.000,6,1,NULL),(2868,86,24,97,511.000,6,1,NULL),(2869,86,25,54,141.000,6,1,NULL),(2870,86,26,144,274.000,0,1,NULL),(2871,86,27,113,424.000,5,1,NULL),(2872,86,28,88,474.000,4,1,NULL),(2873,119,1,51,205.000,2,1,NULL),(2874,119,2,115,507.000,7,1,NULL),(2875,119,3,14,487.000,6,1,NULL),(2876,119,4,92,231.000,0,1,NULL),(2877,119,5,19,136.000,6,1,NULL),(2878,119,6,117,458.000,5,1,NULL),(2879,119,7,7,165.000,3,1,NULL),(2880,119,8,96,483.000,1,1,NULL),(2881,119,9,119,532.000,2,1,NULL),(2882,119,10,124,336.000,4,1,NULL),(2883,119,11,6,521.000,1,1,NULL),(2884,119,12,35,515.000,2,1,NULL),(2885,119,13,125,541.000,4,1,NULL),(2886,119,14,31,287.000,5,1,NULL),(2887,119,15,74,406.000,5,1,NULL),(2888,119,16,123,122.000,0,1,NULL),(2889,119,17,90,339.000,1,1,NULL),(2890,119,18,73,198.000,5,1,NULL),(2891,119,19,65,386.000,3,1,NULL),(2892,119,20,143,519.000,5,1,NULL),(2893,119,21,131,242.000,6,1,NULL),(2894,119,22,9,152.000,2,1,NULL),(2895,119,23,22,256.000,3,1,NULL),(2896,119,24,130,455.000,4,1,NULL),(2897,119,25,99,505.000,7,1,NULL),(2898,119,26,138,305.000,1,1,NULL),(2899,119,27,1,237.000,2,1,NULL),(2900,119,28,67,524.000,1,1,NULL),(2901,119,29,139,294.000,1,1,NULL),(2902,119,30,145,520.000,3,1,NULL),(2903,120,1,79,486.000,3,1,NULL),(2904,120,2,78,451.000,4,1,NULL),(2905,120,3,86,319.000,4,1,NULL),(2906,120,4,41,159.000,5,1,NULL),(2907,120,5,104,285.000,4,1,NULL),(2908,120,6,43,492.000,3,1,NULL),(2909,120,7,98,258.000,1,1,NULL),(2910,120,8,93,536.000,3,1,NULL),(2911,120,9,76,198.000,2,1,NULL),(2912,120,10,146,238.000,6,1,NULL),(2913,120,11,144,140.000,2,1,NULL),(2914,120,12,135,281.000,1,1,NULL),(2915,120,13,11,202.000,4,1,NULL),(2916,120,14,134,328.000,6,1,NULL),(2917,120,15,129,425.000,1,1,NULL),(2918,120,16,114,425.000,3,1,NULL),(2919,120,17,2,149.000,6,1,NULL),(2920,120,18,37,597.000,2,1,NULL),(2921,120,19,39,256.000,1,1,NULL),(2922,120,20,53,394.000,3,1,NULL),(2923,120,21,26,272.000,3,1,NULL),(2924,120,22,149,529.000,2,1,NULL),(2925,120,23,97,521.000,4,1,NULL),(2926,120,24,108,579.000,2,1,NULL),(2927,120,25,44,156.000,0,1,NULL),(2928,120,26,55,563.000,5,1,NULL),(2929,120,27,83,231.000,4,1,NULL),(2930,120,28,30,253.000,3,1,NULL),(2931,120,29,77,365.000,0,1,NULL),(2932,120,30,23,365.000,4,1,NULL),(2933,121,1,28,311.000,0,1,NULL),(2934,121,2,8,380.000,1,1,NULL),(2935,121,3,38,409.000,6,1,NULL),(2936,121,4,29,576.000,2,1,NULL),(2937,121,5,89,168.000,3,1,NULL),(2938,121,6,21,573.000,3,1,NULL),(2939,121,7,142,165.000,8,1,NULL),(2940,121,8,13,538.000,5,1,NULL),(2941,121,9,40,292.000,8,1,NULL),(2942,121,10,110,279.000,0,1,NULL),(2943,121,11,71,237.000,7,1,NULL),(2944,121,12,120,286.000,7,1,NULL),(2945,121,13,80,567.000,5,1,NULL),(2946,121,14,68,387.000,7,1,NULL),(2947,121,15,66,542.000,6,1,NULL),(2948,121,16,127,536.000,6,1,NULL),(2949,121,17,136,376.000,6,1,NULL),(2950,121,18,100,244.000,4,1,NULL),(2951,121,19,148,254.000,7,1,NULL),(2952,121,20,102,386.000,1,1,NULL),(2953,121,21,34,387.000,8,1,NULL),(2954,121,22,75,434.000,1,1,NULL),(2955,121,23,54,257.000,7,1,NULL),(2956,121,24,69,231.000,7,1,NULL),(2957,121,25,57,304.000,4,1,NULL),(2958,121,26,101,252.000,0,1,NULL),(2959,121,27,95,284.000,5,1,NULL),(2960,121,28,126,140.000,7,1,NULL),(2961,121,29,133,223.000,1,1,NULL),(2962,121,30,122,411.000,3,1,NULL),(2963,122,1,48,447.000,6,1,NULL),(2964,122,2,25,518.000,1,1,NULL),(2965,122,3,91,380.000,2,1,NULL),(2966,122,4,61,343.000,0,1,NULL),(2967,122,5,24,190.000,5,1,NULL),(2968,122,6,81,407.000,3,1,NULL),(2969,122,7,150,226.000,3,1,NULL),(2970,122,8,103,476.000,3,1,NULL),(2971,122,9,111,431.000,0,1,NULL),(2972,122,10,3,134.000,5,1,NULL),(2973,122,11,50,343.000,7,1,NULL),(2974,122,12,137,555.000,2,1,NULL),(2975,122,13,147,449.000,3,1,NULL),(2976,122,14,18,457.000,5,1,NULL),(2977,122,15,141,597.000,3,1,NULL),(2978,122,16,60,363.000,3,1,NULL),(2979,122,17,5,122.000,7,1,NULL),(2980,122,18,32,509.000,5,1,NULL),(2981,122,19,85,445.000,1,1,NULL),(2982,122,20,121,518.000,4,1,NULL),(2983,122,21,82,231.000,6,1,NULL),(2984,122,22,59,305.000,2,1,NULL),(2985,122,23,20,535.000,2,1,NULL),(2986,122,24,132,371.000,5,1,NULL),(2987,122,25,47,339.000,6,1,NULL),(2988,122,26,94,426.000,5,1,NULL),(2989,122,27,84,429.000,0,1,NULL),(2990,122,28,106,222.000,3,1,NULL),(2991,122,29,16,368.000,4,1,NULL),(2992,122,30,116,193.000,6,1,NULL),(2993,71,1,126,260.000,2,1,NULL),(2994,71,2,53,394.000,5,1,NULL),(2995,71,3,104,164.000,4,1,NULL),(2996,71,4,58,431.000,6,1,NULL),(2997,71,5,79,211.000,7,1,NULL),(2998,71,6,30,125.000,5,1,NULL),(2999,71,7,4,579.000,1,1,NULL),(3000,71,8,81,259.000,2,1,NULL),(3001,71,9,56,507.000,4,1,NULL),(3002,71,10,90,549.000,4,1,NULL),(3003,71,11,36,181.000,8,1,NULL),(3004,71,12,92,292.000,2,1,NULL),(3005,71,13,113,294.000,1,1,NULL),(3006,71,14,148,454.000,7,1,NULL),(3007,71,15,34,569.000,0,1,NULL),(3008,71,16,17,325.000,7,1,NULL),(3009,71,17,9,168.000,6,1,NULL),(3010,71,18,45,519.000,1,1,NULL),(3011,71,19,12,536.000,8,1,NULL),(3012,71,20,21,271.000,1,1,NULL),(3013,71,21,59,592.000,0,1,NULL),(3014,71,22,140,347.000,3,1,NULL),(3015,71,23,5,154.000,4,1,NULL),(3016,72,1,126,534.000,7,1,NULL),(3017,72,2,53,413.000,6,1,NULL),(3018,72,3,104,475.000,0,1,NULL),(3019,72,4,58,229.000,1,1,NULL),(3020,72,5,79,306.000,7,1,NULL),(3021,72,6,30,511.000,6,1,NULL),(3022,72,7,4,272.000,5,1,NULL),(3023,72,8,81,147.000,4,1,NULL),(3024,72,9,56,359.000,3,1,NULL),(3025,72,10,90,561.000,2,1,NULL),(3026,72,11,36,395.000,3,1,NULL),(3027,72,12,92,370.000,4,1,NULL),(3028,72,13,113,356.000,7,1,NULL),(3029,72,14,148,365.000,4,1,NULL),(3030,72,15,34,432.000,2,1,NULL),(3031,72,16,17,424.000,1,1,NULL),(3032,72,17,9,327.000,5,1,NULL),(3033,72,18,45,530.000,6,1,NULL),(3034,72,19,12,533.000,2,1,NULL),(3035,72,20,21,503.000,6,1,NULL),(3036,72,21,59,532.000,4,1,NULL),(3037,72,22,140,498.000,2,1,NULL),(3038,72,23,5,261.000,1,1,NULL),(3039,73,1,60,340.000,3,1,NULL),(3040,73,2,16,482.000,0,1,NULL),(3041,73,3,84,167.000,0,1,NULL),(3042,73,4,101,575.000,6,1,NULL),(3043,73,5,19,433.000,2,1,NULL),(3044,73,6,57,277.000,2,1,NULL),(3045,73,7,116,411.000,2,1,NULL),(3046,73,8,42,221.000,2,1,NULL),(3047,73,9,11,198.000,3,1,NULL),(3048,73,10,43,156.000,4,1,NULL),(3049,73,11,70,168.000,0,1,NULL),(3050,73,12,73,341.000,5,1,NULL),(3051,73,13,8,233.000,4,1,NULL),(3052,73,14,118,419.000,1,1,NULL),(3053,73,15,121,361.000,2,1,NULL),(3054,73,16,50,497.000,3,1,NULL),(3055,73,17,105,316.000,4,1,NULL),(3056,73,18,132,220.000,3,1,NULL),(3057,73,19,91,512.000,3,1,NULL),(3058,73,20,83,361.000,4,1,NULL),(3059,73,21,67,184.000,0,1,NULL),(3060,73,22,33,348.000,3,1,NULL),(3061,73,23,142,593.000,6,1,NULL),(3062,74,1,60,184.000,5,1,NULL),(3063,74,2,16,196.000,6,1,NULL),(3064,74,3,84,291.000,5,1,NULL),(3065,74,4,101,263.000,0,1,NULL),(3066,74,5,19,578.000,0,1,NULL),(3067,74,6,57,482.000,6,1,NULL),(3068,74,7,116,137.000,2,1,NULL),(3069,74,8,42,531.000,1,1,NULL),(3070,74,9,11,393.000,2,1,NULL),(3071,74,10,43,320.000,3,1,NULL),(3072,74,11,70,229.000,5,1,NULL),(3073,74,12,73,308.000,6,1,NULL),(3074,74,13,8,536.000,4,1,NULL),(3075,74,14,118,256.000,4,1,NULL),(3076,74,15,121,232.000,3,1,NULL),(3077,74,16,50,506.000,3,1,NULL),(3078,74,17,105,474.000,2,1,NULL),(3079,74,18,132,391.000,4,1,NULL),(3080,74,19,91,358.000,1,1,NULL),(3081,74,20,83,511.000,6,1,NULL),(3082,74,21,67,227.000,1,1,NULL),(3083,74,22,33,326.000,4,1,NULL),(3084,74,23,142,242.000,2,1,NULL),(3085,75,1,24,430.000,3,1,NULL),(3086,75,2,124,489.000,1,1,NULL),(3087,75,3,107,147.000,2,1,NULL),(3088,75,4,68,581.000,8,1,NULL),(3089,75,5,141,183.000,1,1,NULL),(3090,75,6,97,126.000,7,1,NULL),(3091,75,7,29,263.000,5,1,NULL),(3092,75,8,109,405.000,4,1,NULL),(3093,75,9,87,287.000,4,1,NULL),(3094,75,10,1,398.000,1,1,NULL),(3095,75,11,71,490.000,1,1,NULL),(3096,75,12,125,123.000,1,1,NULL),(3097,75,13,114,314.000,3,1,NULL),(3098,75,14,37,367.000,1,1,NULL),(3099,75,15,93,359.000,8,1,NULL),(3100,75,16,115,265.000,3,1,NULL),(3101,75,17,135,464.000,1,1,NULL),(3102,75,18,65,281.000,7,1,NULL),(3103,75,19,20,588.000,3,1,NULL),(3104,75,20,103,582.000,3,1,NULL),(3105,75,21,120,149.000,4,1,NULL),(3106,75,22,31,404.000,1,1,NULL),(3107,76,1,24,337.000,4,1,NULL),(3108,76,2,124,498.000,1,1,NULL),(3109,76,3,107,451.000,2,1,NULL),(3110,76,4,68,272.000,0,1,NULL),(3111,76,5,141,535.000,0,1,NULL),(3112,76,6,97,222.000,1,1,NULL),(3113,76,7,29,380.000,3,1,NULL),(3114,76,8,109,307.000,1,1,NULL),(3115,76,9,87,307.000,7,1,NULL),(3116,76,10,1,261.000,0,1,NULL),(3117,76,11,71,599.000,0,1,NULL),(3118,76,12,125,227.000,3,1,NULL),(3119,76,13,114,159.000,1,1,NULL),(3120,76,14,37,517.000,8,1,NULL),(3121,76,15,93,380.000,1,1,NULL),(3122,76,16,115,123.000,7,1,NULL),(3123,76,17,135,198.000,2,1,NULL),(3124,76,18,65,472.000,3,1,NULL),(3125,76,19,20,271.000,6,1,NULL),(3126,76,20,103,170.000,6,1,NULL),(3127,76,21,120,174.000,1,1,NULL),(3128,76,22,31,501.000,8,1,NULL),(3129,115,1,124,479.000,2,1,NULL),(3130,115,2,5,568.000,2,1,NULL),(3131,115,3,40,576.000,6,1,NULL),(3132,115,4,97,381.000,3,1,NULL),(3133,115,5,123,345.000,1,1,NULL),(3134,115,6,72,296.000,4,1,NULL),(3135,115,7,45,146.000,2,1,NULL),(3136,115,8,37,430.000,2,1,NULL),(3137,115,9,83,214.000,4,1,NULL),(3138,115,10,145,270.000,2,1,NULL),(3139,115,11,35,391.000,4,1,NULL),(3140,115,12,130,236.000,1,1,NULL),(3141,115,13,63,288.000,3,1,NULL),(3142,115,14,49,315.000,3,1,NULL),(3143,115,15,116,142.000,6,1,NULL),(3144,115,16,75,554.000,3,1,NULL),(3145,115,17,143,178.000,1,1,NULL),(3146,115,18,57,594.000,2,1,NULL),(3147,115,19,142,124.000,0,1,NULL),(3148,115,20,24,171.000,5,1,NULL),(3149,115,21,48,367.000,2,1,NULL),(3150,115,22,25,554.000,5,1,NULL),(3151,115,23,88,300.000,5,1,NULL),(3152,115,24,41,226.000,0,1,NULL),(3153,115,25,96,213.000,6,1,NULL),(3154,115,26,148,299.000,2,1,NULL),(3155,115,27,137,467.000,6,1,NULL),(3156,115,28,73,459.000,4,1,NULL),(3157,115,29,146,529.000,4,1,NULL),(3158,115,30,11,164.000,2,1,NULL),(3159,116,1,140,225.000,0,1,NULL),(3160,116,2,90,153.000,0,1,NULL),(3161,116,3,101,253.000,7,1,NULL),(3162,116,4,120,271.000,7,1,NULL),(3163,116,5,85,437.000,7,1,NULL),(3164,116,6,6,246.000,0,1,NULL),(3165,116,7,95,569.000,7,1,NULL),(3166,116,8,71,275.000,7,1,NULL),(3167,116,9,65,444.000,6,1,NULL),(3168,116,10,52,346.000,6,1,NULL),(3169,116,11,12,508.000,5,1,NULL),(3170,116,12,110,545.000,1,1,NULL),(3171,116,13,36,338.000,8,1,NULL),(3172,116,14,10,232.000,8,1,NULL),(3173,116,15,53,188.000,8,1,NULL),(3174,116,16,42,159.000,7,1,NULL),(3175,116,17,127,515.000,3,1,NULL),(3176,116,18,109,308.000,6,1,NULL),(3177,116,19,39,224.000,3,1,NULL),(3178,116,20,27,530.000,6,1,NULL),(3179,116,21,58,504.000,1,1,NULL),(3180,116,22,139,307.000,2,1,NULL),(3181,116,23,147,379.000,4,1,NULL),(3182,116,24,17,407.000,8,1,NULL),(3183,116,25,68,340.000,8,1,NULL),(3184,116,26,117,346.000,2,1,NULL),(3185,116,27,26,203.000,5,1,NULL),(3186,116,28,105,479.000,4,1,NULL),(3187,116,29,81,501.000,6,1,NULL),(3188,116,30,94,291.000,3,1,NULL),(3189,117,1,112,145.000,3,1,NULL),(3190,117,2,115,318.000,5,1,NULL),(3191,117,3,8,508.000,5,1,NULL),(3192,117,4,111,135.000,1,1,NULL),(3193,117,5,33,288.000,5,1,NULL),(3194,117,6,67,180.000,2,1,NULL),(3195,117,7,134,172.000,4,1,NULL),(3196,117,8,21,544.000,4,1,NULL),(3197,117,9,144,386.000,3,1,NULL),(3198,117,10,62,596.000,5,1,NULL),(3199,117,11,150,570.000,0,1,NULL),(3200,117,12,30,417.000,2,1,NULL),(3201,117,13,104,362.000,5,1,NULL),(3202,117,14,89,277.000,6,1,NULL),(3203,117,15,103,327.000,2,1,NULL),(3204,117,16,79,345.000,2,1,NULL),(3205,117,17,76,232.000,0,1,NULL),(3206,117,18,7,336.000,3,1,NULL),(3207,117,19,4,492.000,6,1,NULL),(3208,117,20,138,194.000,3,1,NULL),(3209,117,21,38,211.000,2,1,NULL),(3210,117,22,113,385.000,3,1,NULL),(3211,117,23,66,400.000,1,1,NULL),(3212,117,24,128,295.000,2,1,NULL),(3213,117,25,82,373.000,0,1,NULL),(3214,117,26,129,311.000,3,1,NULL),(3215,117,27,18,565.000,4,1,NULL),(3216,117,28,149,594.000,1,1,NULL),(3217,117,29,84,352.000,5,1,NULL),(3218,117,30,44,461.000,6,1,NULL),(3219,118,1,91,550.000,5,1,NULL),(3220,118,2,135,345.000,5,1,NULL),(3221,118,3,19,186.000,0,1,NULL),(3222,118,4,32,460.000,1,1,NULL),(3223,118,5,107,168.000,4,1,NULL),(3224,118,6,106,180.000,3,1,NULL),(3225,118,7,98,146.000,5,1,NULL),(3226,118,8,118,311.000,5,1,NULL),(3227,118,9,23,507.000,1,1,NULL),(3228,118,10,92,585.000,2,1,NULL),(3229,118,11,56,511.000,1,1,NULL),(3230,118,12,64,528.000,0,1,NULL),(3231,118,13,100,585.000,6,1,NULL),(3232,118,14,34,482.000,0,1,NULL),(3233,118,15,59,284.000,0,1,NULL),(3234,118,16,20,571.000,6,1,NULL),(3235,118,17,2,453.000,6,1,NULL),(3236,118,18,136,241.000,3,1,NULL),(3237,118,19,16,170.000,1,1,NULL),(3238,118,20,78,297.000,2,1,NULL),(3239,118,21,86,575.000,2,1,NULL),(3240,118,22,55,581.000,0,1,NULL),(3241,118,23,29,399.000,1,1,NULL),(3242,118,24,108,389.000,3,1,NULL),(3243,118,25,43,437.000,2,1,NULL),(3244,118,26,126,599.000,6,1,NULL),(3245,118,27,121,574.000,5,1,NULL),(3246,118,28,122,585.000,0,1,NULL),(3247,118,29,93,209.000,0,1,NULL),(3248,118,30,31,337.000,1,1,NULL),(3249,77,1,127,172.000,2,1,NULL),(3250,77,2,98,130.000,5,1,NULL),(3251,77,3,132,159.000,6,1,NULL),(3252,77,4,71,474.000,5,1,NULL),(3253,77,5,12,229.000,0,1,NULL),(3254,77,6,82,321.000,0,1,NULL),(3255,77,7,24,271.000,3,1,NULL),(3256,77,8,70,387.000,4,1,NULL),(3257,77,9,68,131.000,0,1,NULL),(3258,77,10,25,384.000,2,1,NULL),(3259,77,11,57,241.000,1,1,NULL),(3260,77,12,14,503.000,2,1,NULL),(3261,77,13,126,135.000,4,1,NULL),(3262,77,14,134,504.000,4,1,NULL),(3263,77,15,49,532.000,3,1,NULL),(3264,77,16,147,234.000,4,1,NULL),(3265,77,17,139,466.000,1,1,NULL),(3266,77,18,86,309.000,2,1,NULL),(3267,77,19,105,582.000,2,1,NULL),(3268,77,20,73,184.000,0,1,NULL),(3269,77,21,95,448.000,2,1,NULL),(3270,77,22,62,346.000,5,1,NULL),(3271,77,23,145,457.000,2,1,NULL),(3272,77,24,93,135.000,3,1,NULL),(3273,77,25,149,143.000,6,1,NULL),(3274,77,26,142,262.000,4,1,NULL),(3275,77,27,53,231.000,3,1,NULL),(3276,77,28,78,553.000,0,1,NULL),(3277,77,29,109,228.000,1,1,NULL),(3278,77,30,121,167.000,0,1,NULL),(3279,78,1,94,414.000,4,1,NULL),(3280,78,2,143,171.000,6,1,NULL),(3281,78,3,92,376.000,6,1,NULL),(3282,78,4,141,534.000,6,1,NULL),(3283,78,5,125,515.000,5,1,NULL),(3284,78,6,2,198.000,4,1,NULL),(3285,78,7,83,173.000,4,1,NULL),(3286,78,8,8,399.000,6,1,NULL),(3287,78,9,122,315.000,5,1,NULL),(3288,78,10,74,221.000,5,1,NULL),(3289,78,11,133,441.000,2,1,NULL),(3290,78,12,107,430.000,4,1,NULL),(3291,78,13,41,417.000,2,1,NULL),(3292,78,14,108,322.000,7,1,NULL),(3293,78,15,80,186.000,5,1,NULL),(3294,78,16,66,259.000,2,1,NULL),(3295,78,17,129,586.000,0,1,NULL),(3296,78,18,36,184.000,6,1,NULL),(3297,78,19,18,278.000,2,1,NULL),(3298,78,20,27,235.000,0,1,NULL),(3299,78,21,35,162.000,4,1,NULL),(3300,78,22,116,411.000,1,1,NULL),(3301,78,23,43,327.000,3,1,NULL),(3302,78,24,56,415.000,0,1,NULL),(3303,78,25,135,529.000,3,1,NULL),(3304,78,26,130,539.000,0,1,NULL),(3305,78,27,21,266.000,6,1,NULL),(3306,78,28,137,148.000,1,1,NULL),(3307,78,29,88,156.000,1,1,NULL),(3308,78,30,96,148.000,1,1,NULL),(3309,79,1,39,255.000,3,1,NULL),(3310,79,2,140,189.000,3,1,NULL),(3311,79,3,97,246.000,2,1,NULL),(3312,79,4,22,232.000,1,1,NULL),(3313,79,5,110,276.000,3,1,NULL),(3314,79,6,58,233.000,0,1,NULL),(3315,79,7,4,175.000,1,1,NULL),(3316,79,8,112,597.000,6,1,NULL),(3317,79,9,81,395.000,5,1,NULL),(3318,79,10,47,375.000,5,1,NULL),(3319,79,11,61,308.000,3,1,NULL),(3320,79,12,59,415.000,1,1,NULL),(3321,79,13,84,422.000,3,1,NULL),(3322,79,14,6,260.000,2,1,NULL),(3323,79,15,60,576.000,4,1,NULL),(3324,79,16,55,499.000,3,1,NULL),(3325,79,17,144,303.000,3,1,NULL),(3326,79,18,119,342.000,1,1,NULL),(3327,79,19,115,271.000,3,1,NULL),(3328,79,20,150,437.000,0,1,NULL),(3329,79,21,50,301.000,4,1,NULL),(3330,79,22,29,373.000,5,1,NULL),(3331,79,23,90,340.000,5,1,NULL),(3332,79,24,117,517.000,2,1,NULL),(3333,79,25,15,174.000,4,1,NULL),(3334,79,26,148,328.000,0,1,NULL),(3335,79,27,54,323.000,0,1,NULL),(3336,79,28,26,494.000,2,1,NULL),(3337,79,29,77,474.000,5,1,NULL),(3338,79,30,136,556.000,2,1,NULL),(3339,80,1,101,197.000,4,1,NULL),(3340,80,2,37,552.000,3,1,NULL),(3341,80,3,120,446.000,6,1,NULL),(3342,80,4,124,266.000,2,1,NULL),(3343,80,5,100,295.000,8,1,NULL),(3344,80,6,33,472.000,4,1,NULL),(3345,80,7,31,338.000,4,1,NULL),(3346,80,8,114,156.000,4,1,NULL),(3347,80,9,7,551.000,4,1,NULL),(3348,80,10,17,580.000,7,1,NULL),(3349,80,11,146,561.000,0,1,NULL),(3350,80,12,34,336.000,8,1,NULL),(3351,80,13,23,367.000,5,1,NULL),(3352,80,14,65,130.000,4,1,NULL),(3353,80,15,64,126.000,6,1,NULL),(3354,80,16,5,497.000,4,1,NULL),(3355,80,17,102,511.000,5,1,NULL),(3356,80,18,19,142.000,8,1,NULL),(3357,80,19,38,535.000,8,1,NULL),(3358,80,20,11,367.000,1,1,NULL),(3359,80,21,131,333.000,8,1,NULL),(3360,80,22,67,527.000,2,1,NULL),(3361,80,23,72,127.000,8,1,NULL),(3362,80,24,69,597.000,0,1,NULL),(3363,80,25,89,432.000,7,1,NULL),(3364,80,26,42,474.000,7,1,NULL),(3365,80,27,138,237.000,6,1,NULL),(3366,80,28,32,492.000,4,1,NULL),(3367,80,29,104,524.000,5,1,NULL),(3368,80,30,1,323.000,1,1,NULL),(3369,97,1,47,492.000,5,1,NULL),(3370,97,2,52,539.000,6,1,NULL),(3371,97,3,90,237.000,6,1,NULL),(3372,97,4,147,140.000,6,1,NULL),(3373,97,5,7,349.000,0,1,NULL),(3374,97,6,80,204.000,0,1,NULL),(3375,97,7,1,505.000,4,1,NULL),(3376,97,8,50,173.000,5,1,NULL),(3377,97,9,98,156.000,3,1,NULL),(3378,97,10,59,443.000,6,1,NULL),(3379,97,11,96,458.000,1,1,NULL),(3380,97,12,38,136.000,6,1,NULL),(3381,97,13,133,126.000,4,1,NULL),(3382,97,14,42,202.000,5,1,NULL),(3383,97,15,64,350.000,4,1,NULL),(3384,97,16,35,206.000,5,1,NULL),(3385,97,17,94,433.000,0,1,NULL),(3386,97,18,44,413.000,2,1,NULL),(3387,97,19,4,178.000,1,1,NULL),(3388,97,20,53,296.000,0,1,NULL),(3389,97,21,142,197.000,3,1,NULL),(3390,97,22,118,540.000,6,1,NULL),(3391,97,23,51,124.000,6,1,NULL),(3392,97,24,54,188.000,4,1,NULL),(3393,97,25,107,285.000,0,1,NULL),(3394,97,26,95,486.000,3,1,NULL),(3395,98,1,47,157.000,0,1,NULL),(3396,98,2,52,199.000,7,1,NULL),(3397,98,3,90,396.000,0,1,NULL),(3398,98,4,147,209.000,0,1,NULL),(3399,98,5,7,215.000,7,1,NULL),(3400,98,6,80,314.000,7,1,NULL),(3401,98,7,1,530.000,2,1,NULL),(3402,98,8,50,491.000,3,1,NULL),(3403,98,9,98,354.000,4,1,NULL),(3404,98,10,59,441.000,6,1,NULL),(3405,98,11,96,255.000,4,1,NULL),(3406,98,12,38,297.000,4,1,NULL),(3407,98,13,133,583.000,0,1,NULL),(3408,98,14,42,457.000,1,1,NULL),(3409,98,15,64,410.000,5,1,NULL),(3410,98,16,35,507.000,3,1,NULL),(3411,98,17,94,212.000,6,1,NULL),(3412,98,18,44,540.000,6,1,NULL),(3413,98,19,4,192.000,4,1,NULL),(3414,98,20,53,373.000,5,1,NULL),(3415,98,21,142,305.000,0,1,NULL),(3416,98,22,118,193.000,0,1,NULL),(3417,98,23,51,460.000,2,1,NULL),(3418,98,24,54,508.000,7,1,NULL),(3419,98,25,107,369.000,7,1,NULL),(3420,98,26,95,375.000,7,1,NULL),(3421,99,1,49,313.000,0,1,NULL),(3422,99,2,126,266.000,5,1,NULL),(3423,99,3,45,401.000,3,1,NULL),(3424,99,4,84,524.000,5,1,NULL),(3425,99,5,34,489.000,3,1,NULL),(3426,99,6,144,582.000,2,1,NULL),(3427,99,7,33,276.000,5,1,NULL),(3428,99,8,48,572.000,1,1,NULL),(3429,99,9,13,415.000,4,1,NULL),(3430,99,10,70,586.000,6,1,NULL),(3431,99,11,120,489.000,7,1,NULL),(3432,99,12,17,121.000,4,1,NULL),(3433,99,13,16,187.000,1,1,NULL),(3434,99,14,8,357.000,5,1,NULL),(3435,99,15,79,595.000,3,1,NULL),(3436,99,16,32,303.000,3,1,NULL),(3437,99,17,83,329.000,2,1,NULL),(3438,99,18,75,177.000,5,1,NULL),(3439,99,19,122,522.000,2,1,NULL),(3440,99,20,108,530.000,3,1,NULL),(3441,99,21,63,211.000,1,1,NULL),(3442,99,22,102,494.000,5,1,NULL),(3443,99,23,106,362.000,2,1,NULL),(3444,99,24,127,251.000,4,1,NULL),(3445,99,25,134,246.000,3,1,NULL),(3446,99,26,37,348.000,7,1,NULL),(3447,100,1,49,431.000,5,1,NULL),(3448,100,2,126,506.000,6,1,NULL),(3449,100,3,45,204.000,4,1,NULL),(3450,100,4,84,234.000,1,1,NULL),(3451,100,5,34,485.000,2,1,NULL),(3452,100,6,144,171.000,2,1,NULL),(3453,100,7,33,498.000,4,1,NULL),(3454,100,8,48,406.000,3,1,NULL),(3455,100,9,13,167.000,6,1,NULL),(3456,100,10,70,406.000,2,1,NULL),(3457,100,11,120,286.000,6,1,NULL),(3458,100,12,17,237.000,3,1,NULL),(3459,100,13,16,145.000,1,1,NULL),(3460,100,14,8,490.000,1,1,NULL),(3461,100,15,79,140.000,0,1,NULL),(3462,100,16,32,174.000,0,1,NULL),(3463,100,17,83,444.000,1,1,NULL),(3464,100,18,75,176.000,1,1,NULL),(3465,100,19,122,567.000,4,1,NULL),(3466,100,20,108,289.000,4,1,NULL),(3467,100,21,63,364.000,1,1,NULL),(3468,100,22,102,298.000,5,1,NULL),(3469,100,23,106,438.000,5,1,NULL),(3470,100,24,127,137.000,2,1,NULL),(3471,100,25,134,317.000,5,1,NULL),(3472,100,26,37,295.000,1,1,NULL),(3473,101,1,128,293.000,5,1,NULL),(3474,101,2,109,430.000,2,1,NULL),(3475,101,3,26,263.000,3,1,NULL),(3476,101,4,68,529.000,7,1,NULL),(3477,101,5,138,402.000,6,1,NULL),(3478,101,6,148,566.000,6,1,NULL),(3479,101,7,101,588.000,4,1,NULL),(3480,101,8,2,225.000,0,1,NULL),(3481,101,9,15,483.000,5,1,NULL),(3482,101,10,55,197.000,0,1,NULL),(3483,101,11,65,565.000,5,1,NULL),(3484,101,12,31,474.000,4,1,NULL),(3485,101,13,112,343.000,2,1,NULL),(3486,101,14,78,549.000,6,1,NULL),(3487,101,15,135,341.000,2,1,NULL),(3488,101,16,69,311.000,5,1,NULL),(3489,101,17,21,292.000,5,1,NULL),(3490,101,18,129,579.000,7,1,NULL),(3491,101,19,87,401.000,7,1,NULL),(3492,101,20,111,421.000,0,1,NULL),(3493,101,21,140,233.000,3,1,NULL),(3494,101,22,121,224.000,1,1,NULL),(3495,101,23,20,249.000,6,1,NULL),(3496,101,24,58,346.000,0,1,NULL),(3497,101,25,113,583.000,2,1,NULL),(3498,101,26,22,308.000,2,1,NULL),(3499,102,1,128,596.000,3,1,NULL),(3500,102,2,109,377.000,7,1,NULL),(3501,102,3,26,468.000,3,1,NULL),(3502,102,4,68,249.000,0,1,NULL),(3503,102,5,138,479.000,7,1,NULL),(3504,102,6,148,514.000,0,1,NULL),(3505,102,7,101,573.000,2,1,NULL),(3506,102,8,2,215.000,6,1,NULL),(3507,102,9,15,403.000,0,1,NULL),(3508,102,10,55,507.000,6,1,NULL),(3509,102,11,65,553.000,5,1,NULL),(3510,102,12,31,176.000,4,1,NULL),(3511,102,13,112,343.000,2,1,NULL),(3512,102,14,78,225.000,4,1,NULL),(3513,102,15,135,397.000,0,1,NULL),(3514,102,16,69,415.000,5,1,NULL),(3515,102,17,21,541.000,1,1,NULL),(3516,102,18,129,291.000,3,1,NULL),(3517,102,19,87,317.000,0,1,NULL),(3518,102,20,111,340.000,6,1,NULL),(3519,102,21,140,382.000,0,1,NULL),(3520,102,22,121,533.000,2,1,NULL),(3521,102,23,20,463.000,1,1,NULL),(3522,102,24,58,152.000,3,1,NULL),(3523,102,25,113,448.000,3,1,NULL),(3524,102,26,22,541.000,0,1,NULL),(3525,135,1,48,308.000,3,1,NULL),(3526,135,2,64,328.000,8,1,NULL),(3527,135,3,86,356.000,1,1,NULL),(3528,135,4,133,341.000,0,1,NULL),(3529,135,5,78,449.000,0,1,NULL),(3530,135,6,116,445.000,6,1,NULL),(3531,135,7,13,359.000,4,1,NULL),(3532,135,8,87,441.000,3,1,NULL),(3533,135,9,62,539.000,5,1,NULL),(3534,135,10,83,410.000,5,1,NULL),(3535,135,11,54,169.000,2,1,NULL),(3536,135,12,149,293.000,7,1,NULL),(3537,135,13,145,431.000,7,1,NULL),(3538,135,14,28,147.000,7,1,NULL),(3539,135,15,96,209.000,6,1,NULL),(3540,135,16,137,585.000,7,1,NULL),(3541,135,17,39,451.000,6,1,NULL),(3542,135,18,102,476.000,3,1,NULL),(3543,135,19,147,296.000,5,1,NULL),(3544,135,20,79,538.000,4,1,NULL),(3545,135,21,51,329.000,6,1,NULL),(3546,135,22,40,436.000,5,1,NULL),(3547,135,23,74,233.000,7,1,NULL),(3548,135,24,126,452.000,0,1,NULL),(3549,135,25,71,475.000,7,1,NULL),(3550,136,1,48,440.000,5,1,NULL),(3551,136,2,64,565.000,2,1,NULL),(3552,136,3,86,587.000,3,1,NULL),(3553,136,4,133,317.000,8,1,NULL),(3554,136,5,78,505.000,5,1,NULL),(3555,136,6,116,556.000,1,1,NULL),(3556,136,7,13,513.000,1,1,NULL),(3557,136,8,87,490.000,2,1,NULL),(3558,136,9,62,252.000,3,1,NULL),(3559,136,10,83,300.000,2,1,NULL),(3560,136,11,54,481.000,5,1,NULL),(3561,136,12,149,311.000,3,1,NULL),(3562,136,13,145,541.000,8,1,NULL),(3563,136,14,28,227.000,7,1,NULL),(3564,136,15,96,209.000,0,1,NULL),(3565,136,16,137,349.000,6,1,NULL),(3566,136,17,39,292.000,7,1,NULL),(3567,136,18,102,414.000,1,1,NULL),(3568,136,19,147,315.000,1,1,NULL),(3569,136,20,79,194.000,3,1,NULL),(3570,136,21,51,462.000,8,1,NULL),(3571,136,22,40,156.000,3,1,NULL),(3572,136,23,74,157.000,5,1,NULL),(3573,136,24,126,198.000,2,1,NULL),(3574,136,25,71,477.000,1,1,NULL),(3575,137,1,106,595.000,2,1,NULL),(3576,137,2,16,507.000,0,1,NULL),(3577,137,3,33,596.000,2,1,NULL),(3578,137,4,68,579.000,3,1,NULL),(3579,137,5,73,290.000,3,1,NULL),(3580,137,6,148,209.000,4,1,NULL),(3581,137,7,20,453.000,0,1,NULL),(3582,137,8,142,197.000,2,1,NULL),(3583,137,9,60,479.000,1,1,NULL),(3584,137,10,97,234.000,6,1,NULL),(3585,137,11,22,371.000,3,1,NULL),(3586,137,12,76,244.000,3,1,NULL),(3587,137,13,132,502.000,5,1,NULL),(3588,137,14,67,347.000,0,1,NULL),(3589,137,15,85,529.000,3,1,NULL),(3590,137,16,77,531.000,4,1,NULL),(3591,137,17,30,342.000,4,1,NULL),(3592,137,18,111,319.000,6,1,NULL),(3593,137,19,27,310.000,2,1,NULL),(3594,137,20,2,171.000,2,1,NULL),(3595,137,21,9,200.000,2,1,NULL),(3596,137,22,140,574.000,1,1,NULL),(3597,137,23,93,301.000,3,1,NULL),(3598,137,24,107,124.000,0,1,NULL),(3599,137,25,38,433.000,6,1,NULL),(3600,138,1,106,592.000,1,1,NULL),(3601,138,2,16,425.000,5,1,NULL),(3602,138,3,33,449.000,6,1,NULL),(3603,138,4,68,183.000,7,1,NULL),(3604,138,5,73,200.000,0,1,NULL),(3605,138,6,148,194.000,6,1,NULL),(3606,138,7,20,180.000,5,1,NULL),(3607,138,8,142,150.000,3,1,NULL),(3608,138,9,60,450.000,0,1,NULL),(3609,138,10,97,300.000,3,1,NULL),(3610,138,11,22,252.000,0,1,NULL),(3611,138,12,76,428.000,1,1,NULL),(3612,138,13,132,363.000,7,1,NULL),(3613,138,14,67,578.000,7,1,NULL),(3614,138,15,85,549.000,6,1,NULL),(3615,138,16,77,540.000,3,1,NULL),(3616,138,17,30,446.000,2,1,NULL),(3617,138,18,111,499.000,1,1,NULL),(3618,138,19,27,358.000,2,1,NULL),(3619,138,20,2,194.000,3,1,NULL),(3620,138,21,9,352.000,7,1,NULL),(3621,138,22,140,303.000,5,1,NULL),(3622,138,23,93,167.000,7,1,NULL),(3623,138,24,107,504.000,2,1,NULL),(3624,138,25,38,242.000,5,1,NULL),(3625,139,1,101,150.000,3,1,NULL),(3626,139,2,114,183.000,7,1,NULL),(3627,139,3,17,312.000,0,1,NULL),(3628,139,4,35,240.000,4,1,NULL),(3629,139,5,61,583.000,1,1,NULL),(3630,139,6,130,161.000,6,1,NULL),(3631,139,7,112,420.000,6,1,NULL),(3632,139,8,128,199.000,3,1,NULL),(3633,139,9,98,147.000,3,1,NULL),(3634,139,10,23,398.000,6,1,NULL),(3635,139,11,80,499.000,1,1,NULL),(3636,139,12,134,421.000,6,1,NULL),(3637,139,13,92,235.000,2,1,NULL),(3638,139,14,150,510.000,5,1,NULL),(3639,139,15,44,586.000,3,1,NULL),(3640,139,16,15,185.000,0,1,NULL),(3641,139,17,88,584.000,7,1,NULL),(3642,139,18,69,388.000,5,1,NULL),(3643,139,19,47,474.000,2,1,NULL),(3644,139,20,50,155.000,7,1,NULL),(3645,139,21,46,547.000,4,1,NULL),(3646,139,22,144,540.000,2,1,NULL),(3647,139,23,63,240.000,7,1,NULL),(3648,139,24,118,350.000,3,1,NULL),(3649,139,25,58,381.000,6,1,NULL),(3650,140,1,101,390.000,0,1,NULL),(3651,140,2,114,534.000,1,1,NULL),(3652,140,3,17,516.000,5,1,NULL),(3653,140,4,35,224.000,5,1,NULL),(3654,140,5,61,502.000,5,1,NULL),(3655,140,6,130,223.000,6,1,NULL),(3656,140,7,112,499.000,5,1,NULL),(3657,140,8,128,382.000,2,1,NULL),(3658,140,9,98,421.000,6,1,NULL),(3659,140,10,23,449.000,3,1,NULL),(3660,140,11,80,545.000,7,1,NULL),(3661,140,12,134,159.000,6,1,NULL),(3662,140,13,92,194.000,4,1,NULL),(3663,140,14,150,425.000,7,1,NULL),(3664,140,15,44,245.000,6,1,NULL),(3665,140,16,15,373.000,0,1,NULL),(3666,140,17,88,488.000,5,1,NULL),(3667,140,18,69,461.000,4,1,NULL),(3668,140,19,47,256.000,7,1,NULL),(3669,140,20,50,422.000,3,1,NULL),(3670,140,21,46,446.000,7,1,NULL),(3671,140,22,144,181.000,5,1,NULL),(3672,140,23,63,236.000,2,1,NULL),(3673,140,24,118,278.000,4,1,NULL),(3674,140,25,58,202.000,7,1,NULL),(3675,141,1,5,422.000,1,1,NULL),(3676,141,2,57,202.000,0,1,NULL),(3677,141,3,94,159.000,4,1,NULL),(3678,141,4,14,398.000,7,1,NULL),(3679,141,5,52,224.000,0,1,NULL),(3680,141,6,110,304.000,2,1,NULL),(3681,141,7,53,529.000,6,1,NULL),(3682,141,8,120,324.000,6,1,NULL),(3683,141,9,131,574.000,0,1,NULL),(3684,141,10,42,200.000,3,1,NULL),(3685,141,11,70,326.000,2,1,NULL),(3686,141,12,1,394.000,2,1,NULL),(3687,141,13,100,556.000,7,1,NULL),(3688,141,14,81,422.000,7,1,NULL),(3689,141,15,99,319.000,3,1,NULL),(3690,141,16,25,417.000,2,1,NULL),(3691,141,17,18,369.000,4,1,NULL),(3692,141,18,105,446.000,0,1,NULL),(3693,141,19,146,157.000,7,1,NULL),(3694,141,20,24,454.000,7,1,NULL),(3695,141,21,26,130.000,6,1,NULL),(3696,141,22,31,587.000,2,1,NULL),(3697,141,23,36,526.000,5,1,NULL),(3698,141,24,123,504.000,2,1,NULL),(3699,141,25,7,293.000,3,1,NULL),(3700,142,1,5,282.000,5,1,NULL),(3701,142,2,57,507.000,5,1,NULL),(3702,142,3,94,190.000,6,1,NULL),(3703,142,4,14,550.000,0,1,NULL),(3704,142,5,52,329.000,4,1,NULL),(3705,142,6,110,371.000,2,1,NULL),(3706,142,7,53,191.000,1,1,NULL),(3707,142,8,120,237.000,0,1,NULL),(3708,142,9,131,215.000,1,1,NULL),(3709,142,10,42,490.000,7,1,NULL),(3710,142,11,70,500.000,2,1,NULL),(3711,142,12,1,502.000,5,1,NULL),(3712,142,13,100,457.000,5,1,NULL),(3713,142,14,81,359.000,5,1,NULL),(3714,142,15,99,159.000,2,1,NULL),(3715,142,16,25,350.000,1,1,NULL),(3716,142,17,18,271.000,3,1,NULL),(3717,142,18,105,361.000,4,1,NULL),(3718,142,19,146,539.000,7,1,NULL),(3719,142,20,24,314.000,4,1,NULL),(3720,142,21,26,171.000,4,1,NULL),(3721,142,22,31,353.000,2,1,NULL),(3722,142,23,36,367.000,6,1,NULL),(3723,142,24,123,199.000,5,1,NULL),(3724,142,25,7,379.000,3,1,NULL),(3725,103,1,32,125.000,0,1,NULL),(3726,103,2,16,211.000,2,1,NULL),(3727,103,3,108,256.000,6,1,NULL),(3728,103,4,113,364.000,4,1,NULL),(3729,103,5,3,143.000,0,1,NULL),(3730,103,6,103,335.000,6,1,NULL),(3731,103,7,126,204.000,4,1,NULL),(3732,103,8,76,224.000,3,1,NULL),(3733,103,9,74,127.000,4,1,NULL),(3734,103,10,77,282.000,1,1,NULL),(3735,103,11,38,576.000,1,1,NULL),(3736,103,12,8,520.000,3,1,NULL),(3737,103,13,88,308.000,1,1,NULL),(3738,103,14,44,152.000,6,1,NULL),(3739,103,15,19,321.000,3,1,NULL),(3740,103,16,80,125.000,3,1,NULL),(3741,103,17,73,283.000,6,1,NULL),(3742,103,18,120,175.000,0,1,NULL),(3743,103,19,136,400.000,3,1,NULL),(3744,103,20,147,361.000,3,1,NULL),(3745,103,21,6,410.000,6,1,NULL),(3746,103,22,30,569.000,5,1,NULL),(3747,103,23,4,299.000,2,1,NULL),(3748,103,24,17,493.000,0,1,NULL),(3749,103,25,63,445.000,5,1,NULL),(3750,104,1,32,121.000,2,1,NULL),(3751,104,2,16,431.000,1,1,NULL),(3752,104,3,108,526.000,6,1,NULL),(3753,104,4,113,426.000,0,1,NULL),(3754,104,5,3,543.000,0,1,NULL),(3755,104,6,103,376.000,0,1,NULL),(3756,104,7,126,290.000,5,1,NULL),(3757,104,8,76,161.000,1,1,NULL),(3758,104,9,74,125.000,3,1,NULL),(3759,104,10,77,374.000,2,1,NULL),(3760,104,11,38,548.000,7,1,NULL),(3761,104,12,8,540.000,2,1,NULL),(3762,104,13,88,305.000,7,1,NULL),(3763,104,14,44,536.000,7,1,NULL),(3764,104,15,19,327.000,3,1,NULL),(3765,104,16,80,125.000,3,1,NULL),(3766,104,17,73,419.000,3,1,NULL),(3767,104,18,120,452.000,4,1,NULL),(3768,104,19,136,192.000,3,1,NULL),(3769,104,20,147,302.000,5,1,NULL),(3770,104,21,6,251.000,5,1,NULL),(3771,104,22,30,586.000,0,1,NULL),(3772,104,23,4,291.000,3,1,NULL),(3773,104,24,17,397.000,0,1,NULL),(3774,104,25,63,286.000,7,1,NULL),(3775,105,1,119,275.000,2,1,NULL),(3776,105,2,142,447.000,4,1,NULL),(3777,105,3,127,216.000,2,1,NULL),(3778,105,4,146,522.000,0,1,NULL),(3779,105,5,132,337.000,6,1,NULL),(3780,105,6,33,466.000,6,1,NULL),(3781,105,7,25,550.000,3,1,NULL),(3782,105,8,75,288.000,1,1,NULL),(3783,105,9,82,557.000,6,1,NULL),(3784,105,10,130,212.000,1,1,NULL),(3785,105,11,9,289.000,3,1,NULL),(3786,105,12,124,308.000,5,1,NULL),(3787,105,13,99,406.000,1,1,NULL),(3788,105,14,23,539.000,2,1,NULL),(3789,105,15,62,345.000,0,1,NULL),(3790,105,16,140,501.000,0,1,NULL),(3791,105,17,12,558.000,2,1,NULL),(3792,105,18,106,559.000,0,1,NULL),(3793,105,19,105,261.000,5,1,NULL),(3794,105,20,5,451.000,0,1,NULL),(3795,105,21,58,320.000,6,1,NULL),(3796,105,22,39,390.000,3,1,NULL),(3797,105,23,95,488.000,6,1,NULL),(3798,105,24,114,278.000,2,1,NULL),(3799,106,1,119,283.000,6,1,NULL),(3800,106,2,142,362.000,1,1,NULL),(3801,106,3,127,259.000,1,1,NULL),(3802,106,4,146,597.000,2,1,NULL),(3803,106,5,132,566.000,4,1,NULL),(3804,106,6,33,122.000,6,1,NULL),(3805,106,7,25,596.000,4,1,NULL),(3806,106,8,75,459.000,2,1,NULL),(3807,106,9,82,560.000,2,1,NULL),(3808,106,10,130,486.000,0,1,NULL),(3809,106,11,9,413.000,6,1,NULL),(3810,106,12,124,497.000,5,1,NULL),(3811,106,13,99,211.000,1,1,NULL),(3812,106,14,23,326.000,1,1,NULL),(3813,106,15,62,226.000,2,1,NULL),(3814,106,16,140,382.000,5,1,NULL),(3815,106,17,12,308.000,1,1,NULL),(3816,106,18,106,513.000,6,1,NULL),(3817,106,19,105,210.000,5,1,NULL),(3818,106,20,5,584.000,2,1,NULL),(3819,106,21,58,206.000,4,1,NULL),(3820,106,22,39,495.000,3,1,NULL),(3821,106,23,95,220.000,2,1,NULL),(3822,106,24,114,490.000,0,1,NULL),(3823,107,1,128,399.000,6,1,NULL),(3824,107,2,40,299.000,0,1,NULL),(3825,107,3,48,471.000,2,1,NULL),(3826,107,4,131,155.000,0,1,NULL),(3827,107,5,72,183.000,1,1,NULL),(3828,107,6,71,185.000,3,1,NULL),(3829,107,7,42,501.000,1,1,NULL),(3830,107,8,24,579.000,6,1,NULL),(3831,107,9,129,501.000,0,1,NULL),(3832,107,10,123,342.000,1,1,NULL),(3833,107,11,144,459.000,2,1,NULL),(3834,107,12,70,249.000,5,1,NULL),(3835,107,13,139,585.000,2,1,NULL),(3836,107,14,87,253.000,5,1,NULL),(3837,107,15,14,543.000,5,1,NULL),(3838,107,16,45,294.000,2,1,NULL),(3839,107,17,104,473.000,3,1,NULL),(3840,107,18,78,562.000,2,1,NULL),(3841,107,19,148,382.000,4,1,NULL),(3842,107,20,141,268.000,1,1,NULL),(3843,107,21,65,211.000,4,1,NULL),(3844,107,22,13,132.000,1,1,NULL),(3845,107,23,36,403.000,3,1,NULL),(3846,107,24,98,231.000,4,1,NULL),(3847,108,1,128,373.000,7,1,NULL),(3848,108,2,40,477.000,5,1,NULL),(3849,108,3,48,363.000,2,1,NULL),(3850,108,4,131,576.000,3,1,NULL),(3851,108,5,72,428.000,5,1,NULL),(3852,108,6,71,317.000,0,1,NULL),(3853,108,7,42,481.000,5,1,NULL),(3854,108,8,24,499.000,2,1,NULL),(3855,108,9,129,237.000,2,1,NULL),(3856,108,10,123,368.000,6,1,NULL),(3857,108,11,144,213.000,5,1,NULL),(3858,108,12,70,561.000,7,1,NULL),(3859,108,13,139,436.000,6,1,NULL),(3860,108,14,87,181.000,7,1,NULL),(3861,108,15,14,323.000,4,1,NULL),(3862,108,16,45,487.000,2,1,NULL),(3863,108,17,104,145.000,4,1,NULL),(3864,108,18,78,185.000,6,1,NULL),(3865,108,19,148,252.000,2,1,NULL),(3866,108,20,141,246.000,2,1,NULL),(3867,108,21,65,331.000,3,1,NULL),(3868,108,22,13,156.000,5,1,NULL),(3869,108,23,36,597.000,1,1,NULL),(3870,108,24,98,328.000,5,1,NULL),(3871,109,1,52,365.000,1,1,NULL),(3872,109,2,96,588.000,3,1,NULL),(3873,109,3,138,245.000,1,1,NULL),(3874,109,4,61,317.000,4,1,NULL),(3875,109,5,26,191.000,4,1,NULL),(3876,109,6,67,133.000,1,1,NULL),(3877,109,7,34,569.000,1,1,NULL),(3878,109,8,20,405.000,0,1,NULL),(3879,109,9,85,230.000,3,1,NULL),(3880,109,10,112,360.000,1,1,NULL),(3881,109,11,2,136.000,4,1,NULL),(3882,109,12,90,373.000,4,1,NULL),(3883,109,13,7,518.000,0,1,NULL),(3884,109,14,21,319.000,5,1,NULL),(3885,109,15,22,296.000,1,1,NULL),(3886,109,16,92,375.000,2,1,NULL),(3887,109,17,41,320.000,5,1,NULL),(3888,109,18,43,535.000,1,1,NULL),(3889,109,19,79,574.000,1,1,NULL),(3890,109,20,150,288.000,5,1,NULL),(3891,109,21,107,444.000,3,1,NULL),(3892,109,22,68,573.000,2,1,NULL),(3893,109,23,122,229.000,6,1,NULL),(3894,109,24,55,452.000,3,1,NULL),(3895,110,1,52,209.000,5,1,NULL),(3896,110,2,96,499.000,2,1,NULL),(3897,110,3,138,269.000,5,1,NULL),(3898,110,4,61,252.000,3,1,NULL),(3899,110,5,26,298.000,0,1,NULL),(3900,110,6,67,215.000,6,1,NULL),(3901,110,7,34,131.000,2,1,NULL),(3902,110,8,20,263.000,4,1,NULL),(3903,110,9,85,334.000,2,1,NULL),(3904,110,10,112,275.000,3,1,NULL),(3905,110,11,2,246.000,6,1,NULL),(3906,110,12,90,551.000,4,1,NULL),(3907,110,13,7,301.000,6,1,NULL),(3908,110,14,21,345.000,3,1,NULL),(3909,110,15,22,144.000,0,1,NULL),(3910,110,16,92,467.000,6,1,NULL),(3911,110,17,41,269.000,2,1,NULL),(3912,110,18,43,350.000,0,1,NULL),(3913,110,19,79,476.000,5,1,NULL),(3914,110,20,150,222.000,3,1,NULL),(3915,110,21,107,270.000,1,1,NULL),(3916,110,22,68,368.000,5,1,NULL),(3917,110,23,122,280.000,5,1,NULL),(3918,110,24,55,586.000,2,1,NULL),(3919,143,1,93,367.000,3,1,NULL),(3920,143,2,97,150.000,4,1,NULL),(3921,143,3,70,585.000,2,1,NULL),(3922,143,4,150,143.000,6,1,NULL),(3923,143,5,104,278.000,8,1,NULL),(3924,143,6,142,202.000,1,1,NULL),(3925,143,7,9,462.000,5,1,NULL),(3926,143,8,144,374.000,8,1,NULL),(3927,143,9,14,572.000,2,1,NULL),(3928,143,10,13,443.000,6,1,NULL),(3929,143,11,86,163.000,3,1,NULL),(3930,143,12,17,438.000,3,1,NULL),(3931,143,13,108,343.000,0,1,NULL),(3932,143,14,25,374.000,2,1,NULL),(3933,143,15,42,431.000,0,1,NULL),(3934,143,16,37,489.000,0,1,NULL),(3935,143,17,51,381.000,6,1,NULL),(3936,143,18,19,562.000,7,1,NULL),(3937,143,19,62,402.000,3,1,NULL),(3938,143,20,98,402.000,3,1,NULL),(3939,143,21,69,242.000,5,1,NULL),(3940,143,22,140,178.000,7,1,NULL),(3941,143,23,139,527.000,5,1,NULL),(3942,143,24,146,145.000,0,1,NULL),(3943,143,25,107,281.000,6,1,NULL),(3944,143,26,73,465.000,6,1,NULL),(3945,143,27,12,304.000,3,1,NULL),(3946,143,28,41,466.000,0,1,NULL),(3947,143,29,149,181.000,5,1,NULL),(3948,143,30,66,241.000,8,1,NULL),(3949,144,1,132,279.000,0,1,NULL),(3950,144,2,99,383.000,2,1,NULL),(3951,144,3,11,239.000,1,1,NULL),(3952,144,4,128,367.000,0,1,NULL),(3953,144,5,31,459.000,0,1,NULL),(3954,144,6,83,466.000,2,1,NULL),(3955,144,7,76,447.000,0,1,NULL),(3956,144,8,134,149.000,2,1,NULL),(3957,144,9,123,275.000,6,1,NULL),(3958,144,10,56,267.000,5,1,NULL),(3959,144,11,127,397.000,3,1,NULL),(3960,144,12,77,420.000,1,1,NULL),(3961,144,13,137,540.000,1,1,NULL),(3962,144,14,46,213.000,5,1,NULL),(3963,144,15,67,284.000,2,1,NULL),(3964,144,16,1,423.000,5,1,NULL),(3965,144,17,116,254.000,3,1,NULL),(3966,144,18,8,289.000,2,1,NULL),(3967,144,19,92,339.000,6,1,NULL),(3968,144,20,145,536.000,4,1,NULL),(3969,144,21,85,426.000,2,1,NULL),(3970,144,22,94,182.000,2,1,NULL),(3971,144,23,136,210.000,5,1,NULL),(3972,144,24,90,325.000,2,1,NULL),(3973,144,25,126,165.000,5,1,NULL),(3974,144,26,52,517.000,2,1,NULL),(3975,144,27,50,207.000,6,1,NULL),(3976,144,28,35,220.000,0,1,NULL),(3977,144,29,28,503.000,4,1,NULL),(3978,144,30,54,128.000,1,1,NULL),(3979,145,1,57,159.000,8,1,NULL),(3980,145,2,24,585.000,3,1,NULL),(3981,145,3,96,555.000,5,1,NULL),(3982,145,4,71,130.000,2,1,NULL),(3983,145,5,74,456.000,0,1,NULL),(3984,145,6,141,499.000,5,1,NULL),(3985,145,7,82,554.000,2,1,NULL),(3986,145,8,79,583.000,5,1,NULL),(3987,145,9,124,426.000,6,1,NULL),(3988,145,10,5,259.000,4,1,NULL),(3989,145,11,112,426.000,4,1,NULL),(3990,145,12,32,276.000,7,1,NULL),(3991,145,13,138,454.000,6,1,NULL),(3992,145,14,27,568.000,3,1,NULL),(3993,145,15,23,405.000,8,1,NULL),(3994,145,16,48,324.000,8,1,NULL),(3995,145,17,131,212.000,5,1,NULL),(3996,145,18,109,241.000,2,1,NULL),(3997,145,19,18,458.000,3,1,NULL),(3998,145,20,105,191.000,7,1,NULL),(3999,145,21,89,234.000,4,1,NULL),(4000,145,22,147,427.000,3,1,NULL),(4001,145,23,91,128.000,8,1,NULL),(4002,145,24,34,202.000,6,1,NULL),(4003,145,25,55,238.000,4,1,NULL),(4004,145,26,45,535.000,8,1,NULL),(4005,145,27,72,438.000,2,1,NULL),(4006,145,28,148,373.000,0,1,NULL),(4007,145,29,7,451.000,4,1,NULL),(4008,145,30,26,435.000,6,1,NULL),(4009,146,1,135,287.000,6,1,NULL),(4010,146,2,20,434.000,6,1,NULL),(4011,146,3,15,450.000,5,1,NULL),(4012,146,4,117,248.000,4,1,NULL),(4013,146,5,121,559.000,8,1,NULL),(4014,146,6,101,462.000,0,1,NULL),(4015,146,7,29,143.000,2,1,NULL),(4016,146,8,36,534.000,7,1,NULL),(4017,146,9,4,137.000,4,1,NULL),(4018,146,10,30,473.000,2,1,NULL),(4019,146,11,39,401.000,0,1,NULL),(4020,146,12,10,521.000,1,1,NULL),(4021,146,13,143,270.000,6,1,NULL),(4022,146,14,16,325.000,6,1,NULL),(4023,146,15,68,475.000,3,1,NULL),(4024,146,16,64,338.000,1,1,NULL),(4025,146,17,44,409.000,1,1,NULL),(4026,146,18,65,307.000,5,1,NULL),(4027,146,19,103,164.000,7,1,NULL),(4028,146,20,100,520.000,2,1,NULL),(4029,146,21,119,347.000,3,1,NULL),(4030,146,22,43,247.000,5,1,NULL),(4031,146,23,40,572.000,7,1,NULL),(4032,146,24,113,560.000,8,1,NULL),(4033,146,25,110,421.000,3,1,NULL),(4034,146,26,122,355.000,6,1,NULL),(4035,146,27,63,536.000,4,1,NULL),(4036,146,28,53,375.000,3,1,NULL),(4037,146,29,125,517.000,1,1,NULL),(4038,146,30,111,304.000,8,1,NULL),(4039,111,1,37,487.000,7,1,NULL),(4040,111,2,70,294.000,1,1,NULL),(4041,111,3,22,302.000,5,1,NULL),(4042,111,4,141,477.000,3,1,NULL),(4043,111,5,115,275.000,7,1,NULL),(4044,111,6,107,482.000,3,1,NULL),(4045,111,7,127,299.000,2,1,NULL),(4046,111,8,62,381.000,7,1,NULL),(4047,111,9,72,555.000,4,1,NULL),(4048,111,10,110,205.000,5,1,NULL),(4049,111,11,15,305.000,6,1,NULL),(4050,111,12,140,187.000,5,1,NULL),(4051,111,13,60,376.000,2,1,NULL),(4052,111,14,97,388.000,7,1,NULL),(4053,111,15,46,275.000,6,1,NULL),(4054,111,16,7,341.000,5,1,NULL),(4055,111,17,77,449.000,1,1,NULL),(4056,111,18,11,472.000,2,1,NULL),(4057,111,19,19,323.000,5,1,NULL),(4058,111,20,39,127.000,2,1,NULL),(4059,111,21,61,358.000,7,1,NULL),(4060,111,22,47,510.000,4,1,NULL),(4061,111,23,139,172.000,0,1,NULL),(4062,111,24,134,499.000,7,1,NULL),(4063,111,25,71,527.000,6,1,NULL),(4064,111,26,10,356.000,6,1,NULL),(4065,111,27,121,420.000,7,1,NULL),(4066,111,28,147,491.000,4,1,NULL),(4067,111,29,94,163.000,1,1,NULL),(4068,111,30,122,403.000,7,1,NULL),(4069,112,1,91,522.000,5,1,NULL),(4070,112,2,40,439.000,2,1,NULL),(4071,112,3,66,262.000,5,1,NULL),(4072,112,4,118,331.000,5,1,NULL),(4073,112,5,21,365.000,1,1,NULL),(4074,112,6,99,136.000,2,1,NULL),(4075,112,7,90,121.000,2,1,NULL),(4076,112,8,12,524.000,0,1,NULL),(4077,112,9,143,255.000,1,1,NULL),(4078,112,10,49,270.000,0,1,NULL),(4079,112,11,81,588.000,3,1,NULL),(4080,112,12,69,342.000,1,1,NULL),(4081,112,13,74,365.000,5,1,NULL),(4082,112,14,44,200.000,4,1,NULL),(4083,112,15,113,361.000,4,1,NULL),(4084,112,16,17,553.000,2,1,NULL),(4085,112,17,95,279.000,0,1,NULL),(4086,112,18,83,234.000,0,1,NULL),(4087,112,19,30,445.000,2,1,NULL),(4088,112,20,150,400.000,1,1,NULL),(4089,112,21,75,417.000,5,1,NULL),(4090,112,22,92,174.000,3,1,NULL),(4091,112,23,13,221.000,6,1,NULL),(4092,112,24,89,454.000,3,1,NULL),(4093,112,25,5,348.000,3,1,NULL),(4094,112,26,3,443.000,2,1,NULL),(4095,112,27,54,311.000,1,1,NULL),(4096,112,28,93,120.000,0,1,NULL),(4097,112,29,35,438.000,0,1,NULL),(4098,112,30,57,510.000,6,1,NULL),(4099,113,1,36,356.000,1,1,NULL),(4100,113,2,100,547.000,6,1,NULL),(4101,113,3,59,378.000,0,1,NULL),(4102,113,4,82,541.000,8,1,NULL),(4103,113,5,55,337.000,5,1,NULL),(4104,113,6,79,242.000,8,1,NULL),(4105,113,7,84,144.000,5,1,NULL),(4106,113,8,4,121.000,8,1,NULL),(4107,113,9,138,160.000,2,1,NULL),(4108,113,10,25,507.000,2,1,NULL),(4109,113,11,38,491.000,4,1,NULL),(4110,113,12,123,365.000,5,1,NULL),(4111,113,13,20,180.000,5,1,NULL),(4112,113,14,33,180.000,0,1,NULL),(4113,113,15,124,343.000,4,1,NULL),(4114,113,16,114,195.000,8,1,NULL),(4115,113,17,63,237.000,3,1,NULL),(4116,113,18,132,191.000,5,1,NULL),(4117,113,19,80,561.000,4,1,NULL),(4118,113,20,85,436.000,4,1,NULL),(4119,113,21,27,390.000,6,1,NULL),(4120,113,22,9,424.000,8,1,NULL),(4121,113,23,14,329.000,3,1,NULL),(4122,113,24,105,586.000,1,1,NULL),(4123,113,25,26,188.000,0,1,NULL),(4124,113,26,18,173.000,3,1,NULL),(4125,113,27,24,357.000,1,1,NULL),(4126,113,28,56,307.000,5,1,NULL),(4127,113,29,73,461.000,3,1,NULL),(4128,113,30,104,205.000,0,1,NULL),(4129,114,1,1,578.000,5,1,NULL),(4130,114,2,149,279.000,4,1,NULL),(4131,114,3,68,330.000,6,1,NULL),(4132,114,4,130,250.000,5,1,NULL),(4133,114,5,87,215.000,5,1,NULL),(4134,114,6,120,558.000,6,1,NULL),(4135,114,7,58,297.000,0,1,NULL),(4136,114,8,45,309.000,2,1,NULL),(4137,114,9,135,378.000,2,1,NULL),(4138,114,10,23,362.000,2,1,NULL),(4139,114,11,106,314.000,2,1,NULL),(4140,114,12,6,580.000,4,1,NULL),(4141,114,13,28,256.000,2,1,NULL),(4142,114,14,131,339.000,6,1,NULL),(4143,114,15,128,452.000,3,1,NULL),(4144,114,16,31,384.000,0,1,NULL),(4145,114,17,137,513.000,2,1,NULL),(4146,114,18,41,494.000,7,1,NULL),(4147,114,19,48,247.000,1,1,NULL),(4148,114,20,101,434.000,6,1,NULL),(4149,114,21,125,503.000,1,1,NULL),(4150,114,22,64,317.000,2,1,NULL),(4151,114,23,112,205.000,7,1,NULL),(4152,114,24,148,450.000,1,1,NULL),(4153,114,25,98,406.000,2,1,NULL),(4154,114,26,86,352.000,7,1,NULL),(4155,114,27,51,206.000,0,1,NULL),(4156,114,28,65,561.000,5,1,NULL),(4157,114,29,102,574.000,4,1,NULL),(4158,114,30,34,332.000,2,1,NULL),(4159,157,1,35,349.000,7,1,NULL),(4160,157,2,105,131.000,0,1,NULL),(4161,157,3,87,367.000,4,1,NULL),(4162,157,4,93,277.000,2,1,NULL),(4163,157,5,84,453.000,7,1,NULL),(4164,157,6,88,505.000,0,1,NULL),(4165,157,7,36,591.000,6,1,NULL),(4166,157,8,133,199.000,0,1,NULL),(4167,157,9,13,282.000,0,1,NULL),(4168,157,10,132,188.000,1,1,NULL),(4169,157,11,16,406.000,7,1,NULL),(4170,157,12,59,247.000,3,1,NULL),(4171,157,13,131,282.000,1,1,NULL),(4172,157,14,30,446.000,3,1,NULL),(4173,157,15,47,531.000,1,1,NULL),(4174,157,16,76,372.000,3,1,NULL),(4175,157,17,77,330.000,4,1,NULL),(4176,157,18,52,533.000,3,1,NULL),(4177,157,19,56,405.000,6,1,NULL),(4178,157,20,11,124.000,6,1,NULL),(4179,157,21,115,271.000,3,1,NULL),(4180,157,22,99,215.000,7,1,NULL),(4181,157,23,109,304.000,0,1,NULL),(4182,157,24,86,408.000,0,1,NULL),(4183,157,25,25,179.000,5,1,NULL),(4184,157,26,2,560.000,2,1,NULL),(4185,157,27,150,563.000,4,1,NULL),(4186,157,28,103,566.000,0,1,NULL),(4187,157,29,7,177.000,5,1,NULL),(4188,157,30,70,258.000,5,1,NULL),(4189,158,1,107,374.000,1,1,NULL),(4190,158,2,27,354.000,4,1,NULL),(4191,158,3,55,256.000,4,1,NULL),(4192,158,4,12,401.000,1,1,NULL),(4193,158,5,17,177.000,1,1,NULL),(4194,158,6,137,548.000,1,1,NULL),(4195,158,7,141,130.000,4,1,NULL),(4196,158,8,34,512.000,2,1,NULL),(4197,158,9,3,299.000,0,1,NULL),(4198,158,10,136,506.000,5,1,NULL),(4199,158,11,8,352.000,3,1,NULL),(4200,158,12,146,339.000,1,1,NULL),(4201,158,13,29,285.000,5,1,NULL),(4202,158,14,145,227.000,1,1,NULL),(4203,158,15,43,557.000,1,1,NULL),(4204,158,16,32,275.000,5,1,NULL),(4205,158,17,140,332.000,6,1,NULL),(4206,158,18,74,133.000,1,1,NULL),(4207,158,19,45,560.000,6,1,NULL),(4208,158,20,63,460.000,1,1,NULL),(4209,158,21,83,291.000,1,1,NULL),(4210,158,22,121,343.000,5,1,NULL),(4211,158,23,78,152.000,3,1,NULL),(4212,158,24,48,330.000,2,1,NULL),(4213,158,25,22,523.000,1,1,NULL),(4214,158,26,60,222.000,2,1,NULL),(4215,158,27,102,299.000,0,1,NULL),(4216,158,28,104,133.000,3,1,NULL),(4217,158,29,101,442.000,6,1,NULL),(4218,158,30,14,221.000,6,1,NULL),(4219,169,1,35,580.000,6,1,NULL),(4220,169,2,87,487.000,7,1,NULL),(4221,169,3,69,460.000,3,1,NULL),(4222,169,4,117,542.000,8,1,NULL),(4223,169,5,28,554.000,2,1,NULL),(4224,169,6,34,552.000,1,1,NULL),(4225,169,7,112,269.000,0,1,NULL),(4226,169,8,150,420.000,1,1,NULL),(4227,169,9,135,306.000,2,1,NULL),(4228,169,10,20,268.000,2,1,NULL),(4229,169,11,1,499.000,4,1,NULL),(4230,169,12,4,236.000,6,1,NULL),(4231,169,13,39,179.000,8,1,NULL),(4232,169,14,13,289.000,4,1,NULL),(4233,169,15,140,549.000,2,1,NULL),(4234,169,16,44,142.000,0,1,NULL),(4235,169,17,32,353.000,7,1,NULL),(4236,169,18,16,315.000,5,1,NULL),(4237,169,19,73,356.000,8,1,NULL),(4238,169,20,23,139.000,6,1,NULL),(4239,169,21,51,272.000,0,1,NULL),(4240,169,22,21,306.000,2,1,NULL),(4241,169,23,67,201.000,7,1,NULL),(4242,169,24,110,343.000,0,1,NULL),(4243,169,25,40,515.000,7,1,NULL),(4244,169,26,122,509.000,3,1,NULL),(4245,169,27,24,141.000,4,1,NULL),(4246,169,28,99,309.000,6,1,NULL),(4247,169,29,37,285.000,7,1,NULL),(4248,169,30,6,591.000,8,1,NULL),(4249,170,1,5,414.000,7,1,NULL),(4250,170,2,139,511.000,7,1,NULL),(4251,170,3,77,259.000,0,1,NULL),(4252,170,4,127,160.000,2,1,NULL),(4253,170,5,103,204.000,5,1,NULL),(4254,170,6,114,127.000,3,1,NULL),(4255,170,7,74,382.000,5,1,NULL),(4256,170,8,90,134.000,6,1,NULL),(4257,170,9,91,537.000,0,1,NULL),(4258,170,10,10,457.000,3,1,NULL),(4259,170,11,29,317.000,7,1,NULL),(4260,170,12,25,123.000,5,1,NULL),(4261,170,13,52,307.000,2,1,NULL),(4262,170,14,146,283.000,7,1,NULL),(4263,170,15,33,481.000,4,1,NULL),(4264,170,16,27,559.000,6,1,NULL),(4265,170,17,47,530.000,5,1,NULL),(4266,170,18,137,247.000,6,1,NULL),(4267,170,19,120,433.000,2,1,NULL),(4268,170,20,71,467.000,7,1,NULL),(4269,170,21,113,457.000,3,1,NULL),(4270,170,22,118,507.000,7,1,NULL),(4271,170,23,3,446.000,5,1,NULL),(4272,170,24,142,410.000,0,1,NULL),(4273,170,25,108,580.000,1,1,NULL),(4274,170,26,65,179.000,8,1,NULL),(4275,170,27,100,365.000,5,1,NULL),(4276,170,28,129,348.000,8,1,NULL),(4277,170,29,18,253.000,5,1,NULL),(4278,170,30,30,473.000,7,1,NULL),(4279,155,1,134,161.000,1,1,NULL),(4280,155,2,10,289.000,3,1,NULL),(4281,155,3,91,452.000,2,1,NULL),(4282,155,4,136,238.000,7,1,NULL),(4283,155,5,73,290.000,2,1,NULL),(4284,155,6,94,307.000,4,1,NULL),(4285,155,7,147,458.000,3,1,NULL),(4286,155,8,111,300.000,2,1,NULL),(4287,155,9,133,315.000,2,1,NULL),(4288,155,10,41,414.000,5,1,NULL),(4289,155,11,143,570.000,5,1,NULL),(4290,155,12,145,334.000,5,1,NULL),(4291,155,13,68,493.000,4,1,NULL),(4292,155,14,144,564.000,4,1,NULL),(4293,155,15,34,429.000,0,1,NULL),(4294,155,16,139,193.000,0,1,NULL),(4295,155,17,78,596.000,0,1,NULL),(4296,155,18,9,167.000,7,1,NULL),(4297,155,19,83,327.000,3,1,NULL),(4298,155,20,116,567.000,3,1,NULL),(4299,155,21,96,593.000,2,1,NULL),(4300,155,22,87,507.000,6,1,NULL),(4301,155,23,106,499.000,0,1,NULL),(4302,155,24,18,313.000,2,1,NULL),(4303,155,25,93,337.000,5,1,NULL),(4304,155,26,112,398.000,6,1,NULL),(4305,155,27,79,489.000,6,1,NULL),(4306,155,28,57,271.000,3,1,NULL),(4307,155,29,109,274.000,6,1,NULL),(4308,155,30,20,568.000,5,1,NULL),(4309,156,1,141,143.000,4,1,NULL),(4310,156,2,115,334.000,3,1,NULL),(4311,156,3,82,510.000,3,1,NULL),(4312,156,4,25,306.000,1,1,NULL),(4313,156,5,52,434.000,2,1,NULL),(4314,156,6,5,297.000,1,1,NULL),(4315,156,7,129,586.000,5,1,NULL),(4316,156,8,76,241.000,0,1,NULL),(4317,156,9,61,508.000,5,1,NULL),(4318,156,10,119,329.000,7,1,NULL),(4319,156,11,21,267.000,7,1,NULL),(4320,156,12,39,394.000,6,1,NULL),(4321,156,13,40,312.000,4,1,NULL),(4322,156,14,122,413.000,6,1,NULL),(4323,156,15,2,448.000,7,1,NULL),(4324,156,16,62,456.000,1,1,NULL),(4325,156,17,124,519.000,5,1,NULL),(4326,156,18,128,269.000,5,1,NULL),(4327,156,19,64,388.000,3,1,NULL),(4328,156,20,132,182.000,1,1,NULL),(4329,156,21,22,204.000,1,1,NULL),(4330,156,22,101,445.000,0,1,NULL),(4331,156,23,77,432.000,0,1,NULL),(4332,156,24,95,239.000,7,1,NULL),(4333,156,25,31,461.000,0,1,NULL),(4334,156,26,65,251.000,7,1,NULL),(4335,156,27,56,299.000,1,1,NULL),(4336,156,28,102,364.000,0,1,NULL),(4337,156,29,13,134.000,0,1,NULL),(4338,156,30,113,497.000,6,1,NULL),(4339,171,1,84,554.000,5,1,NULL),(4340,171,2,109,245.000,3,1,NULL),(4341,171,3,12,498.000,4,1,NULL),(4342,171,4,10,431.000,7,1,NULL),(4343,171,5,26,591.000,2,1,NULL),(4344,171,6,76,303.000,6,1,NULL),(4345,171,7,23,172.000,1,1,NULL),(4346,171,8,112,123.000,5,1,NULL),(4347,171,9,120,512.000,2,1,NULL),(4348,171,10,137,159.000,5,1,NULL),(4349,171,11,110,472.000,5,1,NULL),(4350,171,12,14,333.000,7,1,NULL),(4351,171,13,91,254.000,0,1,NULL),(4352,171,14,127,310.000,5,1,NULL),(4353,171,15,33,391.000,4,1,NULL),(4354,171,16,132,171.000,6,1,NULL),(4355,171,17,62,144.000,0,1,NULL),(4356,171,18,36,317.000,5,1,NULL),(4357,171,19,142,555.000,2,1,NULL),(4358,171,20,7,347.000,5,1,NULL),(4359,171,21,40,407.000,2,1,NULL),(4360,171,22,125,515.000,7,1,NULL),(4361,171,23,100,474.000,3,1,NULL),(4362,171,24,66,507.000,6,1,NULL),(4363,171,25,106,486.000,7,1,NULL),(4364,171,26,74,206.000,6,1,NULL),(4365,171,27,138,299.000,3,1,NULL),(4366,171,28,60,457.000,2,1,NULL),(4367,171,29,107,272.000,6,1,NULL),(4368,171,30,141,348.000,8,1,NULL),(4369,172,1,101,411.000,0,1,NULL),(4370,172,2,116,283.000,1,1,NULL),(4371,172,3,98,308.000,0,1,NULL),(4372,172,4,150,387.000,2,1,NULL),(4373,172,5,119,133.000,1,1,NULL),(4374,172,6,22,453.000,6,1,NULL),(4375,172,7,92,235.000,3,1,NULL),(4376,172,8,21,157.000,0,1,NULL),(4377,172,9,104,569.000,6,1,NULL),(4378,172,10,2,295.000,4,1,NULL),(4379,172,11,28,451.000,3,1,NULL),(4380,172,12,75,306.000,4,1,NULL),(4381,172,13,43,502.000,5,1,NULL),(4382,172,14,123,355.000,6,1,NULL),(4383,172,15,135,379.000,4,1,NULL),(4384,172,16,89,240.000,1,1,NULL),(4385,172,17,59,322.000,6,1,NULL),(4386,172,18,53,137.000,0,1,NULL),(4387,172,19,50,407.000,1,1,NULL),(4388,172,20,54,335.000,0,1,NULL),(4389,172,21,90,484.000,6,1,NULL),(4390,172,22,17,426.000,6,1,NULL),(4391,172,23,78,526.000,2,1,NULL),(4392,172,24,44,557.000,4,1,NULL),(4393,172,25,147,274.000,1,1,NULL),(4394,172,26,124,566.000,6,1,NULL),(4395,172,27,115,299.000,2,1,NULL),(4396,172,28,63,503.000,5,1,NULL),(4397,172,29,18,400.000,5,1,NULL),(4398,172,30,146,518.000,0,1,NULL),(4399,153,1,31,549.000,1,1,NULL),(4400,153,2,113,597.000,6,1,NULL),(4401,153,3,17,593.000,5,1,NULL),(4402,153,4,11,337.000,2,1,NULL),(4403,153,5,61,275.000,2,1,NULL),(4404,153,6,44,390.000,6,1,NULL),(4405,153,7,68,494.000,2,1,NULL),(4406,153,8,26,356.000,4,1,NULL),(4407,153,9,149,593.000,6,1,NULL),(4408,153,10,43,406.000,4,1,NULL),(4409,153,11,125,256.000,4,1,NULL),(4410,153,12,110,410.000,0,1,NULL),(4411,153,13,56,190.000,0,1,NULL),(4412,153,14,106,240.000,0,1,NULL),(4413,153,15,19,502.000,4,1,NULL),(4414,153,16,16,585.000,0,1,NULL),(4415,153,17,53,234.000,5,1,NULL),(4416,153,18,57,397.000,1,1,NULL),(4417,153,19,111,280.000,3,1,NULL),(4418,153,20,92,260.000,6,1,NULL),(4419,153,21,83,149.000,6,1,NULL),(4420,153,22,86,216.000,0,1,NULL),(4421,153,23,75,155.000,3,1,NULL),(4422,153,24,8,343.000,2,1,NULL),(4423,153,25,146,477.000,6,1,NULL),(4424,153,26,103,294.000,0,1,NULL),(4425,153,27,33,174.000,3,1,NULL),(4426,153,28,38,575.000,5,1,NULL),(4427,153,29,129,258.000,5,1,NULL),(4428,153,30,88,306.000,4,1,NULL),(4429,154,1,138,127.000,2,1,NULL),(4430,154,2,108,456.000,5,1,NULL),(4431,154,3,21,241.000,6,1,NULL),(4432,154,4,1,474.000,1,1,NULL),(4433,154,5,135,588.000,0,1,NULL),(4434,154,6,24,309.000,7,1,NULL),(4435,154,7,39,534.000,6,1,NULL),(4436,154,8,119,133.000,3,1,NULL),(4437,154,9,137,508.000,4,1,NULL),(4438,154,10,46,343.000,5,1,NULL),(4439,154,11,99,452.000,0,1,NULL),(4440,154,12,32,488.000,1,1,NULL),(4441,154,13,35,468.000,7,1,NULL),(4442,154,14,58,302.000,2,1,NULL),(4443,154,15,90,447.000,3,1,NULL),(4444,154,16,85,234.000,1,1,NULL),(4445,154,17,36,567.000,3,1,NULL),(4446,154,18,2,374.000,2,1,NULL),(4447,154,19,28,159.000,0,1,NULL),(4448,154,20,72,538.000,4,1,NULL),(4449,154,21,126,243.000,0,1,NULL),(4450,154,22,52,391.000,5,1,NULL),(4451,154,23,97,541.000,5,1,NULL),(4452,154,24,141,152.000,1,1,NULL),(4453,154,25,127,420.000,5,1,NULL),(4454,154,26,134,487.000,6,1,NULL),(4455,154,27,109,513.000,0,1,NULL),(4456,154,28,4,519.000,0,1,NULL),(4457,154,29,50,125.000,0,1,NULL),(4458,154,30,54,483.000,0,1,NULL),(4459,167,1,83,135.000,3,1,NULL),(4460,167,2,38,574.000,4,1,NULL),(4461,167,3,68,440.000,5,1,NULL),(4462,167,4,26,190.000,4,1,NULL),(4463,167,5,40,360.000,3,1,NULL),(4464,167,6,41,572.000,5,1,NULL),(4465,167,7,116,367.000,5,1,NULL),(4466,167,8,150,391.000,2,1,NULL),(4467,167,9,78,303.000,5,1,NULL),(4468,167,10,120,316.000,3,1,NULL),(4469,167,11,32,161.000,6,1,NULL),(4470,167,12,14,395.000,6,1,NULL),(4471,167,13,124,572.000,0,1,NULL),(4472,167,14,53,491.000,0,1,NULL),(4473,167,15,19,243.000,5,1,NULL),(4474,167,16,23,331.000,3,1,NULL),(4475,167,17,16,348.000,6,1,NULL),(4476,167,18,117,582.000,4,1,NULL),(4477,167,19,5,128.000,7,1,NULL),(4478,167,20,34,555.000,0,1,NULL),(4479,167,21,76,145.000,7,1,NULL),(4480,167,22,48,466.000,2,1,NULL),(4481,167,23,2,468.000,7,1,NULL),(4482,167,24,24,310.000,4,1,NULL),(4483,167,25,73,199.000,4,1,NULL),(4484,167,26,50,481.000,7,1,NULL),(4485,167,27,7,302.000,4,1,NULL),(4486,167,28,100,465.000,1,1,NULL),(4487,167,29,30,593.000,2,1,NULL),(4488,167,30,31,579.000,1,1,NULL),(4489,168,1,55,382.000,5,1,NULL),(4490,168,2,134,166.000,5,1,NULL),(4491,168,3,74,378.000,4,1,NULL),(4492,168,4,142,572.000,2,1,NULL),(4493,168,5,71,354.000,2,1,NULL),(4494,168,6,18,454.000,4,1,NULL),(4495,168,7,82,163.000,5,1,NULL),(4496,168,8,11,426.000,2,1,NULL),(4497,168,9,97,273.000,7,1,NULL),(4498,168,10,99,307.000,4,1,NULL),(4499,168,11,86,435.000,4,1,NULL),(4500,168,12,132,395.000,6,1,NULL),(4501,168,13,136,220.000,5,1,NULL),(4502,168,14,143,410.000,1,1,NULL),(4503,168,15,54,592.000,4,1,NULL),(4504,168,16,127,577.000,2,1,NULL),(4505,168,17,69,253.000,4,1,NULL),(4506,168,18,146,199.000,6,1,NULL),(4507,168,19,126,387.000,1,1,NULL),(4508,168,20,148,254.000,0,1,NULL),(4509,168,21,94,531.000,3,1,NULL),(4510,168,22,144,487.000,7,1,NULL),(4511,168,23,131,147.000,5,1,NULL),(4512,168,24,115,159.000,6,1,NULL),(4513,168,25,3,301.000,3,1,NULL),(4514,168,26,106,311.000,3,1,NULL),(4515,168,27,95,444.000,2,1,NULL),(4516,168,28,66,262.000,0,1,NULL),(4517,168,29,104,425.000,7,1,NULL),(4518,168,30,47,546.000,6,1,NULL),(4519,149,1,16,478.000,5,1,NULL),(4520,149,2,142,148.000,2,1,NULL),(4521,149,3,121,516.000,2,1,NULL),(4522,149,4,17,129.000,0,1,NULL),(4523,149,5,4,506.000,2,1,NULL),(4524,149,6,12,427.000,6,1,NULL),(4525,149,7,125,503.000,1,1,NULL),(4526,149,8,60,444.000,1,1,NULL),(4527,149,9,83,472.000,1,1,NULL),(4528,149,10,116,337.000,4,1,NULL),(4529,149,11,114,142.000,6,1,NULL),(4530,149,12,29,517.000,2,1,NULL),(4531,149,13,33,578.000,6,1,NULL),(4532,149,14,103,594.000,0,1,NULL),(4533,149,15,84,395.000,1,1,NULL),(4534,149,16,97,540.000,3,1,NULL),(4535,149,17,104,429.000,3,1,NULL),(4536,149,18,30,171.000,6,1,NULL),(4537,149,19,105,487.000,3,1,NULL),(4538,149,20,115,565.000,2,1,NULL),(4539,149,21,8,378.000,3,1,NULL),(4540,149,22,45,588.000,5,1,NULL),(4541,149,23,81,314.000,2,1,NULL),(4542,149,24,68,219.000,4,1,NULL),(4543,149,25,43,542.000,2,1,NULL),(4544,149,26,109,537.000,1,1,NULL),(4545,149,27,120,179.000,5,1,NULL),(4546,149,28,67,529.000,5,1,NULL),(4547,149,29,65,303.000,3,1,NULL),(4548,149,30,53,496.000,3,1,NULL),(4549,150,1,5,525.000,5,1,NULL),(4550,150,2,37,510.000,3,1,NULL),(4551,150,3,31,134.000,2,1,NULL),(4552,150,4,118,313.000,2,1,NULL),(4553,150,5,107,158.000,5,1,NULL),(4554,150,6,56,322.000,1,1,NULL),(4555,150,7,19,272.000,6,1,NULL),(4556,150,8,126,128.000,3,1,NULL),(4557,150,9,87,393.000,3,1,NULL),(4558,150,10,91,297.000,2,1,NULL),(4559,150,11,36,191.000,2,1,NULL),(4560,150,12,20,304.000,0,1,NULL),(4561,150,13,113,566.000,2,1,NULL),(4562,150,14,57,434.000,1,1,NULL),(4563,150,15,132,214.000,2,1,NULL),(4564,150,16,42,259.000,6,1,NULL),(4565,150,17,58,438.000,2,1,NULL),(4566,150,18,70,571.000,1,1,NULL),(4567,150,19,92,443.000,0,1,NULL),(4568,150,20,140,524.000,1,1,NULL),(4569,150,21,21,340.000,2,1,NULL),(4570,150,22,79,525.000,3,1,NULL),(4571,150,23,50,431.000,4,1,NULL),(4572,150,24,9,310.000,6,1,NULL),(4573,150,25,101,582.000,4,1,NULL),(4574,150,26,148,450.000,5,1,NULL),(4575,150,27,73,189.000,6,1,NULL),(4576,150,28,93,148.000,0,1,NULL),(4577,150,29,11,534.000,4,1,NULL),(4578,150,30,24,545.000,5,1,NULL),(4579,165,1,104,415.000,1,1,NULL),(4580,165,2,71,169.000,4,1,NULL),(4581,165,3,100,384.000,5,1,NULL),(4582,165,4,52,128.000,1,1,NULL),(4583,165,5,115,521.000,5,1,NULL),(4584,165,6,121,220.000,0,1,NULL),(4585,165,7,4,278.000,3,1,NULL),(4586,165,8,20,438.000,1,1,NULL),(4587,165,9,85,140.000,0,1,NULL),(4588,165,10,120,280.000,6,1,NULL),(4589,165,11,33,200.000,3,1,NULL),(4590,165,12,83,379.000,0,1,NULL),(4591,165,13,10,537.000,6,1,NULL),(4592,165,14,63,515.000,5,1,NULL),(4593,165,15,36,494.000,2,1,NULL),(4594,165,16,137,462.000,5,1,NULL),(4595,165,17,109,213.000,4,1,NULL),(4596,165,18,73,133.000,0,1,NULL),(4597,165,19,26,219.000,2,1,NULL),(4598,165,20,98,120.000,5,1,NULL),(4599,165,21,11,439.000,1,1,NULL),(4600,165,22,68,470.000,3,1,NULL),(4601,165,23,129,200.000,3,1,NULL),(4602,165,24,53,258.000,4,1,NULL),(4603,165,25,40,402.000,1,1,NULL),(4604,165,26,126,384.000,1,1,NULL),(4605,165,27,27,406.000,1,1,NULL),(4606,165,28,101,528.000,6,1,NULL),(4607,165,29,42,339.000,1,1,NULL),(4608,165,30,118,319.000,0,1,NULL),(4609,166,1,136,196.000,7,1,NULL),(4610,166,2,24,183.000,6,1,NULL),(4611,166,3,138,582.000,0,1,NULL),(4612,166,4,81,582.000,6,1,NULL),(4613,166,5,146,207.000,0,1,NULL),(4614,166,6,7,565.000,1,1,NULL),(4615,166,7,107,367.000,2,1,NULL),(4616,166,8,67,410.000,3,1,NULL),(4617,166,9,44,433.000,3,1,NULL),(4618,166,10,91,222.000,6,1,NULL),(4619,166,11,96,168.000,4,1,NULL),(4620,166,12,35,254.000,5,1,NULL),(4621,166,13,106,390.000,6,1,NULL),(4622,166,14,135,252.000,1,1,NULL),(4623,166,15,49,332.000,2,1,NULL),(4624,166,16,95,396.000,2,1,NULL),(4625,166,17,8,145.000,0,1,NULL),(4626,166,18,72,573.000,2,1,NULL),(4627,166,19,134,316.000,7,1,NULL),(4628,166,20,116,382.000,3,1,NULL),(4629,166,21,2,431.000,3,1,NULL),(4630,166,22,84,538.000,3,1,NULL),(4631,166,23,88,236.000,6,1,NULL),(4632,166,24,62,523.000,2,1,NULL),(4633,166,25,17,226.000,1,1,NULL),(4634,166,26,45,128.000,6,1,NULL),(4635,166,27,112,330.000,0,1,NULL),(4636,166,28,25,460.000,1,1,NULL),(4637,166,29,89,183.000,7,1,NULL),(4638,166,30,65,407.000,2,1,NULL),(4639,151,1,125,518.000,2,1,NULL),(4640,151,2,110,481.000,3,1,NULL),(4641,151,3,114,415.000,3,1,NULL),(4642,151,4,83,530.000,4,1,NULL),(4643,151,5,62,327.000,1,1,NULL),(4644,151,6,38,253.000,1,1,NULL),(4645,151,7,112,241.000,4,1,NULL),(4646,151,8,39,389.000,6,1,NULL),(4647,151,9,35,409.000,3,1,NULL),(4648,151,10,34,120.000,1,1,NULL),(4649,151,11,23,436.000,4,1,NULL),(4650,151,12,90,195.000,0,1,NULL),(4651,151,13,131,457.000,5,1,NULL),(4652,151,14,72,571.000,3,1,NULL),(4653,151,15,98,419.000,4,1,NULL),(4654,151,16,101,546.000,5,1,NULL),(4655,151,17,132,247.000,4,1,NULL),(4656,151,18,140,218.000,1,1,NULL),(4657,151,19,2,142.000,3,1,NULL),(4658,151,20,15,351.000,1,1,NULL),(4659,151,21,92,585.000,4,1,NULL),(4660,151,22,74,452.000,1,1,NULL),(4661,151,23,142,463.000,1,1,NULL),(4662,151,24,127,486.000,1,1,NULL),(4663,151,25,115,222.000,2,1,NULL),(4664,151,26,65,380.000,2,1,NULL),(4665,151,27,77,253.000,5,1,NULL),(4666,151,28,94,364.000,5,1,NULL),(4667,151,29,42,532.000,1,1,NULL),(4668,151,30,19,471.000,4,1,NULL),(4669,152,1,24,202.000,4,1,NULL),(4670,152,2,47,280.000,6,1,NULL),(4671,152,3,17,570.000,7,1,NULL),(4672,152,4,70,381.000,7,1,NULL),(4673,152,5,108,168.000,7,1,NULL),(4674,152,6,36,194.000,7,1,NULL),(4675,152,7,8,260.000,3,1,NULL),(4676,152,8,81,214.000,2,1,NULL),(4677,152,9,71,332.000,2,1,NULL),(4678,152,10,147,267.000,1,1,NULL),(4679,152,11,149,159.000,4,1,NULL),(4680,152,12,126,209.000,2,1,NULL),(4681,152,13,122,453.000,5,1,NULL),(4682,152,14,141,260.000,0,1,NULL),(4683,152,15,144,138.000,6,1,NULL),(4684,152,16,21,262.000,4,1,NULL),(4685,152,17,60,377.000,3,1,NULL),(4686,152,18,134,299.000,3,1,NULL),(4687,152,19,53,339.000,5,1,NULL),(4688,152,20,138,519.000,3,1,NULL),(4689,152,21,61,374.000,5,1,NULL),(4690,152,22,100,323.000,1,1,NULL),(4691,152,23,29,456.000,2,1,NULL),(4692,152,24,89,446.000,3,1,NULL),(4693,152,25,64,457.000,2,1,NULL),(4694,152,26,93,383.000,5,1,NULL),(4695,152,27,120,400.000,0,1,NULL),(4696,152,28,80,295.000,4,1,NULL),(4697,152,29,50,187.000,1,1,NULL),(4698,152,30,143,443.000,1,1,NULL),(4699,159,1,90,302.000,0,1,NULL),(4700,159,2,70,169.000,0,1,NULL),(4701,159,3,7,165.000,0,1,NULL),(4702,159,4,20,266.000,1,1,NULL),(4703,159,5,33,201.000,4,1,NULL),(4704,159,6,8,594.000,5,1,NULL),(4705,159,7,2,592.000,0,1,NULL),(4706,159,8,17,213.000,1,1,NULL),(4707,159,9,26,157.000,5,1,NULL),(4708,159,10,21,189.000,3,1,NULL),(4709,159,11,118,322.000,6,1,NULL),(4710,159,12,69,543.000,4,1,NULL),(4711,159,13,107,393.000,1,1,NULL),(4712,159,14,75,375.000,0,1,NULL),(4713,159,15,108,168.000,0,1,NULL),(4714,159,16,53,406.000,3,1,NULL),(4715,159,17,52,370.000,4,1,NULL),(4716,159,18,32,301.000,4,1,NULL),(4717,159,19,50,263.000,6,1,NULL),(4718,159,20,80,225.000,0,1,NULL),(4719,159,21,106,348.000,5,1,NULL),(4720,159,22,94,265.000,4,1,NULL),(4721,159,23,37,141.000,3,1,NULL),(4722,159,24,111,509.000,6,1,NULL),(4723,159,25,51,302.000,4,1,NULL),(4724,159,26,42,253.000,5,1,NULL),(4725,159,27,64,147.000,6,1,NULL),(4726,159,28,96,562.000,3,1,NULL),(4727,159,29,78,448.000,4,1,NULL),(4728,159,30,127,414.000,6,1,NULL),(4729,160,1,4,542.000,4,1,NULL),(4730,160,2,98,333.000,6,1,NULL),(4731,160,3,84,267.000,0,1,NULL),(4732,160,4,128,517.000,4,1,NULL),(4733,160,5,129,369.000,3,1,NULL),(4734,160,6,109,523.000,6,1,NULL),(4735,160,7,147,223.000,1,1,NULL),(4736,160,8,49,394.000,6,1,NULL),(4737,160,9,87,488.000,0,1,NULL),(4738,160,10,16,247.000,0,1,NULL),(4739,160,11,134,471.000,0,1,NULL),(4740,160,12,65,480.000,5,1,NULL),(4741,160,13,142,517.000,4,1,NULL),(4742,160,14,1,244.000,6,1,NULL),(4743,160,15,59,351.000,5,1,NULL),(4744,160,16,102,292.000,5,1,NULL),(4745,160,17,38,461.000,4,1,NULL),(4746,160,18,45,591.000,6,1,NULL),(4747,160,19,44,214.000,3,1,NULL),(4748,160,20,95,123.000,3,1,NULL),(4749,160,21,68,180.000,5,1,NULL),(4750,160,22,47,556.000,2,1,NULL),(4751,160,23,31,154.000,6,1,NULL),(4752,160,24,120,293.000,2,1,NULL),(4753,160,25,55,447.000,6,1,NULL),(4754,160,26,13,260.000,6,1,NULL),(4755,160,27,54,276.000,1,1,NULL),(4756,160,28,126,131.000,3,1,NULL),(4757,160,29,35,531.000,1,1,NULL),(4758,160,30,138,245.000,4,1,NULL),(4759,173,1,50,190.000,6,1,NULL),(4760,173,2,144,249.000,1,1,NULL),(4761,173,3,26,201.000,1,1,NULL),(4762,173,4,133,200.000,3,1,NULL),(4763,173,5,39,170.000,4,1,NULL),(4764,173,6,92,542.000,3,1,NULL),(4765,173,7,111,141.000,6,1,NULL),(4766,173,8,23,516.000,6,1,NULL),(4767,173,9,99,133.000,5,1,NULL),(4768,173,10,33,387.000,1,1,NULL),(4769,173,11,118,434.000,5,1,NULL),(4770,173,12,46,594.000,1,1,NULL),(4771,173,13,44,406.000,6,1,NULL),(4772,173,14,93,188.000,0,1,NULL),(4773,173,15,64,526.000,1,1,NULL),(4774,173,16,38,574.000,4,1,NULL),(4775,173,17,145,193.000,1,1,NULL),(4776,173,18,137,587.000,1,1,NULL),(4777,173,19,142,297.000,4,1,NULL),(4778,173,20,69,231.000,1,1,NULL),(4779,173,21,150,519.000,2,1,NULL),(4780,173,22,114,260.000,2,1,NULL),(4781,173,23,100,276.000,4,1,NULL),(4782,173,24,30,387.000,6,1,NULL),(4783,173,25,35,452.000,0,1,NULL),(4784,173,26,20,262.000,5,1,NULL),(4785,173,27,68,202.000,2,1,NULL),(4786,173,28,58,374.000,0,1,NULL),(4787,173,29,24,382.000,3,1,NULL),(4788,173,30,112,432.000,4,1,NULL),(4789,174,1,98,418.000,0,1,NULL),(4790,174,2,140,187.000,3,1,NULL),(4791,174,3,149,175.000,6,1,NULL),(4792,174,4,53,346.000,1,1,NULL),(4793,174,5,94,474.000,3,1,NULL),(4794,174,6,132,215.000,1,1,NULL),(4795,174,7,51,553.000,0,1,NULL),(4796,174,8,146,218.000,1,1,NULL),(4797,174,9,81,245.000,3,1,NULL),(4798,174,10,74,331.000,2,1,NULL),(4799,174,11,28,263.000,4,1,NULL),(4800,174,12,36,391.000,6,1,NULL),(4801,174,13,88,286.000,2,1,NULL),(4802,174,14,67,179.000,4,1,NULL),(4803,174,15,85,150.000,6,1,NULL),(4804,174,16,42,191.000,6,1,NULL),(4805,174,17,80,297.000,3,1,NULL),(4806,174,18,40,542.000,4,1,NULL),(4807,174,19,130,477.000,2,1,NULL),(4808,174,20,9,481.000,3,1,NULL),(4809,174,21,97,499.000,1,1,NULL),(4810,174,22,63,214.000,5,1,NULL),(4811,174,23,7,360.000,4,1,NULL),(4812,174,24,134,131.000,5,1,NULL),(4813,174,25,47,504.000,2,1,NULL),(4814,174,26,18,285.000,6,1,NULL),(4815,174,27,120,552.000,2,1,NULL),(4816,174,28,148,301.000,6,1,NULL),(4817,174,29,123,292.000,0,1,NULL),(4818,174,30,2,410.000,2,1,NULL),(4819,161,1,14,469.000,2,1,NULL),(4820,161,2,87,466.000,4,1,NULL),(4821,161,3,132,274.000,2,1,NULL),(4822,161,4,123,250.000,2,1,NULL),(4823,161,5,78,585.000,0,1,NULL),(4824,161,6,72,159.000,4,1,NULL),(4825,161,7,108,563.000,6,1,NULL),(4826,161,8,38,359.000,6,1,NULL),(4827,161,9,33,223.000,7,1,NULL),(4828,161,10,90,211.000,5,1,NULL),(4829,161,11,52,364.000,2,1,NULL),(4830,161,12,128,327.000,4,1,NULL),(4831,161,13,150,307.000,7,1,NULL),(4832,161,14,79,349.000,3,1,NULL),(4833,161,15,104,191.000,2,1,NULL),(4834,161,16,74,398.000,7,1,NULL),(4835,161,17,13,452.000,3,1,NULL),(4836,161,18,85,244.000,7,1,NULL),(4837,161,19,147,541.000,1,1,NULL),(4838,161,20,68,127.000,0,1,NULL),(4839,161,21,44,476.000,4,1,NULL),(4840,161,22,103,171.000,5,1,NULL),(4841,161,23,21,529.000,6,1,NULL),(4842,161,24,4,122.000,7,1,NULL),(4843,161,25,148,539.000,5,1,NULL),(4844,161,26,67,566.000,1,1,NULL),(4845,161,27,63,550.000,1,1,NULL),(4846,161,28,119,161.000,6,1,NULL),(4847,161,29,20,233.000,2,1,NULL),(4848,161,30,41,227.000,6,1,NULL),(4849,162,1,70,366.000,0,1,NULL),(4850,162,2,136,565.000,2,1,NULL),(4851,162,3,2,380.000,2,1,NULL),(4852,162,4,107,329.000,4,1,NULL),(4853,162,5,126,229.000,7,1,NULL),(4854,162,6,122,558.000,6,1,NULL),(4855,162,7,139,282.000,5,1,NULL),(4856,162,8,39,527.000,3,1,NULL),(4857,162,9,61,541.000,3,1,NULL),(4858,162,10,24,386.000,0,1,NULL),(4859,162,11,76,263.000,1,1,NULL),(4860,162,12,80,338.000,2,1,NULL),(4861,162,13,65,445.000,7,1,NULL),(4862,162,14,138,508.000,4,1,NULL),(4863,162,15,144,154.000,8,1,NULL),(4864,162,16,7,151.000,7,1,NULL),(4865,162,17,92,338.000,3,1,NULL),(4866,162,18,105,259.000,8,1,NULL),(4867,162,19,73,561.000,1,1,NULL),(4868,162,20,9,596.000,4,1,NULL),(4869,162,21,95,372.000,6,1,NULL),(4870,162,22,6,576.000,1,1,NULL),(4871,162,23,98,185.000,7,1,NULL),(4872,162,24,124,280.000,0,1,NULL),(4873,162,25,58,167.000,7,1,NULL),(4874,162,26,112,540.000,8,1,NULL),(4875,162,27,88,195.000,5,1,NULL),(4876,162,28,19,144.000,8,1,NULL),(4877,162,29,26,472.000,8,1,NULL),(4878,162,30,82,476.000,1,1,NULL),(4879,147,1,89,520.000,0,1,NULL),(4880,147,2,40,265.000,3,1,NULL),(4881,147,3,150,455.000,1,1,NULL),(4882,147,4,55,461.000,5,1,NULL),(4883,147,5,50,383.000,6,1,NULL),(4884,147,6,124,459.000,4,1,NULL),(4885,147,7,51,416.000,2,1,NULL),(4886,147,8,116,242.000,2,1,NULL),(4887,147,9,73,350.000,1,1,NULL),(4888,147,10,117,341.000,1,1,NULL),(4889,147,11,111,424.000,1,1,NULL),(4890,147,12,113,155.000,2,1,NULL),(4891,147,13,138,567.000,4,1,NULL),(4892,147,14,135,443.000,1,1,NULL),(4893,147,15,5,276.000,1,1,NULL),(4894,147,16,32,122.000,5,1,NULL),(4895,147,17,46,471.000,1,1,NULL),(4896,147,18,103,589.000,4,1,NULL),(4897,147,19,134,481.000,5,1,NULL),(4898,147,20,19,367.000,4,1,NULL),(4899,147,21,43,144.000,5,1,NULL),(4900,147,22,94,361.000,3,1,NULL),(4901,147,23,28,464.000,4,1,NULL),(4902,147,24,121,264.000,1,1,NULL),(4903,147,25,66,582.000,3,1,NULL),(4904,147,26,23,587.000,2,1,NULL),(4905,147,27,57,194.000,3,1,NULL),(4906,147,28,107,403.000,5,1,NULL),(4907,147,29,122,211.000,3,1,NULL),(4908,147,30,143,378.000,5,1,NULL),(4909,148,1,91,475.000,7,1,NULL),(4910,148,2,104,378.000,4,1,NULL),(4911,148,3,45,453.000,1,1,NULL),(4912,148,4,26,167.000,0,1,NULL),(4913,148,5,20,460.000,2,1,NULL),(4914,148,6,67,476.000,1,1,NULL),(4915,148,7,48,402.000,6,1,NULL),(4916,148,8,145,216.000,4,1,NULL),(4917,148,9,15,539.000,0,1,NULL),(4918,148,10,97,350.000,1,1,NULL),(4919,148,11,4,432.000,2,1,NULL),(4920,148,12,123,126.000,1,1,NULL),(4921,148,13,69,187.000,1,1,NULL),(4922,148,14,34,386.000,2,1,NULL),(4923,148,15,127,535.000,7,1,NULL),(4924,148,16,1,427.000,2,1,NULL),(4925,148,17,92,344.000,0,1,NULL),(4926,148,18,140,333.000,1,1,NULL),(4927,148,19,13,121.000,2,1,NULL),(4928,148,20,136,415.000,5,1,NULL),(4929,148,21,105,401.000,7,1,NULL),(4930,148,22,126,315.000,0,1,NULL),(4931,148,23,36,491.000,6,1,NULL),(4932,148,24,56,329.000,5,1,NULL),(4933,148,25,149,430.000,5,1,NULL),(4934,148,26,131,348.000,5,1,NULL),(4935,148,27,65,427.000,6,1,NULL),(4936,148,28,144,356.000,7,1,NULL),(4937,148,29,16,247.000,1,1,NULL),(4938,148,30,9,278.000,5,1,NULL),(4939,163,1,90,593.000,6,1,NULL),(4940,163,2,61,214.000,1,1,NULL),(4941,163,3,47,235.000,5,1,NULL),(4942,163,4,114,354.000,6,1,NULL),(4943,163,5,4,183.000,2,1,NULL),(4944,163,6,5,363.000,4,1,NULL),(4945,163,7,118,384.000,0,1,NULL),(4946,163,8,91,212.000,5,1,NULL),(4947,163,9,57,254.000,4,1,NULL),(4948,163,10,134,458.000,5,1,NULL),(4949,163,11,55,186.000,0,1,NULL),(4950,163,12,82,567.000,6,1,NULL),(4951,163,13,75,489.000,6,1,NULL),(4952,163,14,130,149.000,2,1,NULL),(4953,163,15,19,144.000,4,1,NULL),(4954,163,16,113,150.000,3,1,NULL),(4955,163,17,1,161.000,5,1,NULL),(4956,163,18,39,299.000,6,1,NULL),(4957,163,19,20,379.000,5,1,NULL),(4958,163,20,121,405.000,4,1,NULL),(4959,163,21,123,583.000,6,1,NULL),(4960,163,22,110,211.000,4,1,NULL),(4961,163,23,124,580.000,1,1,NULL),(4962,163,24,10,259.000,0,1,NULL),(4963,163,25,27,319.000,2,1,NULL),(4964,163,26,101,349.000,6,1,NULL),(4965,163,27,66,492.000,4,1,NULL),(4966,163,28,15,369.000,2,1,NULL),(4967,163,29,74,569.000,5,1,NULL),(4968,163,30,87,156.000,3,1,NULL),(4969,164,1,79,543.000,5,1,NULL),(4970,164,2,56,536.000,1,1,NULL),(4971,164,3,86,397.000,0,1,NULL),(4972,164,4,9,209.000,1,1,NULL),(4973,164,5,44,360.000,1,1,NULL),(4974,164,6,99,246.000,6,1,NULL),(4975,164,7,62,223.000,2,1,NULL),(4976,164,8,132,519.000,2,1,NULL),(4977,164,9,122,261.000,4,1,NULL),(4978,164,10,13,544.000,0,1,NULL),(4979,164,11,68,350.000,6,1,NULL),(4980,164,12,71,528.000,0,1,NULL),(4981,164,13,100,207.000,1,1,NULL),(4982,164,14,46,521.000,1,1,NULL),(4983,164,15,84,415.000,6,1,NULL),(4984,164,16,97,198.000,2,1,NULL),(4985,164,17,22,459.000,6,1,NULL),(4986,164,18,7,464.000,0,1,NULL),(4987,164,19,140,422.000,3,1,NULL),(4988,164,20,89,152.000,1,1,NULL),(4989,164,21,41,416.000,3,1,NULL),(4990,164,22,120,143.000,6,1,NULL),(4991,164,23,149,141.000,4,1,NULL),(4992,164,24,65,202.000,1,1,NULL),(4993,164,25,112,125.000,0,1,NULL),(4994,164,26,37,597.000,2,1,NULL),(4995,164,27,92,485.000,3,1,NULL),(4996,164,28,147,484.000,6,1,NULL),(4997,164,29,115,206.000,3,1,NULL),(4998,164,30,131,557.000,1,1,NULL),(4999,185,1,14,204.000,2,1,NULL),(5000,185,2,121,594.000,6,1,NULL),(5001,185,3,11,211.000,5,1,NULL),(5002,185,4,32,409.000,6,1,NULL),(5003,185,5,74,314.000,1,1,NULL),(5004,185,6,25,381.000,0,1,NULL),(5005,185,7,136,420.000,4,1,NULL),(5006,185,8,70,435.000,3,1,NULL),(5007,185,9,45,233.000,3,1,NULL),(5008,185,10,77,516.000,5,1,NULL),(5009,185,11,140,272.000,6,1,NULL),(5010,185,12,99,488.000,0,1,NULL),(5011,185,13,8,427.000,0,1,NULL),(5012,185,14,87,261.000,1,1,NULL),(5013,185,15,101,382.000,2,1,NULL),(5014,185,16,141,416.000,6,1,NULL),(5015,185,17,56,502.000,5,1,NULL),(5016,185,18,84,212.000,4,1,NULL),(5017,185,19,27,588.000,4,1,NULL),(5018,185,20,35,286.000,2,1,NULL),(5019,185,21,60,500.000,2,1,NULL),(5020,185,22,59,362.000,6,1,NULL),(5021,185,23,115,469.000,4,1,NULL),(5022,185,24,16,307.000,6,1,NULL),(5023,185,25,78,404.000,1,1,NULL),(5024,185,26,55,283.000,3,1,NULL),(5025,185,27,104,388.000,2,1,NULL),(5026,185,28,36,476.000,1,1,NULL),(5027,185,29,7,214.000,4,1,NULL),(5028,185,30,29,352.000,2,1,NULL),(5029,175,1,16,127.000,5,1,NULL),(5030,175,2,6,352.000,5,1,NULL),(5031,175,3,23,146.000,2,1,NULL),(5032,175,4,74,310.000,0,1,NULL),(5033,175,5,103,531.000,4,1,NULL),(5034,175,6,99,371.000,8,1,NULL),(5035,175,7,29,576.000,2,1,NULL),(5036,175,8,24,565.000,1,1,NULL),(5037,175,9,118,220.000,4,1,NULL),(5038,175,10,117,368.000,2,1,NULL),(5039,175,11,27,374.000,6,1,NULL),(5040,175,12,5,525.000,2,1,NULL),(5041,175,13,18,285.000,2,1,NULL),(5042,175,14,4,393.000,5,1,NULL),(5043,175,15,40,599.000,8,1,NULL),(5044,175,16,30,408.000,3,1,NULL),(5045,175,17,73,397.000,8,1,NULL),(5046,175,18,25,151.000,7,1,NULL),(5047,175,19,37,393.000,7,1,NULL),(5048,175,20,39,513.000,0,1,NULL),(5049,175,21,137,218.000,2,1,NULL),(5050,175,22,71,595.000,3,1,NULL),(5051,175,23,146,534.000,5,1,NULL),(5052,175,24,65,384.000,2,1,NULL),(5053,175,25,139,512.000,7,1,NULL),(5054,175,26,32,523.000,7,1,NULL),(5055,175,27,87,561.000,7,1,NULL),(5056,175,28,129,417.000,4,1,NULL),(5057,175,29,67,329.000,8,1,NULL),(5058,175,30,90,550.000,1,1,NULL),(5059,184,1,39,504.000,3,1,NULL),(5060,184,2,94,523.000,4,1,NULL),(5061,184,3,83,582.000,7,1,NULL),(5062,184,4,93,447.000,0,1,NULL),(5063,184,5,10,183.000,5,1,NULL),(5064,184,6,112,296.000,1,1,NULL),(5065,184,7,141,519.000,4,1,NULL),(5066,184,8,128,272.000,1,1,NULL),(5067,184,9,65,521.000,2,1,NULL),(5068,184,10,119,308.000,7,1,NULL),(5069,184,11,143,284.000,3,1,NULL),(5070,184,12,61,462.000,4,1,NULL),(5071,184,13,40,534.000,7,1,NULL),(5072,184,14,9,542.000,5,1,NULL),(5073,184,15,21,569.000,4,1,NULL),(5074,184,16,122,163.000,4,1,NULL),(5075,184,17,95,371.000,5,1,NULL),(5076,184,18,20,394.000,1,1,NULL),(5077,184,19,113,400.000,0,1,NULL),(5078,184,20,136,584.000,1,1,NULL),(5079,184,21,109,370.000,2,1,NULL),(5080,184,22,57,201.000,3,1,NULL),(5081,184,23,2,200.000,5,1,NULL),(5082,184,24,68,336.000,2,1,NULL),(5083,184,25,87,527.000,2,1,NULL),(5084,184,26,129,202.000,3,1,NULL),(5085,184,27,79,323.000,1,1,NULL),(5086,184,28,145,451.000,5,1,NULL),(5087,184,29,124,461.000,4,1,NULL),(5088,184,30,41,395.000,1,1,NULL),(5089,176,1,74,162.000,7,1,NULL),(5090,176,2,14,201.000,0,1,NULL),(5091,176,3,76,580.000,6,1,NULL),(5092,176,4,75,204.000,5,1,NULL),(5093,176,5,112,313.000,3,1,NULL),(5094,176,6,137,128.000,6,1,NULL),(5095,176,7,106,432.000,4,1,NULL),(5096,176,8,107,528.000,6,1,NULL),(5097,176,9,36,289.000,1,1,NULL),(5098,176,10,17,428.000,2,1,NULL),(5099,176,11,124,384.000,1,1,NULL),(5100,176,12,127,463.000,7,1,NULL),(5101,176,13,90,528.000,2,1,NULL),(5102,176,14,132,423.000,6,1,NULL),(5103,176,15,63,437.000,7,1,NULL),(5104,176,16,10,191.000,5,1,NULL),(5105,176,17,18,476.000,5,1,NULL),(5106,176,18,92,535.000,3,1,NULL),(5107,176,19,43,175.000,0,1,NULL),(5108,176,20,22,222.000,3,1,NULL),(5109,176,21,123,383.000,6,1,NULL),(5110,176,22,104,280.000,6,1,NULL),(5111,176,23,135,473.000,0,1,NULL),(5112,176,24,44,437.000,4,1,NULL),(5113,176,25,2,593.000,3,1,NULL),(5114,176,26,125,289.000,3,1,NULL),(5115,176,27,66,390.000,3,1,NULL),(5116,176,28,141,350.000,0,1,NULL),(5117,176,29,7,273.000,3,1,NULL),(5118,176,30,59,335.000,7,1,NULL),(5119,183,1,129,246.000,4,1,NULL),(5120,183,2,97,290.000,6,1,NULL),(5121,183,3,46,482.000,6,1,NULL),(5122,183,4,119,544.000,7,1,NULL),(5123,183,5,127,538.000,4,1,NULL),(5124,183,6,75,560.000,7,1,NULL),(5125,183,7,88,295.000,0,1,NULL),(5126,183,8,125,335.000,8,1,NULL),(5127,183,9,149,438.000,8,1,NULL),(5128,183,10,43,371.000,8,1,NULL),(5129,183,11,33,362.000,3,1,NULL),(5130,183,12,26,347.000,2,1,NULL),(5131,183,13,113,585.000,7,1,NULL),(5132,183,14,53,218.000,5,1,NULL),(5133,183,15,134,147.000,0,1,NULL),(5134,183,16,92,303.000,5,1,NULL),(5135,183,17,17,297.000,3,1,NULL),(5136,183,18,111,325.000,6,1,NULL),(5137,183,19,52,422.000,2,1,NULL),(5138,183,20,108,128.000,2,1,NULL),(5139,183,21,61,240.000,0,1,NULL),(5140,183,22,19,333.000,3,1,NULL),(5141,183,23,21,163.000,0,1,NULL),(5142,183,24,38,207.000,2,1,NULL),(5143,183,25,44,572.000,3,1,NULL),(5144,183,26,35,345.000,6,1,NULL),(5145,183,27,146,137.000,4,1,NULL),(5146,183,28,83,570.000,7,1,NULL),(5147,183,29,24,338.000,1,1,NULL),(5148,183,30,39,121.000,4,1,NULL),(5149,190,1,131,383.000,3,1,NULL),(5150,190,2,7,207.000,4,1,NULL),(5151,190,3,16,178.000,1,1,NULL),(5152,190,4,116,368.000,2,1,NULL),(5153,190,5,82,519.000,1,1,NULL),(5154,190,6,104,485.000,1,1,NULL),(5155,190,7,134,223.000,2,1,NULL),(5156,190,8,26,256.000,4,1,NULL),(5157,190,9,55,574.000,4,1,NULL),(5158,190,10,115,300.000,2,1,NULL),(5159,190,11,99,333.000,4,1,NULL),(5160,190,12,69,299.000,3,1,NULL),(5161,190,13,50,525.000,2,1,NULL),(5162,190,14,97,130.000,4,1,NULL),(5163,190,15,2,360.000,6,1,NULL),(5164,190,16,68,228.000,4,1,NULL),(5165,190,17,5,434.000,0,1,NULL),(5166,190,18,78,452.000,5,1,NULL),(5167,190,19,83,241.000,7,1,NULL),(5168,190,20,32,419.000,0,1,NULL),(5169,190,21,14,196.000,5,1,NULL),(5170,190,22,146,196.000,6,1,NULL),(5171,190,23,73,126.000,2,1,NULL),(5172,190,24,144,410.000,5,1,NULL),(5173,190,25,24,590.000,0,1,NULL),(5174,190,26,136,299.000,2,1,NULL),(5175,190,27,47,328.000,7,1,NULL),(5176,190,28,76,396.000,2,1,NULL),(5177,190,29,132,229.000,2,1,NULL),(5178,190,30,19,323.000,4,1,NULL),(5179,180,1,132,500.000,6,1,NULL),(5180,180,2,120,213.000,5,1,NULL),(5181,180,3,12,254.000,3,1,NULL),(5182,180,4,9,286.000,3,1,NULL),(5183,180,5,73,381.000,5,1,NULL),(5184,180,6,142,425.000,2,1,NULL),(5185,180,7,42,505.000,2,1,NULL),(5186,180,8,5,350.000,4,1,NULL),(5187,180,9,107,430.000,2,1,NULL),(5188,180,10,24,206.000,2,1,NULL),(5189,180,11,68,514.000,6,1,NULL),(5190,180,12,8,227.000,0,1,NULL),(5191,180,13,104,317.000,0,1,NULL),(5192,180,14,50,562.000,6,1,NULL),(5193,180,15,11,595.000,6,1,NULL),(5194,180,16,67,285.000,3,1,NULL),(5195,180,17,16,329.000,0,1,NULL),(5196,180,18,126,275.000,0,1,NULL),(5197,180,19,101,502.000,5,1,NULL),(5198,180,20,45,455.000,5,1,NULL),(5199,180,21,30,321.000,6,1,NULL),(5200,180,22,36,513.000,0,1,NULL),(5201,180,23,31,517.000,1,1,NULL),(5202,180,24,87,511.000,4,1,NULL),(5203,180,25,33,146.000,3,1,NULL),(5204,180,26,114,322.000,6,1,NULL),(5205,180,27,65,138.000,6,1,NULL),(5206,180,28,148,409.000,0,1,NULL),(5207,180,29,116,319.000,5,1,NULL),(5208,180,30,19,336.000,5,1,NULL),(5209,189,1,26,412.000,1,1,NULL),(5210,189,2,45,424.000,2,1,NULL),(5211,189,3,81,200.000,0,1,NULL),(5212,189,4,100,132.000,3,1,NULL),(5213,189,5,68,148.000,6,1,NULL),(5214,189,6,120,319.000,3,1,NULL),(5215,189,7,2,540.000,4,1,NULL),(5216,189,8,96,394.000,6,1,NULL),(5217,189,9,116,191.000,7,1,NULL),(5218,189,10,98,282.000,3,1,NULL),(5219,189,11,109,203.000,6,1,NULL),(5220,189,12,137,550.000,7,1,NULL),(5221,189,13,53,371.000,7,1,NULL),(5222,189,14,91,133.000,7,1,NULL),(5223,189,15,129,289.000,3,1,NULL),(5224,189,16,88,381.000,6,1,NULL),(5225,189,17,4,123.000,5,1,NULL),(5226,189,18,33,145.000,5,1,NULL),(5227,189,19,24,530.000,0,1,NULL),(5228,189,20,136,525.000,0,1,NULL),(5229,189,21,71,341.000,0,1,NULL),(5230,189,22,10,388.000,5,1,NULL),(5231,189,23,134,374.000,3,1,NULL),(5232,189,24,35,542.000,1,1,NULL),(5233,189,25,89,144.000,3,1,NULL),(5234,189,26,101,230.000,0,1,NULL),(5235,189,27,52,349.000,5,1,NULL),(5236,189,28,115,484.000,5,1,NULL),(5237,189,29,63,295.000,3,1,NULL),(5238,189,30,106,227.000,6,1,NULL),(5239,181,1,8,306.000,2,1,NULL),(5240,181,2,35,201.000,0,1,NULL),(5241,181,3,144,460.000,4,1,NULL),(5242,181,4,77,346.000,3,1,NULL),(5243,181,5,2,540.000,1,1,NULL),(5244,181,6,53,283.000,5,1,NULL),(5245,181,7,112,236.000,2,1,NULL),(5246,181,8,115,132.000,2,1,NULL),(5247,181,9,132,489.000,4,1,NULL),(5248,181,10,23,181.000,6,1,NULL),(5249,181,11,108,554.000,4,1,NULL),(5250,181,12,36,222.000,2,1,NULL),(5251,181,13,80,416.000,0,1,NULL),(5252,181,14,47,423.000,0,1,NULL),(5253,181,15,149,543.000,2,1,NULL),(5254,181,16,21,321.000,0,1,NULL),(5255,181,17,19,210.000,3,1,NULL),(5256,181,18,93,332.000,3,1,NULL),(5257,181,19,114,286.000,0,1,NULL),(5258,181,20,17,523.000,7,1,NULL),(5259,181,21,83,170.000,6,1,NULL),(5260,181,22,61,474.000,6,1,NULL),(5261,181,23,131,472.000,0,1,NULL),(5262,181,24,101,202.000,3,1,NULL),(5263,181,25,94,474.000,7,1,NULL),(5264,181,26,39,543.000,7,1,NULL),(5265,181,27,70,147.000,6,1,NULL),(5266,181,28,98,365.000,0,1,NULL),(5267,181,29,122,402.000,1,1,NULL),(5268,181,30,24,490.000,0,1,NULL),(5269,186,1,68,289.000,7,1,NULL),(5270,186,2,31,450.000,7,1,NULL),(5271,186,3,51,174.000,4,1,NULL),(5272,186,4,118,537.000,5,1,NULL),(5273,186,5,94,378.000,4,1,NULL),(5274,186,6,42,450.000,2,1,NULL),(5275,186,7,126,300.000,0,1,NULL),(5276,186,8,37,224.000,3,1,NULL),(5277,186,9,32,522.000,2,1,NULL),(5278,186,10,102,580.000,1,1,NULL),(5279,186,11,44,251.000,5,1,NULL),(5280,186,12,45,528.000,4,1,NULL),(5281,186,13,1,469.000,3,1,NULL),(5282,186,14,64,374.000,1,1,NULL),(5283,186,15,65,146.000,2,1,NULL),(5284,186,16,95,398.000,3,1,NULL),(5285,186,17,127,216.000,7,1,NULL),(5286,186,18,98,567.000,4,1,NULL),(5287,186,19,26,539.000,3,1,NULL),(5288,186,20,50,218.000,6,1,NULL),(5289,186,21,111,326.000,1,1,NULL),(5290,186,22,106,527.000,6,1,NULL),(5291,186,23,55,300.000,5,1,NULL),(5292,186,24,138,405.000,5,1,NULL),(5293,186,25,109,293.000,3,1,NULL),(5294,186,26,13,380.000,2,1,NULL),(5295,186,27,38,523.000,4,1,NULL),(5296,186,28,59,441.000,1,1,NULL),(5297,186,29,33,265.000,3,1,NULL),(5298,186,30,49,545.000,3,1,NULL),(5299,177,1,39,206.000,4,1,NULL),(5300,177,2,100,303.000,2,1,NULL),(5301,177,3,68,412.000,4,1,NULL),(5302,177,4,44,177.000,4,1,NULL),(5303,177,5,7,337.000,6,1,NULL),(5304,177,6,20,426.000,0,1,NULL),(5305,177,7,142,412.000,7,1,NULL),(5306,177,8,40,555.000,8,1,NULL),(5307,177,9,99,140.000,8,1,NULL),(5308,177,10,80,542.000,7,1,NULL),(5309,177,11,148,357.000,6,1,NULL),(5310,177,12,50,548.000,8,1,NULL),(5311,177,13,24,280.000,2,1,NULL),(5312,177,14,134,411.000,3,1,NULL),(5313,177,15,63,597.000,8,1,NULL),(5314,177,16,23,580.000,5,1,NULL),(5315,177,17,85,154.000,6,1,NULL),(5316,177,18,28,221.000,7,1,NULL),(5317,177,19,67,348.000,0,1,NULL),(5318,177,20,81,180.000,4,1,NULL),(5319,177,21,30,339.000,1,1,NULL),(5320,177,22,111,488.000,2,1,NULL),(5321,177,23,133,349.000,7,1,NULL),(5322,177,24,112,521.000,8,1,NULL),(5323,177,25,36,238.000,3,1,NULL),(5324,177,26,149,516.000,8,1,NULL),(5325,177,27,118,197.000,4,1,NULL),(5326,177,28,42,425.000,3,1,NULL),(5327,177,29,140,551.000,3,1,NULL),(5328,177,30,18,126.000,1,1,NULL),(5329,178,1,117,200.000,4,1,NULL),(5330,178,2,144,549.000,5,1,NULL),(5331,178,3,112,557.000,8,1,NULL),(5332,178,4,32,428.000,2,1,NULL),(5333,178,5,73,148.000,5,1,NULL),(5334,178,6,53,382.000,2,1,NULL),(5335,178,7,74,359.000,1,1,NULL),(5336,178,8,140,232.000,4,1,NULL),(5337,178,9,46,193.000,1,1,NULL),(5338,178,10,60,481.000,8,1,NULL),(5339,178,11,115,232.000,0,1,NULL),(5340,178,12,102,468.000,8,1,NULL),(5341,178,13,135,258.000,4,1,NULL),(5342,178,14,126,284.000,4,1,NULL),(5343,178,15,138,356.000,6,1,NULL),(5344,178,16,76,498.000,1,1,NULL),(5345,178,17,121,589.000,4,1,NULL),(5346,178,18,18,437.000,5,1,NULL),(5347,178,19,131,261.000,1,1,NULL),(5348,178,20,35,328.000,0,1,NULL),(5349,178,21,17,473.000,2,1,NULL),(5350,178,22,84,258.000,5,1,NULL),(5351,178,23,56,453.000,5,1,NULL),(5352,178,24,148,234.000,1,1,NULL),(5353,178,25,116,465.000,6,1,NULL),(5354,182,1,58,534.000,4,1,NULL),(5355,182,2,127,320.000,1,1,NULL),(5356,182,3,32,550.000,4,1,NULL),(5357,182,4,17,520.000,1,1,NULL),(5358,182,5,77,472.000,6,1,NULL),(5359,182,6,134,219.000,1,1,NULL),(5360,182,7,28,302.000,4,1,NULL),(5361,182,8,13,522.000,6,1,NULL),(5362,182,9,87,472.000,0,1,NULL),(5363,182,10,37,512.000,0,1,NULL),(5364,182,11,70,185.000,7,1,NULL),(5365,182,12,145,597.000,1,1,NULL),(5366,182,13,128,266.000,7,1,NULL),(5367,182,14,69,303.000,2,1,NULL),(5368,182,15,73,506.000,6,1,NULL),(5369,182,16,52,177.000,3,1,NULL),(5370,187,1,90,372.000,0,1,NULL),(5371,187,2,38,403.000,3,1,NULL),(5372,187,3,4,519.000,1,1,NULL),(5373,187,4,72,459.000,0,1,NULL),(5374,187,5,41,152.000,6,1,NULL),(5375,187,6,33,210.000,7,1,NULL),(5376,187,7,19,473.000,1,1,NULL),(5377,187,8,87,445.000,3,1,NULL),(5378,187,9,108,140.000,4,1,NULL),(5379,187,10,122,367.000,7,1,NULL),(5380,187,11,144,480.000,2,1,NULL),(5381,187,12,148,203.000,2,1,NULL),(5382,187,13,150,513.000,3,1,NULL),(5383,187,14,126,491.000,3,1,NULL),(5384,187,15,139,516.000,7,1,NULL),(5385,187,16,65,297.000,6,1,NULL),(5386,187,17,21,325.000,4,1,NULL),(5387,187,18,58,282.000,2,1,NULL),(5388,187,19,98,478.000,6,1,NULL),(5389,187,20,88,368.000,1,1,NULL),(5390,187,21,128,488.000,4,1,NULL),(5391,187,22,85,594.000,5,1,NULL),(5392,187,23,74,131.000,3,1,NULL),(5393,187,24,26,398.000,3,1,NULL),(5394,187,25,112,296.000,4,1,NULL),(5395,187,26,95,594.000,5,1,NULL),(5396,187,27,103,577.000,6,1,NULL),(5397,187,28,119,390.000,2,1,NULL),(5398,187,29,105,301.000,4,1,NULL),(5399,187,30,7,228.000,6,1,NULL),(5400,179,1,19,485.000,8,1,NULL),(5401,179,2,144,180.000,4,1,NULL),(5402,179,3,131,521.000,1,1,NULL),(5403,179,4,113,156.000,7,1,NULL),(5404,179,5,103,517.000,0,1,NULL),(5405,179,6,9,282.000,4,1,NULL),(5406,179,7,127,444.000,8,1,NULL),(5407,179,8,145,345.000,2,1,NULL),(5408,179,9,55,152.000,3,1,NULL),(5409,179,10,104,421.000,7,1,NULL),(5410,179,11,43,571.000,3,1,NULL),(5411,179,12,136,468.000,8,1,NULL),(5412,179,13,134,182.000,1,1,NULL),(5413,179,14,143,585.000,0,1,NULL),(5414,179,15,32,419.000,3,1,NULL),(5415,179,16,105,212.000,0,1,NULL),(5416,179,17,57,335.000,4,1,NULL),(5417,179,18,48,505.000,1,1,NULL),(5418,179,19,124,446.000,1,1,NULL),(5419,179,20,50,448.000,1,1,NULL),(5420,179,21,40,261.000,5,1,NULL),(5421,179,22,65,538.000,3,1,NULL),(5422,179,23,91,546.000,7,1,NULL),(5423,179,24,56,201.000,8,1,NULL),(5424,179,25,138,199.000,6,1,NULL),(5425,179,26,122,382.000,4,1,NULL),(5426,179,27,28,132.000,2,1,NULL),(5427,179,28,36,473.000,0,1,NULL),(5428,179,29,149,269.000,0,1,NULL),(5429,179,30,107,529.000,5,1,NULL),(5430,188,1,91,538.000,6,1,NULL),(5431,188,2,19,249.000,6,1,NULL),(5432,188,3,123,456.000,2,1,NULL),(5433,188,4,121,315.000,5,1,NULL),(5434,188,5,114,254.000,6,1,NULL),(5435,188,6,47,292.000,2,1,NULL),(5436,188,7,122,338.000,2,1,NULL),(5437,188,8,39,389.000,1,1,NULL),(5438,188,9,57,398.000,1,1,NULL),(5439,188,10,22,202.000,0,1,NULL),(5440,188,11,134,128.000,6,1,NULL),(5441,188,12,87,261.000,4,1,NULL),(5442,188,13,99,246.000,0,1,NULL),(5443,188,14,5,595.000,2,1,NULL),(5444,188,15,75,380.000,1,1,NULL),(5445,188,16,120,473.000,2,1,NULL),(5446,188,17,74,252.000,6,1,NULL),(5447,188,18,115,390.000,5,1,NULL),(5448,188,19,90,405.000,1,1,NULL),(5449,188,20,149,531.000,6,1,NULL),(5450,188,21,79,289.000,0,1,NULL),(5451,188,22,1,457.000,5,1,NULL),(5452,188,23,84,333.000,5,1,NULL),(5453,188,24,68,590.000,3,1,NULL),(5454,188,25,110,434.000,6,1,NULL),(5455,188,26,82,193.000,5,1,NULL),(5456,188,27,113,340.000,1,1,NULL),(5457,188,28,20,406.000,0,1,NULL),(5458,188,29,147,382.000,6,1,NULL),(5459,188,30,101,550.000,2,1,NULL);
/*!40000 ALTER TABLE `resultados` ENABLE KEYS */;
UNLOCK TABLES;

--
-- Table structure for table `roles`
--

DROP TABLE IF EXISTS `roles`;
/*!40101 SET @saved_cs_client     = @@character_set_client */;
/*!50503 SET character_set_client = utf8mb4 */;
CREATE TABLE `roles` (
  `id` bigint(20) unsigned NOT NULL AUTO_INCREMENT,
  `name` varchar(255) NOT NULL,
  `guard_name` varchar(255) NOT NULL,
  `created_at` timestamp NULL DEFAULT NULL,
  `updated_at` timestamp NULL DEFAULT NULL,
  PRIMARY KEY (`id`),
  UNIQUE KEY `roles_name_guard_name_unique` (`name`,`guard_name`)
) ENGINE=InnoDB AUTO_INCREMENT=4 DEFAULT CHARSET=utf8mb4 COLLATE=utf8mb4_unicode_ci;
/*!40101 SET character_set_client = @saved_cs_client */;

--
-- Dumping data for table `roles`
--

LOCK TABLES `roles` WRITE;
/*!40000 ALTER TABLE `roles` DISABLE KEYS */;
INSERT INTO `roles` VALUES (1,'admin','web','2025-02-24 19:55:41','2025-02-24 19:55:41'),(2,'juez','web','2025-02-24 19:55:41','2025-02-24 19:55:41'),(3,'participante','web','2025-02-24 19:55:41','2025-02-24 19:55:41');
/*!40000 ALTER TABLE `roles` ENABLE KEYS */;
UNLOCK TABLES;

--
-- Table structure for table `rondas`
--

DROP TABLE IF EXISTS `rondas`;
/*!40101 SET @saved_cs_client     = @@character_set_client */;
/*!50503 SET character_set_client = utf8mb4 */;
CREATE TABLE `rondas` (
  `id` bigint(20) unsigned NOT NULL AUTO_INCREMENT,
  `nombre` varchar(100) DEFAULT NULL,
  PRIMARY KEY (`id`)
) ENGINE=InnoDB AUTO_INCREMENT=5 DEFAULT CHARSET=utf8mb4 COLLATE=utf8mb4_unicode_ci;
/*!40101 SET character_set_client = @saved_cs_client */;

--
-- Dumping data for table `rondas`
--

LOCK TABLES `rondas` WRITE;
/*!40000 ALTER TABLE `rondas` DISABLE KEYS */;
INSERT INTO `rondas` VALUES (1,'Clasificación'),(2,'Cuartos de final'),(3,'Semifinales'),(4,'Final');
/*!40000 ALTER TABLE `rondas` ENABLE KEYS */;
UNLOCK TABLES;

--
-- Table structure for table `rondas_competiciones`
--

DROP TABLE IF EXISTS `rondas_competiciones`;
/*!40101 SET @saved_cs_client     = @@character_set_client */;
/*!50503 SET character_set_client = utf8mb4 */;
CREATE TABLE `rondas_competiciones` (
  `id` bigint(20) unsigned NOT NULL AUTO_INCREMENT,
  `competicion_id` bigint(20) unsigned NOT NULL,
  `ronda_id` bigint(20) unsigned NOT NULL,
  `orden` int(11) NOT NULL,
  `doble_heat` tinyint(1) NOT NULL DEFAULT 0,
  PRIMARY KEY (`id`),
  KEY `rondas_competiciones_competicion_id_foreign` (`competicion_id`),
  KEY `rondas_competiciones_ronda_id_foreign` (`ronda_id`),
  CONSTRAINT `rondas_competiciones_competicion_id_foreign` FOREIGN KEY (`competicion_id`) REFERENCES `competiciones` (`id`) ON DELETE CASCADE,
  CONSTRAINT `rondas_competiciones_ronda_id_foreign` FOREIGN KEY (`ronda_id`) REFERENCES `rondas` (`id`) ON DELETE CASCADE
) ENGINE=InnoDB AUTO_INCREMENT=52 DEFAULT CHARSET=utf8mb4 COLLATE=utf8mb4_unicode_ci;
/*!40101 SET character_set_client = @saved_cs_client */;

--
-- Dumping data for table `rondas_competiciones`
--

LOCK TABLES `rondas_competiciones` WRITE;
/*!40000 ALTER TABLE `rondas_competiciones` DISABLE KEYS */;
INSERT INTO `rondas_competiciones` VALUES (1,1,2,3,1),(2,1,3,2,0),(3,1,4,1,0),(4,2,2,3,1),(5,2,3,2,0),(6,2,4,1,0),(7,3,1,4,1),(8,3,2,3,0),(9,3,3,2,0),(10,3,4,1,0),(11,4,1,4,1),(12,4,2,3,0),(13,4,3,2,0),(14,4,4,1,0),(15,5,2,3,1),(16,5,3,2,0),(17,5,4,1,0),(18,6,1,4,1),(19,6,2,3,0),(20,6,3,2,0),(21,6,4,1,0),(22,7,2,3,1),(23,7,3,2,0),(24,7,4,1,0),(25,8,1,4,1),(26,8,2,3,0),(27,8,3,2,0),(28,8,4,1,0),(29,9,1,4,1),(30,9,2,3,0),(31,9,3,2,0),(32,9,4,1,0),(33,10,2,3,1),(34,10,3,2,0),(35,10,4,1,0),(36,11,2,3,1),(37,11,3,2,0),(38,11,4,1,0),(39,12,4,1,0),(40,13,4,1,0),(41,14,2,3,1),(42,14,3,2,0),(43,14,4,1,0),(44,15,1,4,1),(45,15,2,3,0),(46,15,3,2,0),(47,15,4,1,0),(48,16,1,4,1),(49,16,2,3,0),(50,16,3,2,0),(51,16,4,1,0);
/*!40000 ALTER TABLE `rondas_competiciones` ENABLE KEYS */;
UNLOCK TABLES;

--
-- Table structure for table `tandas`
--

DROP TABLE IF EXISTS `tandas`;
/*!40101 SET @saved_cs_client     = @@character_set_client */;
/*!50503 SET character_set_client = utf8mb4 */;
CREATE TABLE `tandas` (
  `id` bigint(20) unsigned NOT NULL AUTO_INCREMENT,
  `ronda_id` bigint(20) unsigned NOT NULL,
  `subheat` enum('A','B') DEFAULT NULL,
  `numero_competidores` int(11) NOT NULL DEFAULT 30,
  `numero_pepitas` int(11) DEFAULT NULL,
  `patrocinador_id` bigint(20) unsigned DEFAULT NULL,
  `valida` tinyint(1) NOT NULL DEFAULT 1,
  `publicada` tinyint(1) NOT NULL DEFAULT 0,
  PRIMARY KEY (`id`),
  KEY `tandas_ronda_id_foreign` (`ronda_id`),
  KEY `tandas_patrocinador_id_foreign` (`patrocinador_id`),
  CONSTRAINT `tandas_patrocinador_id_foreign` FOREIGN KEY (`patrocinador_id`) REFERENCES `patrocinadores` (`id`) ON DELETE CASCADE,
  CONSTRAINT `tandas_ronda_id_foreign` FOREIGN KEY (`ronda_id`) REFERENCES `rondas_competiciones` (`id`) ON DELETE CASCADE
) ENGINE=InnoDB AUTO_INCREMENT=191 DEFAULT CHARSET=utf8mb4 COLLATE=utf8mb4_unicode_ci;
/*!40101 SET character_set_client = @saved_cs_client */;

--
-- Dumping data for table `tandas`
--

LOCK TABLES `tandas` WRITE;
/*!40000 ALTER TABLE `tandas` DISABLE KEYS */;
INSERT INTO `tandas` VALUES (1,7,'A',30,7,3,1,1),(2,7,'B',30,7,3,1,1),(3,7,'A',30,6,2,1,1),(4,7,'B',30,6,4,1,1),(5,7,'A',30,8,5,1,1),(6,7,'B',30,7,6,1,1),(7,7,'A',30,6,6,1,1),(8,7,'B',30,7,6,1,1),(9,7,'A',30,7,3,1,1),(10,7,'B',30,7,1,1,1),(11,48,'A',30,6,2,1,1),(12,48,'B',30,7,6,1,1),(13,48,'A',30,6,4,1,1),(14,48,'B',30,8,4,1,1),(15,48,'A',30,6,5,1,1),(16,48,'B',30,6,3,1,1),(17,48,'A',30,8,2,1,1),(18,48,'B',30,8,4,1,1),(19,48,'A',30,8,4,1,1),(20,48,'B',30,6,1,1,1),(21,25,'A',30,8,4,1,1),(22,25,'B',30,6,4,1,1),(23,25,'A',30,8,3,1,1),(24,25,'B',30,7,5,1,1),(25,25,'A',30,6,2,1,1),(26,25,'B',30,8,4,1,1),(27,25,'A',30,6,3,1,1),(28,25,'B',30,6,4,1,1),(29,25,'A',30,7,2,1,1),(30,25,'B',30,8,1,1,1),(31,18,'A',30,7,1,1,1),(32,18,'B',30,6,3,1,1),(33,18,'A',30,6,1,1,1),(34,18,'B',30,8,3,1,1),(35,18,'A',30,6,1,1,1),(36,18,'B',30,8,2,1,1),(37,18,'A',30,6,3,1,1),(38,18,'B',30,8,5,1,1),(39,18,'A',30,6,3,1,1),(40,18,'B',30,8,2,1,1),(41,11,'A',30,7,1,1,1),(42,11,'B',30,7,4,1,1),(43,11,'A',30,8,6,1,1),(44,11,'B',30,6,2,1,1),(45,11,'A',30,8,5,1,1),(46,11,'B',30,8,4,1,1),(47,11,'A',30,7,5,1,1),(48,11,'B',30,8,3,1,1),(49,11,'A',30,8,6,1,1),(50,11,'B',30,6,5,1,1),(51,44,'A',30,6,3,1,1),(52,44,'B',30,6,2,1,1),(53,44,'A',30,7,6,1,1),(54,44,'B',30,8,6,1,1),(55,44,'A',30,7,4,1,1),(56,44,'B',30,7,1,1,1),(57,44,'A',30,7,1,1,1),(58,44,'B',30,8,2,1,1),(59,44,'A',30,6,4,1,1),(60,44,'B',30,6,2,1,1),(61,29,'A',30,6,3,1,1),(62,29,'B',30,6,4,1,1),(63,29,'A',30,6,6,1,1),(64,29,'B',30,8,3,1,1),(65,29,'A',30,8,1,1,1),(66,29,'B',30,6,5,1,1),(67,29,'A',30,7,1,1,1),(68,29,'B',30,7,2,1,1),(69,29,'A',30,8,6,1,1),(70,29,'B',30,6,5,1,1),(71,22,'A',23,8,5,1,1),(72,22,'B',23,8,3,1,1),(73,22,'A',23,6,5,1,1),(74,22,'B',23,6,1,1,1),(75,22,'A',22,8,1,1,1),(76,22,'B',22,8,1,1,1),(77,30,'A',30,6,6,1,1),(78,30,'A',30,7,4,1,1),(79,30,'A',30,6,3,1,1),(80,30,'A',30,8,4,1,1),(81,15,'A',29,8,6,1,1),(82,15,'B',29,7,5,1,1),(83,15,'A',28,7,5,1,1),(84,15,'B',28,6,3,1,1),(85,15,'A',28,6,4,1,1),(86,15,'B',28,6,2,1,1),(87,8,'A',30,8,3,1,1),(88,8,'A',30,8,4,1,1),(89,8,'A',30,8,5,1,1),(90,8,'A',30,7,2,1,1),(91,1,'A',27,7,3,1,1),(92,1,'B',27,6,2,1,1),(93,1,'A',26,7,2,1,1),(94,1,'B',26,7,1,1,1),(95,1,'A',26,6,3,1,1),(96,1,'B',26,7,5,1,1),(97,33,'A',26,6,4,1,1),(98,33,'B',26,7,3,1,1),(99,33,'A',26,7,2,1,1),(100,33,'B',26,6,6,1,1),(101,33,'A',26,7,4,1,1),(102,33,'B',26,7,6,1,1),(103,41,'A',25,6,5,1,1),(104,41,'B',25,7,3,1,1),(105,41,'A',24,7,3,1,1),(106,41,'B',24,6,1,1,1),(107,41,'A',24,6,5,1,1),(108,41,'B',24,7,1,1,1),(109,41,'A',24,6,1,1,1),(110,41,'B',24,6,4,1,1),(111,49,'A',30,7,1,1,1),(112,49,'A',30,6,4,1,1),(113,49,'A',30,8,3,1,1),(114,49,'A',30,7,5,1,1),(115,26,'A',30,6,3,1,1),(116,26,'A',30,8,6,1,1),(117,26,'A',30,6,3,1,1),(118,26,'A',30,6,6,1,1),(119,19,'A',30,7,6,1,1),(120,19,'A',30,6,3,1,1),(121,19,'A',30,8,2,1,1),(122,19,'A',30,7,6,1,1),(123,4,'A',26,8,3,1,1),(124,4,'B',26,7,1,1,1),(125,4,'A',26,7,3,1,1),(126,4,'B',26,7,1,1,1),(127,4,'A',25,7,3,1,1),(128,4,'B',25,6,3,1,1),(129,4,'A',25,7,4,1,1),(130,4,'B',25,6,1,1,1),(131,12,'A',30,7,5,1,1),(132,12,'A',30,7,6,1,1),(133,12,'A',30,7,6,1,1),(134,12,'A',30,8,3,1,1),(135,36,'A',25,8,1,1,1),(136,36,'B',25,8,3,1,1),(137,36,'A',25,6,5,1,1),(138,36,'B',25,7,4,1,1),(139,36,'A',25,7,2,1,1),(140,36,'B',25,7,2,1,1),(141,36,'A',25,7,5,1,1),(142,36,'B',25,7,3,1,1),(143,45,'A',30,8,3,1,1),(144,45,'A',30,6,2,1,1),(145,45,'A',30,8,4,1,1),(146,45,'A',30,8,6,1,1),(147,46,'A',30,6,5,1,1),(148,46,'A',30,7,6,1,1),(149,23,'A',30,6,3,1,1),(150,23,'A',30,6,1,1,1),(151,31,'A',30,6,1,1,1),(152,31,'A',30,7,1,1,1),(153,16,'A',30,6,2,1,1),(154,16,'A',30,7,2,1,1),(155,9,'A',30,7,6,1,1),(156,9,'A',30,7,4,1,1),(157,2,'A',30,7,2,1,1),(158,2,'A',30,6,1,1,1),(159,34,'A',30,7,3,1,1),(160,34,'A',30,6,6,1,1),(161,42,'A',30,7,1,1,1),(162,42,'A',30,8,3,1,1),(163,50,'A',30,6,3,1,1),(164,50,'A',30,6,2,1,1),(165,27,'A',30,6,3,1,1),(166,27,'A',30,7,5,1,1),(167,20,'A',30,7,4,1,1),(168,20,'A',30,7,4,1,1),(169,5,'A',30,8,2,1,1),(170,5,'A',30,8,3,1,1),(171,13,'A',30,8,2,1,1),(172,13,'A',30,6,4,1,1),(173,37,'A',30,6,6,1,1),(174,37,'A',30,6,2,1,1),(175,6,'A',30,8,6,1,1),(176,14,'A',30,7,4,1,1),(177,38,'A',30,8,4,1,1),(178,39,'A',25,8,4,1,1),(179,47,'A',30,8,3,1,1),(180,24,'A',30,6,4,1,1),(181,32,'A',30,7,4,1,1),(182,40,'A',16,7,6,1,1),(183,17,'A',30,8,2,1,1),(184,10,'A',30,7,5,1,1),(185,3,'A',30,6,2,1,1),(186,35,'A',30,7,1,1,1),(187,43,'A',30,7,4,1,1),(188,51,'A',30,6,5,1,1),(189,28,'A',30,7,6,1,1),(190,21,'A',30,7,2,1,1);
/*!40000 ALTER TABLE `tandas` ENABLE KEYS */;
UNLOCK TABLES;

--
-- Table structure for table `usuarios`
--

DROP TABLE IF EXISTS `usuarios`;
/*!40101 SET @saved_cs_client     = @@character_set_client */;
/*!50503 SET character_set_client = utf8mb4 */;
CREATE TABLE `usuarios` (
  `id` bigint(20) unsigned NOT NULL AUTO_INCREMENT,
  `nombre` varchar(255) NOT NULL,
  `apellidos` varchar(255) DEFAULT NULL,
  `direccion` varchar(255) DEFAULT NULL,
  `codigo_postal` varchar(255) DEFAULT NULL,
  `localidad` varchar(255) DEFAULT NULL,
  `provincia` varchar(255) DEFAULT NULL,
  `pais` varchar(255) DEFAULT NULL,
  `telefono` varchar(255) NOT NULL,
  `email` varchar(255) NOT NULL,
  `email_verified_at` timestamp NULL DEFAULT NULL,
  `password` varchar(255) NOT NULL,
  `remember_token` varchar(100) DEFAULT NULL,
  PRIMARY KEY (`id`),
  UNIQUE KEY `usuarios_email_unique` (`email`)
) ENGINE=InnoDB AUTO_INCREMENT=307 DEFAULT CHARSET=utf8mb4 COLLATE=utf8mb4_unicode_ci;
/*!40101 SET character_set_client = @saved_cs_client */;

--
-- Dumping data for table `usuarios`
--

LOCK TABLES `usuarios` WRITE;
/*!40000 ALTER TABLE `usuarios` DISABLE KEYS */;
INSERT INTO `usuarios` VALUES (1,'admin','','Camiño Jesús, 17, Bajo 2º, 35695, Los Lázaro','12945','Los Benavídez de la Sierra','Burgos','Austria','+34 905 588599','admin@panaurum.com','2025-02-24 19:55:41','$2y$12$S91ZKDFGPOLyM8PFKQScauMPJzagj.BR0HtWRBG5WMqFiqVNFNIBC','vWqkVEePtp'),(2,'juez1','','Travesía Salinas, 9, 49º C, 55663, Los Matías','76700','Andreu del Penedès','Almería','Noruega','968485829','juez1@panaurum.com','2025-02-24 19:55:42','$2y$12$cmwUcRYrjLT3xp0pauePYeufSa6NQkl7eXd5KMcjjwfzqKF.ilOme','lOruBgEr7X'),(3,'juez2','','Plaza Yolanda, 549, 11º C, 13058, As Riera Medio','28093','A Cervantes','Cuenca','Panamá','+34 951-915750','juez2@panaurum.com','2025-02-24 19:55:42','$2y$12$QakQgec/IDbkanvQJoEU4.RxQM6KEIEzgk1kGtWo2zpbbcvDy./xG','hqEJoBPsRu'),(4,'juez3','','Camino Martín, 565, 8º C, 24752, As Piñeiro','02041','Esparza Medio','Asturias','Islas Salomón','+34 970503204','juez3@panaurum.com','2025-02-24 19:55:42','$2y$12$lp5REm4TQunGKLNZSvhIdeqfiVY3hWUP1z1Ak/CKYsjWoZbOjgnza','EL2tPNMC99'),(5,'juez4','','Calle Saldivar, 296, 4º D, 70223, Curiel del Barco','55285','El Guardado de la Sierra','Soria','República Dominicana','+34 967-345974','juez4@panaurum.com','2025-02-24 19:55:42','$2y$12$OpOt8MRC5CZI.X4Og1Qa1.BIjcatRdXa88NIB7riLXbF3HJd9JNj2','HwSv8JFFYv'),(6,'juez5','','Calle Vaca, 859, 1º 7º, 36266, El Tapia','62043','Las Zaragoza del Pozo','Castellón','Reino Unido de Gran Bretaña e Irlanda del Norte','967 25 4399','juez5@panaurum.com','2025-02-24 19:55:43','$2y$12$D6JGGS7FdOyFmfBrEf7YneEFX4/XCrHqmLYXo.JT8hGV5uLQ4eJAK','IyHHgMHIAV'),(7,'participante1','','Avenida Rosario, 29, 2º E, 71466, El Alcala del Penedès','13173','Los Velázquez','Guadalajara','Nicaragua','978 10 9008','participante1@panaurum.com','2025-02-24 19:55:43','$2y$12$PzWN/zfmg2tEa0SofE.x4.75Q6mxDD47NLbuSF8Z3zQvv1.pHOAzm','KqWx42D9oW'),(8,'participante2','','Plaza Linares, 59, 20º A, 90669, Os Tamez del Bages','19144','La Salas','Asturias','Senegal','900200157','participante2@panaurum.com','2025-02-24 19:55:43','$2y$12$rPKWuGKrW8WSpx6IEe9WteZdCyGZgdVckWlmPh3pVkQNaGf1HvY9K','qwf35jShq0'),(9,'participante3','','Avenida Ander, 35, 1º B, 80561, Manzanares del Pozo','11470','Sedillo de Arriba','La Rioja','Israel','+34 985065213','participante3@panaurum.com','2025-02-24 19:55:43','$2y$12$Vu8zEwmgrfKJglkjC/Kj8OzI190H0TArTqr0jrk0hzmHAvjanwZ3i','tjGpGFZlwK'),(10,'participante4','','Avenida Luis, 798, 5º F, 29955, Ríos del Barco','17440','O Terrazas Baja','Melilla','España','972-025331','participante4@panaurum.com','2025-02-24 19:55:43','$2y$12$QkPLYnznvqHa87QbA6yEQO.bKJuqV.6tNjsu99wnC8aBgMSeM08.S','qbb0GXo3VI'),(11,'participante5','','Travesía Pedroza, 725, 3º B, 64014, Vall Rivas','73463','As Cisneros de San Pedro','Tarragona','Yibuti','966 39 4099','participante5@panaurum.com','2025-02-24 19:55:44','$2y$12$nJHvUHebBtUDeOaZFW3ST.18GfxCM12Pmjo5L8Nzb76CF7uJw4G7u','GyDEhHtPR1'),(12,'participante6','','Plaça Tello, 433, Bajo 2º, 12347, Villa Henríquez','15092','Vall Collazo de Ulla','Vizcaya','Vanuatu','+34 979 05 3975','participante6@panaurum.com','2025-02-24 19:55:44','$2y$12$RpB4wNvtrmhJJnDDj7cnY.pRIxgQFY/bLJw8b4HruGACxqTqYRTDq','OAWfJ7oqy3'),(13,'participante7','','Avinguda Francisco, 28, 23º A, 99109, Los Morán','35932','Villa Correa','Vizcaya','Japón','976-54-0768','participante7@panaurum.com','2025-02-24 19:55:44','$2y$12$UxeNILQ/sKBkAdwm0w93yOA06Ou3qkcyTEp.idSnySEo2GRBmGVXW','CsYoxR5Otq'),(14,'participante8','','Rúa Francisca, 41, 3º D, 42371, As Sauceda','89899','Prieto del Pozo','Cádiz','Barbados','+34 942146754','participante8@panaurum.com','2025-02-24 19:55:44','$2y$12$R7dR7yXzK7P9wP9pFD.x0.zSM9C5kRXxfctmBeEcsvMqlIe4rYwvC','P38guILCfL'),(15,'participante9','','Avenida Fernando, 66, Entre suelo 6º, 06378, San Munguía','59299','As Luna del Pozo','Huelva','Kiribati','+34 958 328802','participante9@panaurum.com','2025-02-24 19:55:44','$2y$12$FEtkJjqZrADZG8yuUXTK9.mD6PafWE5UDtd1N5R5ea.pfGNPgl4TS','3WpEUxrztg'),(16,'participante10','','Ruela Mario, 79, 75º E, 02855, Castaño de Ulla','88602','Delgadillo del Puerto','Lleida','Grecia','+34 930 87 3045','participante10@panaurum.com','2025-02-24 19:55:45','$2y$12$EV5B0MEDcYlMdolcLR1iSuM0PkUGF6HkTjCOcCCHS8bnJLJ8yGN7u','gTfZt13fGT'),(17,'participante11','','Avinguda Manuel, 216, 84º A, 91922, Villa Osorio del Penedès','11316','L\' Portillo','La Rioja','Malaui','956 265509','participante11@panaurum.com','2025-02-24 19:55:45','$2y$12$FcDJFr4zzZpw5VoRErThzOAa1Ebqs6/Ed9ogT64pkkMQJloMAy2Cu','Ds1ndUe7nR'),(18,'participante12','','Carrer Barela, 27, 69º F, 17044, O Almanza de Arriba','75805','La Alva','Guipuzkoa','San Vicente y las Granadinas','+34 946-45-6953','participante12@panaurum.com','2025-02-24 19:55:45','$2y$12$l2DTiORnWaSW6Y8VrokPteHMpVjTcXYPV7HKVQne/5y/yJnP.zMuO','4ewwkGTyFI'),(19,'participante13','','Avenida Lucía, 9, Bajo 4º, 83107, Los Márquez','55162','Los Montoya del Puerto','Málaga','Guinea-Bisáu','+34 902105075','participante13@panaurum.com','2025-02-24 19:55:45','$2y$12$YBUPw1Xsq7jhTOLA8mJo/.eYxGWSnpyIwMuoYiOL5bYvSetzqopbC','Q7nB6bmUas'),(20,'participante14','','Ronda Jan, 88, Ático 6º, 17187, Zapata de San Pedro','12988','Os Centeno del Bages','Pontevedra','Bután','+34 981962674','participante14@panaurum.com','2025-02-24 19:55:45','$2y$12$/FqtpNHYkAuBUlzFILeMdOKl/cxmujoK9QUH2k5neAJiGBbSWXPm.','ovOgZEdXue'),(21,'participante15','','Passeig Gonzalo, 6, 8º, 17657, Valverde de la Sierra','95947','San Fonseca del Penedès','Lugo','Bélgica','928-263537','participante15@panaurum.com','2025-02-24 19:55:46','$2y$12$gabGpl1WY36EUfBlgUfWyO2qkdx5YKh0Z3jQTvpdKLm7X618gg9xW','C6o0qd53N1'),(22,'participante16','','Paseo Gerard, 4, Bajos, 67943, O Portillo Alta','24498','L\' Riojas','Burgos','Birmania','951-780837','participante16@panaurum.com','2025-02-24 19:55:46','$2y$12$uHaYOsxd0q8g8XEVydQL5uZ0b73j2SPYZzJR1i26M8Fq2H7IDasOq','yIA9OwSPI1'),(23,'participante17','','Avinguda Delafuente, 691, 6º, 89966, Rosado de Lemos','52273','O Mascareñas','Teruel','Belice','935 16 8271','participante17@panaurum.com','2025-02-24 19:55:46','$2y$12$6D1v8MRAIrDIf5tJKxDPpuZb.7f5XKeS56ghPXVUgUq3iLTp15PV6','wMkchknAZt'),(24,'participante18','','Avenida Jon, 7, Bajo 2º, 08040, Villa Abreu','22003','O Girón de la Sierra','Girona','Egipto','+34 921 012485','participante18@panaurum.com','2025-02-24 19:55:46','$2y$12$mXTmasmS3I4p0H4q4jYq1.3/S8XBaIiH0gsDeFGoawHMIGb7gkFaG','JzUGYSV15h'),(25,'participante19','','Calle Gracia, 791, 1º D, 29622, Hernándes de las Torres','61917','L\' Lara del Bages','Madrid','Tailandia','+34 975 969442','participante19@panaurum.com','2025-02-24 19:55:46','$2y$12$4Afk62TphzlVniAf2WP15u0ZKuY7WAyTRSmczkmSgJDnNwzIyJX8e','TZLHLXQv9J'),(26,'participante20','','Avinguda Esteve, 49, 53º F, 89085, Los Juárez','87033','Vall Anaya del Vallès','Ourense','Pakistán','998-119712','participante20@panaurum.com','2025-02-24 19:55:47','$2y$12$z1SAAivaNuPEbvOWUSRH3ORSh7wktFHZg8rIe46GbgE0.vYiiIXk.','jFCzobXdvD'),(27,'participante21','','Ronda Ramírez, 57, 75º A, 14200, Soto de San Pedro','55613','Miguel de Lemos','Barcelona','República Dominicana','979-32-6005','participante21@panaurum.com','2025-02-24 19:55:47','$2y$12$yXEx2qLM5TiDx0omkScUc.5Apw6RhvbxkRAjSwOsdwHB7EIj2kluO','V9jgecKXc9'),(28,'participante22','','Avenida Zoe, 9, 2º B, 28842, San Silva','20428','Zapata del Bages','Huelva','Ecuador','947 57 0945','participante22@panaurum.com','2025-02-24 19:55:47','$2y$12$lVvKfvWrWfJaz7cxvrFn0euRD2j4ft0/nLTwP5OUPXPzeNFGzJ986','rKYrTmTJCn'),(29,'participante23','','Paseo Esther, 375, 7º, 36528, Las Ibarra del Mirador','33550','López Baja','Palencia','San Cristóbal y Nieves','935 85 3175','participante23@panaurum.com','2025-02-24 19:55:47','$2y$12$F2Jnv5eNJnpjP2Vvn.iRPuiCQwF7tB49gbW93HRWTtXXm5KsTt8VG','AGvvGbwleP'),(30,'participante24','','Camiño Ignacio, 455, 9º D, 29946, Las Romero Alta','00678','Las Godínez del Penedès','Valencia','Lesoto','+34 927-43-5817','participante24@panaurum.com','2025-02-24 19:55:47','$2y$12$GHRP5q7yxegBwjgPqMBi0utCykZcEdD9RBcabtaigoTYnHb3rGaUe','IkucBmpkMr'),(31,'participante25','','Travessera Solano, 9, 84º 3º, 46066, El Castañeda del Barco','00555','San Millán del Mirador','Jaén','Guyana','+34 950 542628','participante25@panaurum.com','2025-02-24 19:55:48','$2y$12$pMYQc3b6zh09XVSLztbM2.JPu7ubVilahVpyZolOy5jd0rGCRUDQa','3sSP9vfBKj'),(32,'participante26','','Avinguda Ruíz, 1, 91º 6º, 13157, La Vidal de San Pedro','43736','Valdivia Alta','Ceuta','Bielorrusia','933 23 7325','participante26@panaurum.com','2025-02-24 19:55:48','$2y$12$Cy0FVWwIM.e4ZgEdXNJw8urqBZH9aJdWrMqxUxagZmpJ0gjasuNUO','9h9f9Ntgbp'),(33,'participante27','','Ronda Josefa, 214, 17º A, 61513, L\' Solano Medio','65085','Vergara Baja','Santa Cruz de Tenerife','Camboya','+34 936 831095','participante27@panaurum.com','2025-02-24 19:55:48','$2y$12$jw2T.XIvWqIuLom/y8ubXetDYwXIfVeVsDs99SfZGN2GRo27OGvSS','062XBu0awL'),(34,'participante28','','Avinguda Solorzano, 358, 36º E, 67268, Villa Anguiano','18050','Valdivia de Lemos','Burgos','Santo Tomé y Príncipe','970 806254','participante28@panaurum.com','2025-02-24 19:55:48','$2y$12$VjmP637ZsdCGLux4M4mYi.Yc86d8E44aZ7eS.HD.D.LZzxkJwKj52','nVCT7D1hNG'),(35,'participante29','','Calle Ángeles, 82, Bajos, 80493, La Urías Medio','58814','O Maya del Mirador','León','Honduras','923 749106','participante29@panaurum.com','2025-02-24 19:55:49','$2y$12$cqU3Nq1Tgu1o4ZFC6IvxS.Uq/6B/iDOSGzPjx2e4KFHNtvJMAYLIu','akbKfgvfzI'),(36,'participante30','','Praza Juana, 414, 20º F, 56301, Vall Roybal de Lemos','83205','Os Campos','Toledo','Perú','+34 930-39-7626','participante30@panaurum.com','2025-02-24 19:55:49','$2y$12$F1J5xGq6E2B0FY.Mrb7bceCkKzFnZdxZNr/8Or1gRhFVP3OBWKtwW','l2YHPnywGK'),(37,'participante31','','Ronda Guerra, 9, 0º E, 91815, Arias de Ulla','75203','Botello del Penedès','Las Palmas','Azerbaiyán','+34 902-36-0786','participante31@panaurum.com','2025-02-24 19:55:49','$2y$12$ui/y5G1lhCaXzMOZp/o.pO7v0tvuYkoMtmmGrpiLShPfBsdKFBqM.','UaLinEV3DL'),(38,'participante32','','Rúa Vaca, 96, 69º B, 48651, Ulloa de San Pedro','59189','Las Zapata','Badajoz','Mali','943-69-3802','participante32@panaurum.com','2025-02-24 19:55:49','$2y$12$EYvSQnZueWXtZOozxaJlNObO2NR0ExhUbnp9PufmwYYJDR.NPWOXK','2NINlCuBO5'),(39,'participante33','','Carrer Castro, 12, Bajos, 40534, Los Duarte','69366','Roig del Vallès','Salamanca','Kazajistán','992 796509','participante33@panaurum.com','2025-02-24 19:55:49','$2y$12$Sfd.8AYFZnObG5sOYyllXufht4xM0aNnSRHpY5510/c2f4R/JGoLy','PsrEGOpNrc'),(40,'participante34','','Avinguda Aitor, 9, 9º E, 03230, A Peña del Penedès','85154','Vargas Medio','La Rioja','Trinidad y Tobago','998527535','participante34@panaurum.com','2025-02-24 19:55:50','$2y$12$ULUXnzG2asTnbtRHsrecCuKgmlxNxN78hIwueVvlUNfvyhkYT39d2','h1rFKiQEyT'),(41,'participante35','','Ruela Antonia, 4, 9º E, 18353, As Navarro del Mirador','42434','As Mora','Segovia','Kirguistán','998-00-6573','participante35@panaurum.com','2025-02-24 19:55:50','$2y$12$ArcKaMfqEiJXMvpblbv6BuHUdDhACKCu8BopULoo/6AIRWQhBeGkq','TSUNpuPkh8'),(42,'participante36','','Travesía Natalia, 2, 03º B, 25061, Las Collado','96026','Andrés del Pozo','Pontevedra','Surinam','+34 941316446','participante36@panaurum.com','2025-02-24 19:55:50','$2y$12$2fAbLq4jlQCk9zhc4i3qzuHUJ4Ym1Zw8x3I820koXCGN/xVZ3oNzW','iC7eqlFRPI'),(43,'participante37','','Praza Adriana, 9, 10º A, 44772, Arteaga Baja','78862','Vall Oliver de San Pedro','Soria','Mauritania','+34 945508692','participante37@panaurum.com','2025-02-24 19:55:50','$2y$12$Lshh0ED8BX/OzA6awPQIVOgKUmAe7NNYZMmb4XPNc3xCKjM7cMVHS','KzeSwwtd7w'),(44,'participante38','','Avenida Biel, 949, 1º B, 31161, A Riojas de la Sierra','62284','Las Escribano de Lemos','Teruel','Argentina','+34 900 42 2202','participante38@panaurum.com','2025-02-24 19:55:50','$2y$12$Y.taK3isvmIH/OeVFa/raOSqm90s4sTFSj0bnpV/hpa32cz2OepJq','7vsjrozq4e'),(45,'participante39','','Camiño Luisa, 1, 9º A, 41950, Os Saucedo del Mirador','11870','El Gámez','Salamanca','Líbano','901115848','participante39@panaurum.com','2025-02-24 19:55:51','$2y$12$LPjCVnYEVg7RXYbnW.Qgpuy03O4cRXKJUk8F.CcZDNa3OnUecUpF6','mMwPiCMy1t'),(46,'participante40','','Paseo Josefa, 2, 3º C, 51278, Otero del Mirador','59867','Luján del Barco','Granada','Guinea-Bisáu','948 795804','participante40@panaurum.com','2025-02-24 19:55:51','$2y$12$X4HGMk9zaahNsPpgO1Ypy.AtDkHs4yf31RwvIRsKDKoGugBVLRIUG','zoKeH7tzjC'),(47,'participante41','','Avenida Luis, 5, 68º C, 43131, Delao Alta','54813','San Ybarra','Navarra','Estonia','+34 917518260','participante41@panaurum.com','2025-02-24 19:55:51','$2y$12$LQCf/ayWc7Z3Otn29iQtb.hazQ1Berp12qOw4Aw/IO/aoTSWALewa','13EgEPqYhH'),(48,'participante42','','Plaça Solano, 46, 0º A, 15645, Arce Medio','64145','Os Zarate de San Pedro','Sevilla','Estados Unidos de América','+34 956 611346','participante42@panaurum.com','2025-02-24 19:55:51','$2y$12$LwDPhGQMIslR1FmNoK2MZe7u2WqSmIpAIITfQ/Emrh5dLJAb6AY3O','puYRsb6uus'),(49,'participante43','','Avenida Grijalva, 44, Bajo 8º, 64190, A Armijo del Bages','63050','El Espinoza','Ceuta','Jamaica','920 504658','participante43@panaurum.com','2025-02-24 19:55:51','$2y$12$DgLalzSKffx5akgB4VfjT.LrHr2lc8e9XN6NH51JrggxGFr0cabXO','wFAOTquald'),(50,'participante44','','Avenida Lomeli, 76, 28º B, 70210, O Cuellar del Vallès','81855','Ros del Pozo','Álava','Liberia','937-147573','participante44@panaurum.com','2025-02-24 19:55:52','$2y$12$nA.deiS.JDEgxtHWdYj0Bu5kvv0.9C/vsyRszEr.s/wR.wGk9XQeW','7Zm3ysZimM'),(51,'participante45','','Paseo Gabriela, 5, 49º B, 95352, Villa Expósito Baja','49928','Vall Robles','Pontevedra','Yibuti','+34 944-079837','participante45@panaurum.com','2025-02-24 19:55:52','$2y$12$0fR906EpuTbaZXEeqJkpDOpbeAL3slkU1xboVm9mP1cvB9VVfgrrW','pi134sF2EI'),(52,'participante46','','Travessera Esparza, 155, Bajos, 38181, Plaza Alta','51364','San Castañeda','Huelva','Malta','+34 995 205405','participante46@panaurum.com','2025-02-24 19:55:52','$2y$12$LTzXmcJ4VO217Thuh4NlpuJAYFyHhS/VCWjqGh/aSrAn9c.IJAWa6','HfLT6Z8RzC'),(53,'participante47','','Plaza Zaragoza, 5, 3º A, 67286, Os Zambrano Alta','64164','La Ornelas','Girona','Sudán','+34 978-07-8184','participante47@panaurum.com','2025-02-24 19:55:52','$2y$12$deRAfXJzXNty6DCYmPbQoeg37a60/I4r.y6dpvmRSQDF6FYwEJQCG','KicKNUl997'),(54,'participante48','','Plaza Elena, 73, 0º F, 35002, Carbonell de San Pedro','50367','Bañuelos Baja','Navarra','Armenia','+34 976614205','participante48@panaurum.com','2025-02-24 19:55:52','$2y$12$9yzEYlGWYdkX3/4Up2iLhu1M2ypmmiiYDovcXtXA8dtoVof.FBfHu','9A4IVQ11G0'),(55,'participante49','','Calle Maya, 6, Bajos, 94333, Villa Reina del Bages','19517','Os Molina del Barco','Guadalajara','Gabón','991225941','participante49@panaurum.com','2025-02-24 19:55:53','$2y$12$UQ37Pxni..oiwXLRrXNOte8fHY4lHh2n5f4SZisQVgou69omhcqCe','Nq2VGCakeR'),(56,'participante50','','Camino Olivia, 28, 56º B, 43740, Cuesta Alta','81080','O Bonilla','Huesca','Sudáfrica','964 21 3432','participante50@panaurum.com','2025-02-24 19:55:53','$2y$12$kctrolYJCje4Ier5k4xS4us/Qf6zO4oOucGfWlA8Y5oVShZYGZ9mi','uHd4ZXbjqJ'),(57,'participante51','','Plaza Palomino, 780, 62º A, 17925, Olvera de Ulla','43142','El Nava del Penedès','Cádiz','Eslovaquia','+34 900-43-3990','participante51@panaurum.com','2025-02-24 19:55:53','$2y$12$XGpaoVEyT18q8dA5jzk8dOwl.4c5sByFYncreStwb2C6DUPKYdP1G','ZZ4UQFrN1H'),(58,'participante52','','Plaça García, 93, 5º F, 53834, Orozco de Ulla','90777','Cisneros Medio','Pontevedra','Islandia','991 07 6686','participante52@panaurum.com','2025-02-24 19:55:53','$2y$12$/jfgOdCdfEiRPohbWUkQIex2mnBWY3ADXoj7uP11DJQ5W2TGrIYSS','1AlYVqT9de'),(59,'participante53','','Passeig Silvia, 3, 4º B, 10006, O Casárez','59338','A Salvador','Lleida','Armenia','+34 993-366955','participante53@panaurum.com','2025-02-24 19:55:53','$2y$12$uaTFreDmVSzY4jdC3lscguKIlXePPlZBKaxun/XScva/XP2Z2CxWi','BfcQRTrKGr'),(60,'participante54','','Plaça Coronado, 9, 15º B, 09031, O Ramos Alta','47386','A Macías Baja','Madrid','Letonia','974-30-4645','participante54@panaurum.com','2025-02-24 19:55:54','$2y$12$VAt3uT1mw6dwuLj2RFH2muis1XLb9tKrH9Qbqnfm/VcORtypVNZ3.','XXNt4DmC7H'),(61,'participante55','','Ronda Claudia, 105, 53º B, 82718, Venegas del Barco','38731','Vélez de Lemos','Navarra','Moldavia','924-055863','participante55@panaurum.com','2025-02-24 19:55:54','$2y$12$Ri6Zl2gSr0CsUF0NV1/8Re/iGZzmc0Jqe8MSGmk6gl.j8jMHhrJqu','gp2K1JSx5w'),(62,'participante56','','Ronda Martí, 195, 66º D, 43216, San Bustos','97247','San Delgado Alta','Murcia','Afganistán','+34 959 441551','participante56@panaurum.com','2025-02-24 19:55:54','$2y$12$ANdLvVjFFILud/XJmDwIF.n7EO1vDbhbDZPn/GSSRnlO.Pk5y8XZO','aQjOuosdTF'),(63,'participante57','','Passeig Perales, 416, 5º 6º, 71360, San Alanis de la Sierra','04232','Vall Venegas del Penedès','Castellón','Brunéi Darusalam','911-84-6653','participante57@panaurum.com','2025-02-24 19:55:54','$2y$12$56T009CCpZJyFGX4XshQSuz0dqQc1XmNyb2Ecpgv9GBB6qTbnj9Ea','uQHBtKkk3N'),(64,'participante58','','Plaça Juana, 26, 51º 3º, 89520, San Valdivia','06594','Balderas de Ulla','Zaragoza','Malasia','+34 940-732343','participante58@panaurum.com','2025-02-24 19:55:54','$2y$12$pXrrFoPvS6iCGYGOIZiBTOSVAuzGMP4q7.jxVswefBAqztdv22zhm','TI1grv565m'),(65,'participante59','','Travessera Flores, 46, 0º F, 41577, Palomo Alta','00266','Los Benavídez de la Sierra','Asturias','Lituania','967-02-9392','participante59@panaurum.com','2025-02-24 19:55:55','$2y$12$f4.34gafEHewH3jDD0BXs.LPm6w3lli8mQO67vA3KLv4nHVBsMg.i','AJx5fYCii4'),(66,'participante60','','Passeig Isaac, 199, 7º 9º, 50286, Banda del Bages','62178','Granados de San Pedro','Castellón','Uganda','988-928372','participante60@panaurum.com','2025-02-24 19:55:55','$2y$12$/cAxp0gHkmBpw1XeLJIzM.SgO8DABbWEeFB.kVdPor2RHQmQHJRlW','zNRjeUriWz'),(67,'participante61','','Plaça Treviño, 1, Entre suelo 2º, 13044, Los Espino','14223','Os Colón Baja','Castellón','Perú','974-656793','participante61@panaurum.com','2025-02-24 19:55:55','$2y$12$9zBKQ4XInn2vIPocUJSKX.CPwTkbfMDqOBzU./ItI56y54TzmDzSK','x2YzbwDA5g'),(68,'participante62','','Avenida Celia, 31, 8º B, 68467, San Luevano de San Pedro','39452','Las Sáez','Guadalajara','Kuwait','964-77-6390','participante62@panaurum.com','2025-02-24 19:55:55','$2y$12$49pFUWOA92fLhV54OMbO3uLCZG6jv0aOPW53QSKdauFTYjbYfY77.','efmQ31RcyY'),(69,'participante63','','Plaça Vanegas, 19, 37º E, 39064, Villa Deleón','77032','L\' Centeno','La Rioja','Tuvalu','996257877','participante63@panaurum.com','2025-02-24 19:55:55','$2y$12$Bap9BzOGCzJs0teIwSX.xeE02rbzoN6/iA/8zjXtGIKgudIqddV1S','Z3ramjSmju'),(70,'participante64','','Camiño Moral, 22, 48º C, 09153, Vall Zamudio de la Sierra','19902','L\' Sepúlveda','Girona','Argelia','902479989','participante64@panaurum.com','2025-02-24 19:55:56','$2y$12$bmKyE4i5mS0SuH7iZnM/guYisCyK9iUB6dr5FbbCNXgHrzbHlyp16','MOG49oAr6N'),(71,'participante65','','Travesía Alva, 568, 13º A, 94482, Vergara Medio','37317','As Villalba','León','Nigeria','+34 928586843','participante65@panaurum.com','2025-02-24 19:55:56','$2y$12$ejXcZqZi3aq3x2fpeLU.q.CLIhLlw/L7LvmhsvjGw8xAwKK8yyKhK','lzZtEuZiWv'),(72,'participante66','','Carrer Alejandro, 672, 95º B, 41175, Aragón Baja','85981','Cepeda de las Torres','Pontevedra','Liberia','914-902269','participante66@panaurum.com','2025-02-24 19:55:56','$2y$12$h8KVYZcjO5WoJ2J/Uevph.wvSdmTI3jquKE7OczfHANrHtEdbeLYq','a0tQuuVUY3'),(73,'participante67','','Plaça Biel, 81, Entre suelo 2º, 11540, Villa De la Cruz','94428','Valverde de San Pedro','Toledo','Hungría','942-760932','participante67@panaurum.com','2025-02-24 19:55:56','$2y$12$5QD5943K5OJscXsFeq.Rge/3cCqbHv4IVM0XiqyIcq9O1QsJuOF4C','LEROIY7S42'),(74,'participante68','','Ruela Álvarez, 63, 5º D, 05077, Los Meraz de Arriba','05282','Os Apodaca','Albacete','Brasil','982-171596','participante68@panaurum.com','2025-02-24 19:55:57','$2y$12$bhuV46O6ihtsq9oSS49iyOPoken0pxs4Cokb0sb9FF6r3IonBUrI2','bPhghWr3pq'),(75,'participante69','','Passeig Marina, 98, 49º F, 16949, A Badillo','09261','Los Vélez','Zamora','Chipre','903-39-5042','participante69@panaurum.com','2025-02-24 19:55:57','$2y$12$rMoYhmp1Zh2.FPXpBzfapeUr2SqMZaPtl8RSZkyapr.XMb2thMkDG','3dOdqDCJ0c'),(76,'participante70','','Camino Ulibarri, 3, Ático 2º, 37394, El Gámez de San Pedro','95545','El Tirado','Almería','Cuba','914-047244','participante70@panaurum.com','2025-02-24 19:55:57','$2y$12$ICod76/sz3n2C.Q4H73Ef.Ni9JgOb5Zc9rRmaccBuvOWV5gQURVDq','FTYWyY63Yj'),(77,'participante71','','Travesía Sedillo, 322, 85º C, 49755, Villa Villalobos','89076','A Rosario','Navarra','Reino Unido','+34 930178032','participante71@panaurum.com','2025-02-24 19:55:57','$2y$12$oETb.9fZ2eqY8MJ..3932.EWhstIi2dUfw61E8/SDzeYgw3CSiY1W','TYJ4ND1SWp'),(78,'participante72','','Plaça Pagan, 9, 1º C, 02438, Villa Báez de Lemos','89792','La Olivas','Guadalajara','Micronesia','+34 987-83-8370','participante72@panaurum.com','2025-02-24 19:55:57','$2y$12$PjoXbDkjhj.XnT7Bn/YVKu.hIUkfLpYgkZawnja5VCnymdS335BHS','pjVjU5BClQ'),(79,'participante73','','Plaça Ander, 4, 2º C, 40758, Alejandro de San Pedro','06166','Mota del Vallès','Soria','Islas Marshall','+34 961-59-3045','participante73@panaurum.com','2025-02-24 19:55:58','$2y$12$kBSMpoex2ujc8XsmWgqeiufFDmgYGMhSBKDluIkyaMOA7Hna7X4qq','fvvLdjk4Mg'),(80,'participante74','','Camino Toledo, 67, 81º 7º, 88724, La Narváez','03335','Barrera de Lemos','Murcia','Sri Lanka','972-29-7359','participante74@panaurum.com','2025-02-24 19:55:58','$2y$12$i2HzT1TXlmQJVLLzvJ/fI.8UXb.B47KE5VJZgvtIl5fCoy0QCdYCm','tCkwkdwI7b'),(81,'participante75','','Camiño Jaime, 17, 61º 4º, 21542, Os Zelaya del Vallès','55304','González del Puerto','A Coruña','Honduras','+34 994-266293','participante75@panaurum.com','2025-02-24 19:55:58','$2y$12$0mON04Xwp0z9HQK07xZPg.2wAg8/ADj71zpnmFkoSH0fVM2rM5y4m','T8ifHByGFK'),(82,'participante76','','Carrer Flores, 8, 11º D, 90905, As Lorenzo del Vallès','02206','As Paredes','Las Palmas','Indonesia','958 778775','participante76@panaurum.com','2025-02-24 19:55:58','$2y$12$qdMz0i2OZQqhwsKzoFJ5oenpAYegKfVSKtf2mkQI2bskbxaOV0iDe','X1QzkgNw9n'),(83,'participante77','','Camiño Navarrete, 568, 3º E, 50909, Vall Estévez del Barco','38886','Las Cortez de Ulla','A Coruña','Guatemala','+34 939631121','participante77@panaurum.com','2025-02-24 19:55:58','$2y$12$2kIOsUxusHM8es033yyVDuJAATIw26j4n1kALrOXtJBUH2LB6AO02','oZBQAbbcKV'),(84,'participante78','','Ronda Salgado, 2, Bajo 5º, 67936, As Miranda','97525','L\' Domínguez del Mirador','Segovia','Lesoto','951 63 0676','participante78@panaurum.com','2025-02-24 19:55:59','$2y$12$/2Ch/9QD2DMFPhqOzxZEhukBD8EDTYLS4TJSKYlVqdApjjhpIJGmC','h9eF92atqZ'),(85,'participante79','','Ronda Margarita, 872, 0º 8º, 02411, As Melgar','06708','Castañeda de las Torres','Vizcaya','República Dominicana','+34 964-59-8528','participante79@panaurum.com','2025-02-24 19:55:59','$2y$12$i1OLAC4trBxyvbUskl46COvahqAbrn/XfJl8QtfiSgESJ8WguWXgK','63jm3pdAfl'),(86,'participante80','','Avenida Irene, 45, 35º E, 46364, Vall Lozano','30263','Os Medina','A Coruña','Sudán','+34 990792020','participante80@panaurum.com','2025-02-24 19:55:59','$2y$12$86YW5ppX72LBzRzpVfgNbODFdSPMoD48urwzMPnzN3zVlT8ovtJfK','fMz3EYp3cM'),(87,'participante81','','Passeig Elsa, 38, Entre suelo 1º, 62434, Vall Montenegro del Bages','65206','La Giménez del Vallès','Teruel','Kuwait','945-67-1308','participante81@panaurum.com','2025-02-24 19:55:59','$2y$12$8kpK0pwEqBGLkf.5.aJp7.AoRG4AdLYD94AgUnasSFd4qAefeOc8O','vpG2WCJaPl'),(88,'participante82','','Avenida Paredes, 62, 64º B, 76613, Cabrera de San Pedro','25717','Villa Alfonso Medio','Murcia','Perú','950 13 5208','participante82@panaurum.com','2025-02-24 19:56:00','$2y$12$UuAqqLsMaozrkvXeZGB4/.dVP4LaBU.4NNBXh70IpUu7ovEcNWRh6','a3M5y4qFQ9'),(89,'participante83','','Praza María Dolores, 4, 7º C, 14055, Los Munguía del Barco','25867','Os Bernal de Ulla','Ourense','Yibuti','969-406913','participante83@panaurum.com','2025-02-24 19:56:00','$2y$12$NEkHC.bbRw68dfblQisnje5vBYe0gVdoM2nn5b9Ze4g5OOHqcVchu','VKlsRUlJMW'),(90,'participante84','','Avinguda Silvia, 54, 92º B, 96290, La Blanco de San Pedro','57366','El Domínguez de Arriba','Toledo','Mónaco','976 879376','participante84@panaurum.com','2025-02-24 19:56:00','$2y$12$D0imQNcUXqdQaz.0Ph41/Oo5eVS/gCePPYcPqzfpVIYfXK.NM5C86','FWDLvTDmXn'),(91,'participante85','','Paseo Enríquez, 814, 75º 4º, 22945, L\' Montez del Puerto','90014','La Vásquez','Teruel','Montenegro','+34 973921904','participante85@panaurum.com','2025-02-24 19:56:00','$2y$12$MfO/.yZy6.FUePgxsUs2qOKsLYmJwjiYDeCvDiknnfpNopwi7q/ny','7IGedCHdrF'),(92,'participante86','','Avinguda Pozo, 28, 82º A, 99568, Godínez Alta','89959','San Barrera Alta','Segovia','Bahamas','+34 984 08 5279','participante86@panaurum.com','2025-02-24 19:56:00','$2y$12$m0CbfAijR5AnLGEUMdeJHuLWqyiphJOUD3t8nHD8mJNl9T/iK2752','7sQwPpTkfg'),(93,'participante87','','Praza Ariadna, 481, Bajos, 04487, Caballero del Penedès','18566','Las Castro','Valencia','Noruega','987-676008','participante87@panaurum.com','2025-02-24 19:56:01','$2y$12$D0L9HwZ0OofnP5SEvCHJ1O2mca9m3oWmq0utkpiDjjcNdVMdx4oe.','qalbss1tVq'),(94,'participante88','','Praza Ana Isabel, 5, Bajos, 00221, Mendoza del Vallès','88722','El Treviño','Huelva','Liberia','998871205','participante88@panaurum.com','2025-02-24 19:56:01','$2y$12$6XGCubnsoD1r8jzZ3/TDZ.wUK0KNNwj1xkEwwVu9rgIwo9btxHF0G','VQ35RDNT87'),(95,'participante89','','Paseo Palacios, 616, 95º E, 35972, A Montalvo','36133','Los Ponce','Sevilla','Túnez','983 636461','participante89@panaurum.com','2025-02-24 19:56:01','$2y$12$7UDzWU1jWjEosPm0m4jNm.FsmrOBc8Cg5O1CFBIFgbpjr9O3oKOIK','z5U7CMEuYs'),(96,'participante90','','Paseo Sergio, 68, Bajos, 23349, La Santamaría Baja','02172','Os González','Guipuzkoa','Haití','918-52-7439','participante90@panaurum.com','2025-02-24 19:56:01','$2y$12$DntytpCouXTVS4FefeZ6R.SEjceEmAIBuqqL/3OmMk0TviH.Iaota','AMsJLP8qR3'),(97,'participante91','','Ronda Arias, 424, Bajos, 42777, A Carmona del Penedès','34240','Los Collazo Alta','Castellón','El Salvador','+34 976 99 1920','participante91@panaurum.com','2025-02-24 19:56:01','$2y$12$1fjlH3eZmQHPVEZRAtBp6.xzgx2/Goi453KtLUy3pfvje48Lrkb4q','kEzETnvWzL'),(98,'participante92','','Passeig Manuela, 966, 9º 7º, 22770, Sarabia del Pozo','55714','Villareal del Vallès','Huesca','Tanzania','+34 906-96-9696','participante92@panaurum.com','2025-02-24 19:56:02','$2y$12$A7Tp8KlvBY7C2KQf3gJVyuHt7tENcjSbZEFO4U/z.N24zQnEq048C','HfDwTOZNcl'),(99,'participante93','','Travessera García, 9, 2º C, 19866, Lerma del Barco','81453','Madrigal del Pozo','Albacete','Uzbekistán','+34 933-816279','participante93@panaurum.com','2025-02-24 19:56:02','$2y$12$2NYPGWnQm6NCUv1kOHpS/OyEeEwD5uWYFNxXmTNTLDOxGbO0GpWBC','vToYBLfqRu'),(100,'participante94','','Camiño Joel, 57, 6º C, 15020, As Ávila de Arriba','10367','El Vela del Bages','Málaga','Camboya','+34 962969615','participante94@panaurum.com','2025-02-24 19:56:02','$2y$12$gO/yxePKeIgdR8yIa9xIhOfFIyLHuGXYsvNcqP8eGQ4UI8RelX0RO','lKAvgygYzf'),(101,'participante95','','Travesía Carla, 584, 11º E, 97360, L\' Valdés del Mirador','55204','Ceja Alta','Guipuzkoa','Kirguistán','+34 909 864035','participante95@panaurum.com','2025-02-24 19:56:02','$2y$12$JX8qCtMNUJ8QSte5iqHX2.Iz2fGdCTCCjyVM6CgUYUmsdAxKsYurm','H4sE43VirD'),(102,'participante96','','Praza Alarcón, 84, 15º B, 62629, As Montes','31962','A Vila de Lemos','Teruel','Bután','+34 968-61-1367','participante96@panaurum.com','2025-02-24 19:56:02','$2y$12$wwH4Elf4Rqe9wnGkvyXDcOFktnqoC6vlfW33tNn1Dt8vmm5nU.k4G','y3VX6JZyGz'),(103,'participante97','','Avinguda Alba, 679, 5º D, 23309, A Armendáriz','46462','L\' Nájera','Vizcaya','Eritrea','+34 931 28 5997','participante97@panaurum.com','2025-02-24 19:56:03','$2y$12$8fACx8Y0i8l5va22KZ3Q5eepz9ZN0aXAMbv.7Q/qSNwfp9oxkyqIa','kynP6RABAh'),(104,'participante98','','Ronda Rayan, 11, 23º E, 76262, Villa Quintanilla','81027','As Soria','Toledo','Azerbaiyán','963-947892','participante98@panaurum.com','2025-02-24 19:56:03','$2y$12$16ebBhWErXTyOK5sxT5.o.ZnYeYAwZpt3bIW6OolZX2Q5L.pD9Q0S','MbylSTa2Bg'),(105,'participante99','','Ruela Botello, 397, Bajos, 15625, Los Marcos','23729','Jaramillo de Arriba','Sevilla','Bután','935-15-1456','participante99@panaurum.com','2025-02-24 19:56:03','$2y$12$dR.j8u3VMFudgF4j1Eu1KO2TM5tUvFSaBgGM1iDdm1eQkl8QI7Uiu','fM8p7zFTMK'),(106,'participante100','','Avenida Rojas, 9, 3º, 77280, Lira del Barco','72098','Los Loera Medio','Lleida','Eslovaquia','+34 936 728121','participante100@panaurum.com','2025-02-24 19:56:03','$2y$12$af2wpd9nSM2OXI4eZ//7luGqz.fHQNdRolXe85vLoBFZgRN03o6O.','j3Oa8ukxFC'),(107,'participante101','','Travesía Mar, 951, 19º F, 08635, Vall Solís de la Sierra','23439','Os Rendón','Zamora','República Democrática del Congo','944-55-4859','participante101@panaurum.com','2025-02-24 19:56:03','$2y$12$hd0w41cw5X7H1hi2tJr7Nu4rzSDuOYpeJXi2eRs7H3X.E5MtY8sxW','vA7aPp8dfo'),(108,'participante102','','Plaza Silvia, 359, 6º A, 34898, Villa Casas del Barco','06181','Montemayor del Barco','Burgos','Sudáfrica','945-42-3467','participante102@panaurum.com','2025-02-24 19:56:04','$2y$12$Z8ZJNxvBW.6wSoMzCHJNtORE.0sgTn/FC3qu3o.snn6C7I4SArBbu','hPRjNSulBI'),(109,'participante103','','Plaça Atencio, 8, 21º B, 59991, L\' Raya','89837','L\' Armenta de Arriba','Segovia','Sudáfrica','+34 932-292492','participante103@panaurum.com','2025-02-24 19:56:04','$2y$12$JtnbLNxFFUw5Ba62WElIl.JuHgEl.ibXcnXkl9O/OOkqSbWnGi6Hi','uxsZwGaZcB'),(110,'participante104','','Carrer Tovar, 3, 1º A, 42877, L\' Calderón del Mirador','06005','Vall Ballesteros','Salamanca','Madagascar','979 48 7827','participante104@panaurum.com','2025-02-24 19:56:04','$2y$12$2GXc.F4dObi52tliRewEie/lUJGCKS5ob8abrzorokq7mKFyTDbaG','P9ZdUW6AA7'),(111,'participante105','','Carrer Gabriela, 6, Bajos, 63138, La Villegas del Penedès','71575','Orellana del Pozo','Tarragona','Sierra Leona','911-504650','participante105@panaurum.com','2025-02-24 19:56:04','$2y$12$NpM2pSU3AVPDaFZXop1tlOJCGqnvHRhXIGMC3vn7t12f7yaeay1ia','1xuiOM26o8'),(112,'participante106','','Camiño Alex, 299, 84º D, 74908, Mayorga del Pozo','44893','Casares del Barco','Las Palmas','Guatemala','949-31-4733','participante106@panaurum.com','2025-02-24 19:56:04','$2y$12$uvBB.xsmGUnOHC9D29EC9u2DwE9dedXnDCJaQhD96W9bi7pEv2YlS','7pdDQJxzuh'),(113,'participante107','','Rúa Morales, 935, 0º 2º, 25237, Limón de San Pedro','88348','San Pons de Ulla','Cáceres','Santa Lucía','+34 954867424','participante107@panaurum.com','2025-02-24 19:56:05','$2y$12$x2IkEKGMQ9Ew9FMarPMdXe6TANsnHBDRa.48chJM7FsIRYxUEuCsa','892gT39I1q'),(114,'participante108','','Praza Mercado, 7, 82º E, 58518, Burgos del Pozo','85007','A Orellana','Almería','Cuba','972 77 4624','participante108@panaurum.com','2025-02-24 19:56:05','$2y$12$8g7DSNlf4SX84pMk5oBdVOQr5YW1ZJkhMjP76RTU3NfQ7qtmpdJPG','ii65MTfvaY'),(115,'participante109','','Camiño Álvaro, 3, 0º D, 81183, Las Henríquez','58287','San Castillo','Barcelona','Brasil','+34 949-17-6581','participante109@panaurum.com','2025-02-24 19:56:05','$2y$12$e9IuJxiYbvI3jOTGfF81CuX2dTYfZWWMN5v0I1Rd5iC61tzPQHIOi','rMPVQixRt4'),(116,'participante110','','Plaça Salma, 70, 3º 3º, 01097, La Araña de la Sierra','32523','Ramos del Pozo','Teruel','Tailandia','+34 969218889','participante110@panaurum.com','2025-02-24 19:56:05','$2y$12$P8dlR3S7QwdnXwfRC46SvexVjmQhucErylnhCBqVp8hVjrE442llC','Ik5rzEiXBk'),(117,'participante111','','Rúa Rosa María, 5, 31º B, 07141, Acosta de Lemos','27895','Rosario de Arriba','La Rioja','Ecuador','+34 996 08 3508','participante111@panaurum.com','2025-02-24 19:56:06','$2y$12$Ghw8ZTydtMV9SyTFWzpCAOIKCx51pU5iWxmdCRcL.LXqe4rG..2ie','RmJw7dTBho'),(118,'participante112','','Calle Marrero, 316, 88º D, 37531, Laboy del Barco','44166','O Tirado','Málaga','Malasia','+34 942752326','participante112@panaurum.com','2025-02-24 19:56:06','$2y$12$NhR69T1x3.NITu0tk4IaU.Juvy2VhbFFAxIXTFW4ofgT.Em3fU9Ga','jD67UHWhR0'),(119,'participante113','','Passeig Paola, 29, Entre suelo 0º, 10107, San Gallegos del Bages','72762','Villa Navarro del Bages','Santa Cruz de Tenerife','Andorra','910836397','participante113@panaurum.com','2025-02-24 19:56:06','$2y$12$0pLadvJ60V6ZjzIRqxyGmeXW/rq9TnHxkdduWwBRjbM4CZKstqVGK','IbUTDrfJJu'),(120,'participante114','','Travesía Jordi, 287, 6º A, 32808, O Esteve','27521','Melgar de Lemos','Lugo','Mongolia','915 053099','participante114@panaurum.com','2025-02-24 19:56:06','$2y$12$WnArRRBkf0gCFhjxjBTpP.b/8a0UlllFnzbdZvT3SQRAUcPiNZ5Vy','vijRTxEVru'),(121,'participante115','','Avinguda Aitana, 724, 7º C, 49451, Blasco del Barco','15846','Bermúdez del Pozo','Madrid','Arabia Saudí','+34 953-982670','participante115@panaurum.com','2025-02-24 19:56:07','$2y$12$XSx4zXhEdS9JEOF7c4kKguCgtdODcxiIIOtQZDb4Gow.Hw98WD0De','T53uR4xYb0'),(122,'participante116','','Carrer Costa, 689, 65º E, 78304, Córdoba del Pozo','48833','Los Herrero del Vallès','La Rioja','Sierra Leona','+34 932 560975','participante116@panaurum.com','2025-02-24 19:56:07','$2y$12$.qvlcXFaKaMt0J9beAfIMujn/vudTKiI/bLwgrfcQ5jSK6HQSnaSu','dohx80gXSO'),(123,'participante117','','Carrer María Ángeles, 7, 6º C, 61938, Vall Quintana','78132','Molina de Ulla','Teruel','Brasil','907 15 7484','participante117@panaurum.com','2025-02-24 19:56:07','$2y$12$GyR4RoSWYOtq9tNMJuMz/O6Kr6i8Hic13eB8yP.TstgDUqj5MmOnC','r9tOPUbZg1'),(124,'participante118','','Rúa Fernando, 55, 6º B, 49949, Esteve Baja','70611','Marrero de Lemos','Guadalajara','Papúa Nueva Guinea','911-691164','participante118@panaurum.com','2025-02-24 19:56:07','$2y$12$2jI9xsm.DpB5DtFLFLuhXub16G5v/33qKZDz9oyEjjiszcBwIvR5G','Qg5YrlejUg'),(125,'participante119','','Plaça Ávalos, 8, 60º 5º, 28563, Sandoval del Bages','06735','Los Fuentes','Barcelona','Camerún','920 568504','participante119@panaurum.com','2025-02-24 19:56:08','$2y$12$GuhVoEJX5qnCoC.fSac.PO5kBJKPgz6x/WX/bi/FaXzWpKuWqqCAy','nkokoTLQDY'),(126,'participante120','','Paseo Barrios, 4, 9º 3º, 62307, O Armenta de Ulla','23010','Los Carrera','Ceuta','Malaui','975-77-8184','participante120@panaurum.com','2025-02-24 19:56:08','$2y$12$MbPcKCVNRK479oQGUcVelOXQk7fpqFerebUPyQ/G5AaL/F.fjxa2u','2YspQjvZuC'),(127,'participante121','','Calle Molina, 992, 39º A, 81593, L\' Guerrero Alta','80655','El Caraballo','Pontevedra','Guinea-Bisáu','996-356830','participante121@panaurum.com','2025-02-24 19:56:08','$2y$12$.6BTVgPkJCPwM0KWh/UJb.8gN.5OCqu8/wY1FFHk4jzlZ6CMAkKey','v7aouIaro0'),(128,'participante122','','Ruela Salcido, 8, 63º A, 35695, Villa Miguel del Puerto','28789','Vall Rosas','Tarragona','Mónaco','+34 915269085','participante122@panaurum.com','2025-02-24 19:56:08','$2y$12$NKUN9L1czI1Wq6F8NGJKcu0V.tq3E8eVZWzl7Pwa2YjNgQf3Dt2VW','ZEoEvSYbbo'),(129,'participante123','','Travesía Sergio, 26, 5º B, 36267, Villa Cavazos del Penedès','54894','Los Zamudio','Vizcaya','Angola','929424039','participante123@panaurum.com','2025-02-24 19:56:08','$2y$12$sqnKgcF61WUBJghJoh33Dub6tc.9JpB.oWTFkFyRZBgVZGGy3XWg6','9kATpr81rQ'),(130,'participante124','','Praza González, 4, 2º F, 01897, Medina del Pozo','48398','Los Cardona del Vallès','Navarra','Reino Unido','999-60-8275','participante124@panaurum.com','2025-02-24 19:56:09','$2y$12$xdJBB3ZiFT8v9rWCwDahBuY49A3aUcKY5l6DcNl.pfzaesW3X/PWS','FJWJBga30E'),(131,'participante125','','Camino Ulibarri, 124, 09º 7º, 16299, As Espino Medio','84396','Quiñones Medio','Girona','Noruega','+34 917 90 1678','participante125@panaurum.com','2025-02-24 19:56:09','$2y$12$bj/VCm7rs41Qkj/ooJUap.Kw4i7qR4OokvvMc5hzDcD.nXrPSCWJ2','VrgYyDUkpD'),(132,'participante126','','Praza Benítez, 1, Bajos, 57279, Bernal del Mirador','28309','La León','Girona','Suecia','+34 947 08 9748','participante126@panaurum.com','2025-02-24 19:56:09','$2y$12$52at7rj56CyZJqNmZQPZBuj.5VPWSdV1zUewlcW8LsOWXvWOZEppm','EObOvTfnnO'),(133,'participante127','','Rúa Ordóñez, 51, 73º C, 05511, Sedillo de San Pedro','63636','Vall Garza del Penedès','Illes Balears','Países Bajos','969 26 3806','participante127@panaurum.com','2025-02-24 19:56:09','$2y$12$.7DNDN4HXn1hWih5X.8UL.IXbzyr.nkdaIGwlGp6jP4eooVbYLNz6','9kUzgVImk2'),(134,'participante128','','Ruela Casas, 69, Entre suelo 4º, 42198, Sáez del Penedès','39931','Los Sevilla de las Torres','Toledo','Chile','905 438506','participante128@panaurum.com','2025-02-24 19:56:09','$2y$12$Qb8CDWcZjf4GF76dug.GrOqd.Ck37bQe5UU60QG4Z49u8XcOimRbW','Egv3IKfN52'),(135,'participante129','','Rúa Aranda, 266, 6º B, 04751, San Feliciano del Vallès','79407','Miguel del Pozo','Illes Balears','Montenegro','+34 902 94 8074','participante129@panaurum.com','2025-02-24 19:56:10','$2y$12$IaT2okgMO/qaTaOyKAl6KO/vh79HWr9eu/.sskThz2i4ono49CLk.','BnWBnUe3wZ'),(136,'participante130','','Camino Joel, 264, 25º F, 28536, Villa Villalpando de Ulla','03709','La Jiménez Alta','Toledo','Liberia','930240483','participante130@panaurum.com','2025-02-24 19:56:10','$2y$12$xDvLMazCcpjPnWB5wxMAq.LOe0ROo29sPNEWEi1Ef8d2B8MCBHDI2','1VzMD5Ug0z'),(137,'participante131','','Avinguda Vera, 62, 8º A, 77613, Montes Alta','75770','Herrera del Pozo','Zaragoza','Corea del Sur','971-715615','participante131@panaurum.com','2025-02-24 19:56:10','$2y$12$A5jfTXWbrJxIOP.zbLDEIeKyOZhS59kNUiTouf6kxhN8/RZle/iAG','uEiXwVdlie'),(138,'participante132','','Plaça Aguilera, 971, 38º C, 29012, San Monroy del Puerto','25866','A Concepción de la Sierra','Jaén','Lesoto','956 04 1184','participante132@panaurum.com','2025-02-24 19:56:10','$2y$12$VPcY1qzLRH6tkEd5iO0ORueByui/LXkKv9e0EZ0XhEbWLFvl8RSLG','XoHLWnLm83'),(139,'participante133','','Ruela Nil, 9, 2º A, 01194, Salgado Alta','34307','San Vila','Ávila','Trinidad y Tobago','+34 990 80 1208','participante133@panaurum.com','2025-02-24 19:56:10','$2y$12$6CcjI3DKN5LmDDh6/3NjRehr5qYo2l.D5csJW15BQ5uELpC2MoqAu','PmGX5jYHpx'),(140,'participante134','','Passeig Otero, 70, 41º 6º, 46273, Vall Ordóñez','35140','Baca de las Torres','Guadalajara','Baréin','922 69 2255','participante134@panaurum.com','2025-02-24 19:56:11','$2y$12$m.yeq7XV2FOBjGQhgim4D.lUvR/3tJmYmCPQmPLaWEJIA28eGX6hi','wPN3yE25af'),(141,'participante135','','Passeig Lozada, 149, 7º D, 44173, Os Navarrete Alta','30763','O Font Baja','Alicante','Afganistán','993-060547','participante135@panaurum.com','2025-02-24 19:56:11','$2y$12$q2KGeDvs.VFRW2zShVXDveFHwziZDBRUhVjL8lZvTiGVLrI4Y/XrC','Svkdc1suaY'),(142,'participante136','','Rúa Santiago, 2, Ático 1º, 55486, Los Barragán','37013','As Vila Alta','Illes Balears','Irlanda','952076876','participante136@panaurum.com','2025-02-24 19:56:11','$2y$12$Z8RZWFed94ntzfFpICbFROF0LuocyDFzv0CA110eNifc6cZkS3fwu','lydcjC5oJv'),(143,'participante137','','Carrer Curiel, 7, Ático 0º, 27859, Villa Blasco de la Sierra','69504','Os Lorente','Las Palmas','Kirguistán','+34 909 42 2749','participante137@panaurum.com','2025-02-24 19:56:11','$2y$12$ix65t/P93hdvLug/lV7KBe9bCrTDLm8dBv29mbmIxGd61KtrHR8sC','nrFI7JAoL2'),(144,'participante138','','Avinguda Rubén, 71, 22º E, 39906, A Ávila Medio','19029','La Becerra','Córdoba','República Checa','+34 931 164653','participante138@panaurum.com','2025-02-24 19:56:12','$2y$12$9cQv7tzFtCZ.wd11NeAVsuavsRdZveb1Y1FgPc5wHMZBY.l8t98Da','DHaEfo66ld'),(145,'participante139','','Carrer Garibay, 6, Entre suelo 9º, 81383, Vall Vásquez','43730','Os Alonzo de la Sierra','Navarra','República Centroafricana','+34 983-072092','participante139@panaurum.com','2025-02-24 19:56:12','$2y$12$mltCHAoTa5Ffos8whJHVlOSzikKgvNEzSjBCBBxDOveWbe3HFnOrC','gdhQqKJULk'),(146,'participante140','','Ronda Ferrer, 727, Bajo 8º, 88701, Villa Delacrúz','02202','Los Barela del Puerto','Palencia','Uruguay','951-64-1542','participante140@panaurum.com','2025-02-24 19:56:12','$2y$12$T1V1ALnWRVRDSe4UYj/t9OK9hNAOSV7JiGLJ42wg76/kWXcR0VOLe','xBS8Nr3oXm'),(147,'participante141','','Plaça Carlos, 6, 5º D, 87175, Valdez del Bages','05453','Palomo de Ulla','Huelva','Serbia','+34 906-106862','participante141@panaurum.com','2025-02-24 19:56:12','$2y$12$i9eZT3HDyN0uRtSAqpFDbeNluTstzYSCc9Vy4mIVPRpBVaHGUJZzm','ARn3DlfplP'),(148,'participante142','','Calle Araña, 1, Bajo 5º, 26254, A Villareal del Mirador','74917','Hidalgo de Lemos','Teruel','San Vicente y las Granadinas','+34 998-807600','participante142@panaurum.com','2025-02-24 19:56:12','$2y$12$r9q9dQzLHkVvGopgfyxHdeHrqZ7OJRCZCU5sEvNRvinfvKxEy/.sa','1rxCPRbLYg'),(149,'participante143','','Travesía María Ángeles, 5, 49º C, 63422, La Jimínez','61288','Os Velázquez de las Torres','Badajoz','Congo','+34 904-265521','participante143@panaurum.com','2025-02-24 19:56:13','$2y$12$T4T2/S2DPQNGL2InLpktUuoxIO.Zrjx4agL2Bt1rRUpiF02phnKAG','T5CiGF0sRj'),(150,'participante144','','Calle Orosco, 1, 13º A, 28301, Villa Sáenz Baja','11742','As Tovar de Lemos','Álava','Chile','969-456025','participante144@panaurum.com','2025-02-24 19:56:13','$2y$12$x1IlOKM8qrdgjjr.ZvnOa.ZRCRg3LY4BgG/hJO/U.xSLTK4KsZHBa','W2RirtVGNl'),(151,'participante145','','Camino Fernando, 5, 75º D, 10603, L\' Armijo del Barco','48005','Vall Cordero del Pozo','Asturias','Bielorrusia','+34 921-49-5551','participante145@panaurum.com','2025-02-24 19:56:13','$2y$12$k3VIP9Zd9CwrbJsB1KHyu.Iy40hbBrbIIghrjUTOpeSHfAbylg/Bu','qcsD0dAMp0'),(152,'participante146','','Ruela Marco, 51, 9º C, 98105, Mateo de Arriba','79658','Guzmán de San Pedro','Zamora','Vietnam','+34 974-973932','participante146@panaurum.com','2025-02-24 19:56:13','$2y$12$K6GrxGJCv7JlEQj6foAwd.6p2JuzX/RzHC0T8XxgqndaPLnl7s9ve','ndRuy10zVj'),(153,'participante147','','Avinguda Sierra, 662, 6º E, 17268, Vall Pacheco Medio','13566','Los Bravo','Valencia','Islas Salomón','+34 969862408','participante147@panaurum.com','2025-02-24 19:56:13','$2y$12$Q1uTiBxokL4rM6QtqPPvre6oh2aLiILuPne.x4XYCiF8bR4DywMe2','j6p1vIGAnl'),(154,'participante148','','Avinguda Fierro, 71, 78º E, 49942, Ferrer Baja','25593','Salcido del Barco','Palencia','Luxemburgo','+34 935 123202','participante148@panaurum.com','2025-02-24 19:56:14','$2y$12$x1JI1sPlamJWNZxXskLm9uTOd0QQvE7UEdEpv1g1Zh3xzgUeZpSRy','460aCuP0SK'),(155,'participante149','','Calle Celia, 309, Bajo 4º, 29476, Los Polo del Puerto','42915','Espinosa del Penedès','Granada','Omán','947289911','participante149@panaurum.com','2025-02-24 19:56:14','$2y$12$okRagG76q1S8JubtO7sKeu8oFmdCvST9eLTAe6oyw0oKAMQ8gtdAC','lKKAa9lx51'),(156,'participante150','','Camino Raquel, 320, Ático 0º, 93575, De Jesús del Penedès','63289','O Olivera Baja','Badajoz','Moldavia','943 997306','participante150@panaurum.com','2025-02-24 19:56:14','$2y$12$LeQWu0q2Epu3kmzoZc2vWeEkEEPYxaDYM6S54W3obnGZukyJrjbGm','ht3m9TTUJl'),(157,'participante151','','Travesía Clara, 6, 0º F, 79174, Vall Anguiano','15936','L\' Guevara de Lemos','Guipuzkoa','Namibia','902-78-2210','participante151@panaurum.com','2025-02-24 19:56:14','$2y$12$3oD9fXEv6c8pQDNnAKkcEuLrf6LoKaN7j1wRUeOo26i934JGGhAbS','gbGxWB0CVU'),(158,'participante152','','Camiño Pulido, 262, 6º C, 11845, L\' Palacios del Bages','68157','L\' Vargas','Valencia','El Salvador','+34 992-23-3486','participante152@panaurum.com','2025-02-24 19:56:15','$2y$12$0X4Cjtx93xDzo2m6YUC1ROF1VNDp07TxxArPwUw6x35vvY5YOPOfK','y33B405FK1'),(159,'participante153','','Avenida Silvia, 54, 6º, 44961, Las Carballo','95913','Pantoja del Pozo','Asturias','Turquía','+34 993682485','participante153@panaurum.com','2025-02-24 19:56:15','$2y$12$7LGCbT6Cf92.hwWX46DSR.hRV/MsWcQgTED5a2Fz.bTg99/3RuKgm','KTKRI8VwoF'),(160,'participante154','','Plaza Rocío, 7, 3º F, 99323, Os Serrato del Puerto','88969','San Alva','Segovia','Seychelles','+34 995-53-3234','participante154@panaurum.com','2025-02-24 19:56:15','$2y$12$4I.l.6vB/jHVccwoOOEXxuSRdO158L3sV9RjjuGeGGBzljnwAMzKO','iUGkid6D8u'),(161,'participante155','','Camino Zayas, 43, 89º F, 39560, Los Rendón del Puerto','19898','A Arce de Lemos','Girona','Indonesia','+34 903-322848','participante155@panaurum.com','2025-02-24 19:56:15','$2y$12$YHKgUIOvd15aXYnrphPgy.ba0DcIh5reW13HIcpj0qdhgqJ1MqWwq','PVTD25OCjh'),(162,'participante156','','Camino Leyva, 5, Ático 1º, 37490, Los Covarrubias del Bages','67900','La Vela Medio','Málaga','Siria','+34 919-25-4685','participante156@panaurum.com','2025-02-24 19:56:16','$2y$12$mqbV1.sxSUSiV1N7iDLOWeG4bjqyAPhWHrali6R9UIsWx7/aB4vc6','y0V2KorKPw'),(163,'participante157','','Camiño Benavídez, 3, 27º D, 92810, San Vidal','37220','Os Rentería del Penedès','Cáceres','Emiratos Árabes Unidos','973890929','participante157@panaurum.com','2025-02-24 19:56:16','$2y$12$C5RADzRSMf5m6gEYJ2n0w.s9q4RghdW/PTei5HqIfoOCBnaB5qsx.','cVgCHHkiX4'),(164,'participante158','','Travessera Ander, 669, 8º C, 47157, Los Tovar de San Pedro','50269','Vall Vera de San Pedro','Castellón','Armenia','+34 956975689','participante158@panaurum.com','2025-02-24 19:56:16','$2y$12$NdAH8DMBVJ5XO30Zkts4..ldqb5B/w8.ZIUTLnnvFw51wCbYEg4zG','SCChlWZOfh'),(165,'participante159','','Travesía Villar, 8, 61º B, 45225, Gamboa del Pozo','44112','Escamilla del Bages','Zamora','Kenia','920 975923','participante159@panaurum.com','2025-02-24 19:56:16','$2y$12$ZUQ.Zx2nUPtKefmmr9Qf0.3aGJdvZ2wJPxYfUxbjubF.PfIGo09ie','VQiSgNhtc5'),(166,'participante160','','Travessera Núñez, 9, 5º A, 48223, Zarate Medio','44610','Macías Baja','Ávila','Namibia','953-422054','participante160@panaurum.com','2025-02-24 19:56:16','$2y$12$5iLT9EvrliiZYfyVyFKFWe/62vhjnqT/mUsGF0eYmRqXoknx/aD36','6KNsaTeNBA'),(167,'participante161','','Camino Rosa María, 238, 02º F, 94037, L\' Cordero Alta','14693','O Alva Medio','Murcia','Siria','+34 978 43 1826','participante161@panaurum.com','2025-02-24 19:56:17','$2y$12$sg4um0h8QLJ39aw8ZAxtf.q/YcVPjdrY3GxaW4tjvgVC4cLG1kRRS','uEJhFuz7oJ'),(168,'participante162','','Plaza Linares, 724, 25º 0º, 42705, San Gil de las Torres','54533','Villa Arreola','Navarra','Suecia','+34 915 002273','participante162@panaurum.com','2025-02-24 19:56:17','$2y$12$9s7kZ1tWZdNVysqmIAK7LO95ewR5rc7uup2k9CK9zoJMW1Wj6FlAe','myqQewFFpN'),(169,'participante163','','Rúa José, 424, Bajo 3º, 67996, Las Borrego','80975','Los Ramos','Melilla','Japón','958-68-7676','participante163@panaurum.com','2025-02-24 19:56:17','$2y$12$UftCDyW7XsDjhyPUU6qacex13k0ejJsRbFB4nP1XTCB.S0ubA5OFG','R0BuGexZKF'),(170,'participante164','','Calle Ainara, 517, 15º F, 72634, Las Barrientos','34821','Las Mercado de Ulla','Teruel','Nueva Zelanda','924-561955','participante164@panaurum.com','2025-02-24 19:56:17','$2y$12$Lvag5sbgnYplY3877aYovurljKvUYUixOU.2hS52q6Xyf7kFiGpGC','zPJne7wtTW'),(171,'participante165','','Carrer Lorena, 163, 09º C, 78044, Zavala Medio','06376','Betancourt de Ulla','Guipuzkoa','Samoa','+34 943 12 0696','participante165@panaurum.com','2025-02-24 19:56:17','$2y$12$Af3CQ1WVUw.CLsSAsMW4qeQoCt2bBUreK0O3TJE9wdZLEWQ0FZkxW','T5WPklPFvR'),(172,'participante166','','Avinguda Tijerina, 7, 22º E, 17232, Escobar Baja','44367','Os Urrutia del Barco','Toledo','Baréin','998 85 9683','participante166@panaurum.com','2025-02-24 19:56:18','$2y$12$RHsU.ZF5fMLkUKdIbdJQ4e/lcTKXY83J3e50qYJ4DLisyADOj/H7e','DYRgwjA6jO'),(173,'participante167','','Travesía Rodrigo, 81, 2º B, 43990, Villa Saldaña','01775','O Pabón de Lemos','Ceuta','Laos','927-909363','participante167@panaurum.com','2025-02-24 19:56:18','$2y$12$MUbO7EBUkWy9dqNITISkcuxH5r3Rj8lZCRlUaifQVHsxmiXHEW1ky','KGcnfThger'),(174,'participante168','','Praza Girón, 82, Bajos, 60956, Requena del Barco','39748','Puente Alta','Palencia','Malaui','992-202938','participante168@panaurum.com','2025-02-24 19:56:18','$2y$12$LNaq0EOI6c1YQvIfT351Wu6iw63XiSavGYW85Lf4Q09jXKuA7tvBu','igJdXpb1qu'),(175,'participante169','','Travessera Farías, 3, Entre suelo 2º, 79074, L\' Valero','89200','El Rael','Cantabria','Sri Lanka','+34 934-66-8398','participante169@panaurum.com','2025-02-24 19:56:18','$2y$12$6a9H5NowATYlXVIjJdfNie6JAy9IeBnZ.zJI4YQS43NOp7.iwDWpi','iZt4u1HpPx'),(176,'participante170','','Rúa Fierro, 49, 47º C, 69880, Alarcón Baja','10076','Giménez de San Pedro','Cádiz','Guyana','954 38 7854','participante170@panaurum.com','2025-02-24 19:56:19','$2y$12$XGNAy60rZq6seUH/ljlZKetO8zwkramO.SYFBOiGU7EU1fnmWjI/G','rOQUzIhsnB'),(177,'participante171','','Camiño Calderón, 851, 91º 6º, 48069, L\' Carreón','60436','As Benavídez Baja','Málaga','Mauritania','905559186','participante171@panaurum.com','2025-02-24 19:56:19','$2y$12$3ubPe0EOU/bhU84AQQswJOi0Q6FKvUJzdxK7SQ3dCrIZdlDAUy2se','lU4g7woLcQ'),(178,'participante172','','Travesía Lovato, 25, 24º F, 99335, La Cabán del Mirador','17714','Os Hernández del Mirador','Almería','San Vicente y las Granadinas','979591365','participante172@panaurum.com','2025-02-24 19:56:19','$2y$12$/yX5wDQ9z7sl6SwybYzpder/kXuSaPXOpDKyYsx.9MM0duTtYgkOu','i7VU9qLIAW'),(179,'participante173','','Plaza Luevano, 5, 7º E, 28715, San Ríos de Lemos','98929','Os Roybal de Ulla','Huelva','Yibuti','996813554','participante173@panaurum.com','2025-02-24 19:56:19','$2y$12$8HwT3sogR0fLH5j/Ko6vMO1QJvwi.T6yqJ3KtZ.3k8EZZ1pKg7N.u','XpSVYOqBjC'),(180,'participante174','','Ronda Natalia, 1, 77º D, 98392, Cuevas de Lemos','00093','San Valles','Guadalajara','Argentina','933109201','participante174@panaurum.com','2025-02-24 19:56:19','$2y$12$WGVeyQGhQvsPPultRMeUT./CILBv1wZRbTZq5DzvmWOPyyIVMk67q','KblD43ajIy'),(181,'participante175','','Avinguda Blasco, 75, 25º B, 25019, San Enríquez Baja','29589','O Centeno','Melilla','Chipre','+34 954-095752','participante175@panaurum.com','2025-02-24 19:56:20','$2y$12$ZUXfWr.MZkOi2583m1u9EO2d/A8/Ut52jVpaTSnMn.lGDLJDeTa4C','AvEFYTCosj'),(182,'participante176','','Avenida Pol, 6, Ático 8º, 58851, Vall Cervántez de la Sierra','67734','L\' Canales','Alicante','Cuba','+34 916443528','participante176@panaurum.com','2025-02-24 19:56:20','$2y$12$0XRujoHqPFcbiqwGPNBpPu5hL8pVRYOOHpyspZhnh8B6oPV1AgukK','GW9001MvWh'),(183,'participante177','','Avenida Yáñez, 5, 5º C, 02065, Los Vélez del Puerto','93948','Villa Solorio de Arriba','Salamanca','Eritrea','976 848795','participante177@panaurum.com','2025-02-24 19:56:20','$2y$12$u5IDakfEMU6jJWtbb2bSvumene/nyg/uwRIoIKTe3upCLK9ZYkwZG','re95qpBKZG'),(184,'participante178','','Ruela Medina, 817, 7º D, 05898, Los Villalobos del Barco','15857','Sauceda Medio','Soria','Baréin','995-221861','participante178@panaurum.com','2025-02-24 19:56:21','$2y$12$8Y97VZsviYKDfZA6FQ0OtuK8H5U.Ya8MraR1jlyCotxS6uyE5/ry6','FT7YTo3tKl'),(185,'participante179','','Avinguda Navarro, 2, 12º 7º, 42721, Vall Otero','77317','L\' Luque Baja','Soria','Sierra Leona','+34 908 28 6266','participante179@panaurum.com','2025-02-24 19:56:21','$2y$12$Ya57DmEcwhvZtmv0sn7Bo.k2aFiIUh369OKROcVws8KE6yumT5A72','40k0dhXELo'),(186,'participante180','','Paseo Chávez, 72, 03º E, 12752, O Avilés','96161','Os Cortez del Mirador','Cantabria','Irán','+34 962 617131','participante180@panaurum.com','2025-02-24 19:56:21','$2y$12$Zvdv./W7GBArVXHzpoMjd.O2dyfjkM/4.lMl8lNoSb5YTXJnxdL6.','uAzQmU8DcQ'),(187,'participante181','','Travesía Mateo, 790, 35º D, 79551, Vall Casárez del Vallès','55963','Os Castro de Ulla','Las Palmas','Azerbaiyán','914-750403','participante181@panaurum.com','2025-02-24 19:56:21','$2y$12$zGPcIwTDt2c0wokdE06m9.weCs83bW5p8nH8g9aUKl8EPwlXvqUkK','Kx8AC19bRv'),(188,'participante182','','Plaça Adrián, 700, 68º F, 76050, As Bahena','55380','L\' Ruelas de Lemos','Toledo','Letonia','963 21 1809','participante182@panaurum.com','2025-02-24 19:56:22','$2y$12$CHtF1qiKCsrbWbUNi98aK.f5nbRawKC5ksE5Ob0l3nAzeo3vdwLJa','wCfbO37KZv'),(189,'participante183','','Ronda Miguel Ángel, 85, Ático 6º, 49890, O Urbina del Mirador','70422','Armendáriz Medio','Valladolid','Nueva Zelanda','+34 997 561841','participante183@panaurum.com','2025-02-24 19:56:22','$2y$12$vm.Iru9FlBL4PQAjzC6f6ebwZ1lYqB53x3PIpvkNjZq4pjCCaWybG','N1bzTm7cou'),(190,'participante184','','Ruela Castro, 53, 48º E, 10124, Los Castellano','61183','Los Araña','Almería','Arabia Saudí','+34 902 822443','participante184@panaurum.com','2025-02-24 19:56:22','$2y$12$Auvk5/oy8xHERpcqsLF2fOm8HJNmCBuDW/612DO7W0dCGvEHvWUc6','LRAXJRd5l8'),(191,'participante185','','Carrer Martínez, 49, Bajo 2º, 17314, A Barela','45397','Escalante de San Pedro','Ourense','Serbia','+34 968626412','participante185@panaurum.com','2025-02-24 19:56:22','$2y$12$uEGdg5qYhGcKscaPLzh7XeGYYdac83PVx2Nob2ToTkYmh3F4acXya','hNRVEUOVQA'),(192,'participante186','','Camino Biel, 722, 79º A, 64940, Colón del Vallès','35137','Velasco Medio','Soria','Surinam','996-49-1152','participante186@panaurum.com','2025-02-24 19:56:22','$2y$12$T.M5hPfn/Oq0kaPO1SHBXeX5Vk/r50HCjdc3y6DJ9hB8uamE48Xfq','R20qoCScKl'),(193,'participante187','','Avenida Pau, 3, 6º D, 36423, Los Vanegas de Arriba','71115','Vall Angulo','Badajoz','España','+34 930 42 3042','participante187@panaurum.com','2025-02-24 19:56:23','$2y$12$hnBMri/yilXDeRIdYKw5oevcMzx/t69//I4u3nTyG/rBhnb1NJFkW','fcBeo9PEm2'),(194,'participante188','','Plaça Caballero, 7, 4º E, 91618, Valle Baja','79664','Villa Pedraza Alta','Ávila','Islas Marshall','906-31-4261','participante188@panaurum.com','2025-02-24 19:56:23','$2y$12$IIneUbnoVCzbP/sJtPuiEuZLzbwwPDWw8Zbsfg29DPH3t1YQG800y','2AmkD02yGM'),(195,'participante189','','Rúa Diego, 595, Ático 9º, 99225, Solorzano Baja','79530','Os Cruz del Barco','Melilla','Israel','+34 915 496731','participante189@panaurum.com','2025-02-24 19:56:23','$2y$12$XsgDDRg5oyZKIUY0oGyhRuERqX7OBR6gCyp1nv2013NcW0ZPuEARq','2O0Hhrc6cX'),(196,'participante190','','Paseo Carlota, 8, 14º E, 13806, A Serrato Medio','06832','L\' Rocha','Murcia','Ruanda','912 03 5636','participante190@panaurum.com','2025-02-24 19:56:23','$2y$12$6S/H97p2sn0GUKv07mThweGJxMdYUuCZa/LGBV/z.eR9mB6HFE5UO','rOLKziv4Yd'),(197,'participante191','','Plaça Palacios, 6, 8º 3º, 07083, San Asensio','61844','Las Barreto de las Torres','Guadalajara','Catar','+34 911510935','participante191@panaurum.com','2025-02-24 19:56:23','$2y$12$ZzOR5ELBA6IXKBI5rXinXOBzWmQHhQ90MfS8Cq7uZnwVxrNFtriqa','hFkk7mGIi8'),(198,'participante192','','Plaça Córdova, 8, 9º B, 85341, Mena de Ulla','20272','San Quiroz','Las Palmas','Mozambique','+34 964-375655','participante192@panaurum.com','2025-02-24 19:56:24','$2y$12$QII1dNNBXZ/VNKLLq3HoEOSKmav5Rr/DpQHjzTWhmz6mBAZBZ.zlW','wbZiSixWUa'),(199,'participante193','','Avinguda Delafuente, 269, 49º 7º, 11980, A Reyes','95675','Véliz del Bages','Huelva','Estonia','950-348578','participante193@panaurum.com','2025-02-24 19:56:24','$2y$12$JO/V1YbAjxOft2769S6lP.VzLpecjwXer/hU.yqVCMZ3AXkz.PKty','iBgxxerMX9'),(200,'participante194','','Passeig Paredes, 1, 2º B, 87316, La Cortés','19482','Las Pascual','Ávila','Togo','979-72-8096','participante194@panaurum.com','2025-02-24 19:56:24','$2y$12$X0yRZAkPpmbqXXEfeLKTF.HITG5aqIZFgbfVd3usY8LdVl/A6c/oW','Ypw5TSn7fD'),(201,'participante195','','Plaça Jiménez, 80, 86º F, 24247, San Miramontes de Lemos','33649','Os Urrutia del Pozo','Huelva','Turkmenistán','982 215420','participante195@panaurum.com','2025-02-24 19:56:24','$2y$12$XfNlPWwb4K4tHu/pHPs.X.RF47h66WCfuRkOUGApdxIql88JpFmLu','NTwQgWlP1h'),(202,'participante196','','Praza Noa, 5, Bajos, 90922, San Tafoya de Lemos','79161','Villa Abad del Mirador','Huesca','Georgia','927 101640','participante196@panaurum.com','2025-02-24 19:56:25','$2y$12$mkhOANpOvev2.i3cznx40.qFqSuMkyecfny8d5kZ7OuW8X6BQqH3i','Cs9yl5xUOn'),(203,'participante197','','Calle Dario, 738, Ático 9º, 37398, Villa Sedillo','54795','La Armenta de San Pedro','Granada','Libia','911 17 3787','participante197@panaurum.com','2025-02-24 19:56:25','$2y$12$uLr34ZK4Bh7foOZFjc0vWezvpc05Myn6LYuaC4fkCTEZDeflmDXxi','FdCPT9DKnr'),(204,'participante198','','Camiño Mireia, 613, 6º F, 59863, El Romo','76001','L\' Casanova','Vizcaya','Brunéi Darusalam','985 38 1427','participante198@panaurum.com','2025-02-24 19:56:25','$2y$12$SxyxE7gZI4.gYO0Lkq6uRexLx4k6dv/XTSTQ8jQGW5hUWNpGzuuiS','CMhYYZJDoM'),(205,'participante199','','Carrer Villa, 6, 1º A, 59959, Las Viera','71575','San Redondo del Barco','Lugo','Rusia','+34 978-38-8346','participante199@panaurum.com','2025-02-24 19:56:25','$2y$12$YZfnqyaLWtX1emIU4hyVqugLUFJlUpOLy65MHV6sVA96kHCadl5lq','qoiVEwI95V'),(206,'participante200','','Carrer César, 678, 7º 7º, 19862, Santamaría de San Pedro','40347','Los Lucas del Mirador','Castellón','Kuwait','960 565584','participante200@panaurum.com','2025-02-24 19:56:25','$2y$12$Qiq9Pab.qP9VF7AjV174TODO4bSePDZ19HX9KL20ETM486X.WWwRy','XE095Y0LiJ'),(207,'participante201','','Paseo Sanabria, 38, 62º C, 93150, Carrión del Pozo','56735','As Mora de la Sierra','Segovia','Mónaco','920-646581','participante201@panaurum.com','2025-02-24 19:56:26','$2y$12$CBCnORERehxA6YkMdctwau.pb0iYRNK9x.iro/CjHYi0TevzL1eYC','FlqBsKqsup'),(208,'participante202','','Paseo Moreno, 321, Ático 4º, 07259, Miranda de San Pedro','30780','Os Véliz','Illes Balears','Singapur','+34 983 20 7957','participante202@panaurum.com','2025-02-24 19:56:26','$2y$12$jQO1ImaXi6NLa1jletEJQuIuOeGEq0uwsmXuQni5djqcg6Ja7BOBG','el9fVAtfjX'),(209,'participante203','','Carrer Lucero, 410, Ático 7º, 21471, Báez Baja','92221','As Tamayo de Arriba','Huelva','Cabo Verde','969206666','participante203@panaurum.com','2025-02-24 19:56:26','$2y$12$Hg99Bm9aiV3cK2k03rNRtefZLa20pa12r7v0GtT1hu9sq1bDIK8Ze','q2dFjhOD6t'),(210,'participante204','','Avenida Narváez, 238, 87º A, 65828, A Enríquez','91906','Menchaca del Barco','Ciudad Real','Islas Salomón','960-118849','participante204@panaurum.com','2025-02-24 19:56:26','$2y$12$2NG0TIyBhesIToKgrE3Ww.u6pbFewFnYgEghY4aT8xAaDn7GjlMXC','gXaGWBHzch'),(211,'participante205','','Passeig Romo, 605, 69º B, 65042, Os Bermejo del Puerto','19821','El Moya','Valladolid','Camboya','974816728','participante205@panaurum.com','2025-02-24 19:56:26','$2y$12$0T7SNmFJgqtYQ5ZCxYAFg.6jdepuEymcEE9twCfdteoFDaygwZIpO','rdam3WRs46'),(212,'participante206','','Carrer Cortés, 1, 2º, 05547, Los Botello de la Sierra','51575','Parra del Penedès','Valencia','Palaos','+34 962 386432','participante206@panaurum.com','2025-02-24 19:56:27','$2y$12$0F24lfkMiz4w7tUF/j0yhe8/FDOnY59HtO.FJ95sfBKDv7PoYsn.G','McXt1tVkiZ'),(213,'participante207','','Ronda Esteve, 570, Bajo 7º, 58376, Elizondo del Barco','59903','La Padilla','Ourense','Chile','914475719','participante207@panaurum.com','2025-02-24 19:56:27','$2y$12$awt/lI0VYScRjbrz2a8KEOZX9NLHlyC63aLuxpJSkbxHmiQI2Sfi6','fFHZAMeAq0'),(214,'participante208','','Passeig Aitor, 85, 9º D, 73451, Vall Casas Medio','81842','Los Estrada','Huesca','Angola','943-555463','participante208@panaurum.com','2025-02-24 19:56:27','$2y$12$pz2YyGFA1kjx8Do3qy8lhOjfHdWF9Qzy3I4wTq4Xqvdibul18Oj7e','MscfFFON7w'),(215,'participante209','','Avenida Miguel Ángel, 64, 4º, 39635, Mondragón de Lemos','89704','Os Ibarra','Segovia','Vietnam','909-94-6308','participante209@panaurum.com','2025-02-24 19:56:27','$2y$12$XAEPhuQ6Wt6.wWnSvh0LNuvqe.lhGEerZrmkQzFbGycX5i33u0ZHm','ArMCvfrYSo'),(216,'participante210','','Camiño Lola, 42, 34º E, 19774, Los Curiel de la Sierra','75256','Villa Moya del Bages','Palencia','San Cristóbal y Nieves','+34 969 95 0952','participante210@panaurum.com','2025-02-24 19:56:27','$2y$12$/ejenANeHc7mmJHIoqRXtOsjsgJdIhr7LY7fmlQZApIUpyWLr.fyq','YqDQxry1mL'),(217,'participante211','','Plaça Inés, 869, 72º A, 75883, Guillen de San Pedro','40244','Los Huerta del Mirador','Girona','Níger','+34 933 88 6817','participante211@panaurum.com','2025-02-24 19:56:28','$2y$12$KpvqXi.QMqN.O/DCBWvk5.WbRIltzUspC2Dabk6hX0LtgT06v39iC','dcHbRcDcX1'),(218,'participante212','','Avenida Natalia, 6, 13º 3º, 85714, Villa Pardo de las Torres','36578','Izquierdo del Vallès','Granada','Mali','971531937','participante212@panaurum.com','2025-02-24 19:56:28','$2y$12$C0/KsQ2cR6hDSA7jR7er2eTJ3Lorfxb9gonvV/GengJfiaYdgjCjK','QOPlivJ04r'),(219,'participante213','','Ruela Samuel, 85, 1º A, 26562, Las Rivero','03326','Fuentes de las Torres','Ávila','Angola','927583434','participante213@panaurum.com','2025-02-24 19:56:28','$2y$12$34jt7UBSc2Wc09hakDvm4eDeXOnwLizQhI8voBuQBE2.4eg1I0Nk6','SL6bb9qnSQ'),(220,'participante214','','Paseo Nuria, 630, 41º C, 25435, Lucas del Bages','55950','La Navarrete del Vallès','Toledo','El Salvador','988-739938','participante214@panaurum.com','2025-02-24 19:56:28','$2y$12$1frpqmxJB3VAvNKzJoTCGuo/lmufKVX80Ez/yCIXL5b76PxCwUtoe','0gS2yP5nxs'),(221,'participante215','','Ronda María Pilar, 9, 99º F, 39016, O Olmos de la Sierra','82163','Serrato del Barco','Illes Balears','Lituania','+34 972 63 6883','participante215@panaurum.com','2025-02-24 19:56:28','$2y$12$Y6.tpW3eUGtIlqYRCe6XeORBwnPIqcjYiN7n2F8li/WiH9kfh7G6e','EpzwMzwSdy'),(222,'participante216','','Plaza Villalobos, 9, Bajo 5º, 21258, Zapata del Penedès','49198','Las Pagan','Alicante','Congo','+34 984-51-2490','participante216@panaurum.com','2025-02-24 19:56:29','$2y$12$W2eRrT.jmvaqniZ/Lvz4xOfGoLUzsasRtfoa6d0Ch4QY4XG2793fe','JrQ1GC8XIF'),(223,'participante217','','Camino Echevarría, 672, Bajo 9º, 75891, Barragán del Pozo','26118','A Gonzáles de Ulla','Vizcaya','Chile','979 16 9949','participante217@panaurum.com','2025-02-24 19:56:29','$2y$12$dTgX2tOlpm8JdlE6yLy3Y.ApitcEEw76CI5OaOx3eUYUh4GKGuTz.','PI1SOQe1ct'),(224,'participante218','','Paseo Elsa, 710, Bajos, 62647, L\' Pichardo del Vallès','69248','Vall Marcos de Lemos','Lugo','Malasia','928 925147','participante218@panaurum.com','2025-02-24 19:56:29','$2y$12$Hs/xR.cPtKdTE1WsdzScHOww6keevwGr.QSeY8RXaRPBrNsDWBgca','vvSdFk4pNs'),(225,'participante219','','Praza Lola, 251, 0º E, 53399, Cuesta de San Pedro','51783','O Suárez de San Pedro','Palencia','Comoras','975-130923','participante219@panaurum.com','2025-02-24 19:56:29','$2y$12$57Zk11L/WltqgVonaTow6.KwYjgi0jkf2tQPYXLi.P12aXP3vBx2.','yn4qc2o4kk'),(226,'participante220','','Travessera Ana, 8, 79º E, 67671, O Peres Alta','37730','As Delacrúz de San Pedro','Tarragona','Mónaco','923714498','participante220@panaurum.com','2025-02-24 19:56:29','$2y$12$QArUc3Iz/VoRGQGNSIBhC.PFTjYDFwMqYq/KTgTCp0QWzWFmGJ98C','m3ntOBMZgE'),(227,'participante221','','Ronda Eduardo, 195, 55º D, 07669, Los Rivas','18934','San Solorzano del Pozo','Ceuta','Argelia','931 48 6270','participante221@panaurum.com','2025-02-24 19:56:30','$2y$12$z9lFIoGEx8GNhZctDxRV2Ou9aIW96WvkXchMV1IXZSXIxwlcy0KqK','8E18ECcXRG'),(228,'participante222','','Ronda Peláez, 2, 2º B, 13351, Os Cabrera de Ulla','89230','Los Toledo de las Torres','Zamora','México','+34 906 25 2809','participante222@panaurum.com','2025-02-24 19:56:30','$2y$12$UYg1NCouzqyX2K064F4Y5uUtD/eo75idFBaeKFdrYyjTcmr4c.EHu','N5wP2DYMP4'),(229,'participante223','','Carrer Cabrera, 9, 1º A, 07857, Los Ceballos Alta','88977','La Patiño del Barco','Ceuta','Madagascar','+34 980 79 1655','participante223@panaurum.com','2025-02-24 19:56:30','$2y$12$w0dDqr.b8sfi/9kb/JjplOtdfhMCEYmUS2pFUiUATDMfsaIEkE0nq','UZudWmt2ql'),(230,'participante224','','Travesía Abril, 257, 89º A, 54855, Las Rodríguez','35547','Zayas del Bages','Valencia','Líbano','+34 972-525302','participante224@panaurum.com','2025-02-24 19:56:30','$2y$12$HG81Bos9i0FfTl.O029EFuzKjjp6yTIzK36k3qv8EOPUCtbOTiiyi','J6oxccsPtP'),(231,'participante225','','Calle Escamilla, 571, 45º 4º, 80053, As Raya Baja','12287','Las Lugo del Mirador','Málaga','Fiyi','+34 961-031426','participante225@panaurum.com','2025-02-24 19:56:30','$2y$12$X.T02mpfOHJmxq1p.4IhPukEpcBBg6c5QlhZ/Dcia2FKRQFoZ89iK','kHMzR4qcXh'),(232,'participante226','','Praza Vergara, 795, Ático 4º, 40226, Las Rangel Medio','49538','Gallego de Arriba','Granada','España','+34 929 30 3117','participante226@panaurum.com','2025-02-24 19:56:31','$2y$12$6g/GGSGevCRr4.vCUB8O3eGSJpdpPsXu8lbb3XbCGl0jtT6nvb3v.','8QF8oMrFFA'),(233,'participante227','','Ronda Irizarry, 6, 0º B, 96858, San Barraza','97480','La Montoya','Las Palmas','Marruecos','901-66-3126','participante227@panaurum.com','2025-02-24 19:56:31','$2y$12$rlzNFRd9M0OB5bpV63TD..dEf5UpIkS7kMCL5rzwtigAlgO95.ZUK','DNNoBu1zV4'),(234,'participante228','','Praza Ian, 19, 3º B, 78969, Armijo del Mirador','61066','Los Matías del Penedès','Álava','Dinamarca','+34 992 20 0808','participante228@panaurum.com','2025-02-24 19:56:31','$2y$12$8JPou1Lic53WAq5qGbaWueQ9eucy/otuRSUUzKN9LxiGgYgDuJ/jK','G163oFouHU'),(235,'participante229','','Ruela Posada, 27, 1º B, 94040, Carrillo del Vallès','95569','Las Cárdenas de San Pedro','Valencia','Grecia','+34 962 01 5560','participante229@panaurum.com','2025-02-24 19:56:31','$2y$12$WRq1KlCIeduwv1phbymKOu70DrTQ8q2IqP/eQZn7qXyoQBXhlMUIK','iRF19MYHwh'),(236,'participante230','','Avinguda María Ángeles, 96, 4º B, 05610, San Villagómez','62695','Ledesma de las Torres','Ceuta','Uruguay','959-820592','participante230@panaurum.com','2025-02-24 19:56:31','$2y$12$g3IjMBQxQEHBw9dyA2rniedHqf6VQwfXigls.OYO6EN.EMbMKKuQ2','WIM9rpbJ7n'),(237,'participante231','','Ruela Martina, 36, 0º D, 22289, Moya de la Sierra','27823','Aranda del Mirador','A Coruña','India','975-33-2975','participante231@panaurum.com','2025-02-24 19:56:32','$2y$12$8JovqEMsNKu70wKaoEh1FuFteDfuuBgQ3JTEDg6UB9OITlDxI94/S','qAdBi8ul9d'),(238,'participante232','','Camino Dario, 3, 4º F, 47227, Los Villegas de San Pedro','35781','Betancourt del Barco','Álava','Azerbaiyán','+34 978-839699','participante232@panaurum.com','2025-02-24 19:56:32','$2y$12$15xXnGbXQoMtNvR0xOa3YegibYEFXUEBx0vPxImkgK9d.rhIW8fIC','3p1B2FCDAK'),(239,'participante233','','Plaza Naia, 75, 7º C, 53660, L\' Alemán Baja','78129','Os Valentín Medio','Burgos','San Marino','964-57-2221','participante233@panaurum.com','2025-02-24 19:56:32','$2y$12$6iUEaAxyxkG5CxtypyIk5O.ydp70ZDJYAxcvbxnMQqsujhYuB3hFe','Cq8jUvfapH'),(240,'participante234','','Travessera Alfaro, 52, 3º F, 77301, San Caraballo','92881','Los Fajardo del Pozo','Granada','China','915-526400','participante234@panaurum.com','2025-02-24 19:56:32','$2y$12$KjobQw/xMqITCCvH6.8UxuvOeg5ELHcWfdqylizknsmP.vKRKvR8W','TyjZICYMSI'),(241,'participante235','','Avinguda Jordi, 455, 5º D, 79252, Os Robles de San Pedro','87303','Cavazos del Bages','Albacete','Uganda','943572633','participante235@panaurum.com','2025-02-24 19:56:32','$2y$12$47mb4B9m/10FS4gGpsPwse/g0yDdppBDGA06/7excNXt6uKUePIoq','vSZ690QXa3'),(242,'participante236','','Plaça Soriano, 3, 0º, 13350, Mojica de San Pedro','01183','Jaime Baja','Ciudad Real','Bélgica','959-410974','participante236@panaurum.com','2025-02-24 19:56:33','$2y$12$XvhZ3btRDV6ujoXOE3M2PuKaX42kvYK3r0693lFvYtGgsKeHjvVyi','QjU4cHzEEY'),(243,'participante237','','Paseo Rubén, 2, Bajo 7º, 00681, El Apodaca Alta','11289','Ávila de la Sierra','Ceuta','Trinidad y Tobago','976-064028','participante237@panaurum.com','2025-02-24 19:56:33','$2y$12$L/pEU/eht3/K6s8k6AAmou1/lGJI/O/HYKUyWd3XnwAHYrtv3ZEDi','MZm9snrpjB'),(244,'participante238','','Camiño Jon, 7, 49º 3º, 07709, L\' Hernández','86945','Vall Luján','Cantabria','Dinamarca','975-399196','participante238@panaurum.com','2025-02-24 19:56:33','$2y$12$4UI4j54EXfmnzSTR4KlkyOvQF5I3OxJsX59xin1dSa2NJaXm6LPpG','RqbF0j8gQ8'),(245,'participante239','','Praza Jan, 8, Bajos, 32410, O Quintana de Arriba','45241','Carreón de la Sierra','Ciudad Real','Togo','989 07 4969','participante239@panaurum.com','2025-02-24 19:56:33','$2y$12$Cf/UYsOit/qyP/HVgM5wsO75p7UasU2DzJl05GcUCkusaLpj3Mn3i','Egxwnc3nAB'),(246,'participante240','','Calle Alba, 25, 46º D, 34090, Chavarría del Bages','55562','Pabón de San Pedro','Toledo','República Checa','938 033542','participante240@panaurum.com','2025-02-24 19:56:33','$2y$12$F70YEMwnV2iP3c2n05fxHu4RbvhRTtY5TZfitojew0YiDN5LQ2aIK','GX4toA9pM7'),(247,'participante241','','Calle Pérez, 6, Entre suelo 2º, 11348, A Delarosa','58556','Jáquez de Ulla','Ceuta','Bután','999-611277','participante241@panaurum.com','2025-02-24 19:56:34','$2y$12$v3ZKHXSuHs8Sp1qC0Oej7O4mRyTWVO1YkEOxGUrYot/ArRGdj4UUC','fVX2hUtNRh'),(248,'participante242','','Calle Véliz, 64, Ático 5º, 72548, Villanueva de San Pedro','17245','Narváez del Barco','Madrid','Albania','+34 907 26 4853','participante242@panaurum.com','2025-02-24 19:56:34','$2y$12$DD5cmOth0Xr2Ic/s0gV47.5HA8UXv1fIAELs8ZdgVfLrTX8oDhsVe','B0S0XmQHDU'),(249,'participante243','','Paseo Silva, 69, 5º E, 88624, L\' Martí del Mirador','55210','Los Alonzo de Ulla','Melilla','Burundi','931 50 6105','participante243@panaurum.com','2025-02-24 19:56:34','$2y$12$ZeUK4EV7HJafQ5PAEZrjBuvk.siAC0L35nMRYlNRIZoJYal9FglCW','nKMLB9DwSW'),(250,'participante244','','Plaza Clara, 3, 7º F, 81296, San Soriano','19282','El Rodríguez del Barco','Guipuzkoa','Arabia Saudí','989 10 2745','participante244@panaurum.com','2025-02-24 19:56:34','$2y$12$rV4b8sKrSvhg6HrDogh56eZwySPtKHUfsshqBbYt4LL5DFfknP5ia','DMNZwY6Mji'),(251,'participante245','','Ruela Paola, 303, Bajo 4º, 95819, L\' Centeno','94126','Os Rodríguez de Arriba','Granada','Papúa Nueva Guinea','+34 950 663548','participante245@panaurum.com','2025-02-24 19:56:35','$2y$12$Fxv/KnKhzM8AXrBuZgUSQ.xU7qRZMrRrgTRlI95Jz7OOzsVtj4n3G','zJXrsDv2fw'),(252,'participante246','','Passeig César, 3, Ático 2º, 91478, Gonzáles del Bages','57346','Moral Baja','Tarragona','Eslovenia','982-27-1911','participante246@panaurum.com','2025-02-24 19:56:35','$2y$12$3GzW2HieueNYEx1IZAvRZeHlH4iNuDjOSaMM.Yx2EKDsDoQpvegBy','1iBK2WNNTU'),(253,'participante247','','Avenida Cervantes, 94, Ático 2º, 97706, Montes de San Pedro','51928','O Villanueva del Penedès','Lugo','Yemen','+34 985624140','participante247@panaurum.com','2025-02-24 19:56:35','$2y$12$H7OlaftD6QVGS74WAfSzVeMlpFEQzKiywjLB0fGM2LXeHFb4aOwo6','Ny6ZbppsXB'),(254,'participante248','','Calle Carrasco, 90, 0º D, 35527, Ortíz del Pozo','34867','Sierra del Pozo','Tarragona','Sierra Leona','987-11-9354','participante248@panaurum.com','2025-02-24 19:56:35','$2y$12$jzUxZzIw0UnfP69SicWDMeA1bEn2EedPWmkQuCn.8FuH.uh688tm.','ykpjxB7oiD'),(255,'participante249','','Plaza Marta, 73, 2º, 38190, L\' Romo Medio','59139','Calderón de Ulla','Lugo','Nepal','+34 913-66-3635','participante249@panaurum.com','2025-02-24 19:56:35','$2y$12$Yfg6fkkAtNpuVWDBIsSP3O11Pl5u/gWMtBvgM59dXiV5FrRbWlXbe','JBHvYKPZbD'),(256,'participante250','','Calle Montes, 9, Bajo 9º, 27837, Villa Rey','70633','O Padrón','Burgos','Nauru','+34 924-440540','participante250@panaurum.com','2025-02-24 19:56:36','$2y$12$14B4cYqvJvBsbIEQNkmlO.XcB6giiI5y9kqb9jAcutmc9Iyzqh5W2','BL2c1NOWkn'),(257,'participante251','','Passeig Cazares, 10, 6º E, 51584, Os Sevilla','71758','L\' Olivas de Ulla','León','Singapur','920 02 6352','participante251@panaurum.com','2025-02-24 19:56:36','$2y$12$3omg4SxpKRZKu/PJI/TOLemRg0alGmsZC9vFaHNuf4OJ41JnofYHC','vTZDLeZTP1'),(258,'participante252','','Calle Garica, 62, 10º E, 92785, Prado de Ulla','69812','Pedroza del Vallès','Ávila','Marruecos','+34 977-431986','participante252@panaurum.com','2025-02-24 19:56:36','$2y$12$kXVaI6ukHAHcZ1GUlfmi4.Q/qdfDWHYR.ucACN3/A8EUPFFl9n0Bi','wulseYuVJA'),(259,'participante253','','Camiño Valadez, 512, 5º E, 90392, Vall Ureña del Vallès','75882','Ozuna de Lemos','Palencia','Papúa Nueva Guinea','+34 923 04 4582','participante253@panaurum.com','2025-02-24 19:56:36','$2y$12$w4tGK7tkgx78.mb/.WjTdOnw8qICv2FiSGo9SLlLwI47mVDqPGyeS','FIMPOKrDSf'),(260,'participante254','','Plaza Guajardo, 540, 71º D, 85911, A Orta','63464','Henríquez de Lemos','Teruel','Mónaco','941220836','participante254@panaurum.com','2025-02-24 19:56:36','$2y$12$10r0EFIx/5Tm.vIRu8z86OM.qTnJEv.nHaiXrsUYd6EyHAaZe7YQ6','4ARXOnJkGP'),(261,'participante255','','Paseo José Antonio, 48, 28º D, 75564, Valles de las Torres','84425','Garica Medio','Murcia','Vanuatu','987-692150','participante255@panaurum.com','2025-02-24 19:56:37','$2y$12$VtBOFontDSANEEhfU4Oz2.pOI4WrxXy4c892aRLrmNrdLOEyYDHky','t8a8Iut6Z8'),(262,'participante256','','Travesía Amparo, 2, 25º E, 24600, El Heredia de San Pedro','20766','El Patiño del Puerto','Málaga','Corea del Norte','956-95-9533','participante256@panaurum.com','2025-02-24 19:56:37','$2y$12$7cyGmgxEYG2uFqqYq0nOSe3Girxso0K3y5lDx8DtjMuJXtbnZY0h.','70jBzxAWTb'),(263,'participante257','','Ruela Saúl, 701, 99º A, 52644, Las Robledo del Puerto','31410','Montaño del Vallès','Álava','Níger','980 605750','participante257@panaurum.com','2025-02-24 19:56:37','$2y$12$o6.Ua7.YJc0PXLC7It8YFOv7vbIOadWhc6QPv55JI11i2RR7Ic4Qa','cT22N7fDUO'),(264,'participante258','','Paseo Valle, 8, 41º B, 71135, El Badillo del Mirador','31973','Los Quiñónez Alta','Jaén','Ghana','+34 962 986928','participante258@panaurum.com','2025-02-24 19:56:37','$2y$12$s1nUTsjlykmZeQVjvnOHC.XbtoE/hq6Xn.bum4Vw.AdDVgJd8mJyq','lZrbbiAjN5'),(265,'participante259','','Plaça Alcala, 7, Bajo 1º, 98876, A Marroquín del Mirador','85326','Delatorre Medio','Palencia','Islas Salomón','952 03 3611','participante259@panaurum.com','2025-02-24 19:56:37','$2y$12$4piKY8CkkWwUg1CHCl37ueIClHYYeP2BpYMlqb9ZOpxzIPEWz/Bma','1Ax5NLLflt'),(266,'participante260','','Travesía Nahia, 8, 54º F, 26230, Sola de la Sierra','83181','Ojeda del Pozo','Huelva','Ciudad del Vaticano','963 481375','participante260@panaurum.com','2025-02-24 19:56:38','$2y$12$iK7r47QUL.LsD71MVZtJAe6l6LcW1wLIu7rSxUde7TMJeG0/TsYQy','OK5kKn3UzJ'),(267,'participante261','','Passeig Juan José, 7, Bajo 7º, 49497, Peres del Mirador','08748','Ballesteros de las Torres','Vizcaya','Kenia','960 046812','participante261@panaurum.com','2025-02-24 19:56:38','$2y$12$drU0gR.4FyChE/8i86XV4uyQMWTE1Jwexo3ybPmQLpYDuh2nCTwoO','Gva0EnUa2c'),(268,'participante262','','Plaça Muñoz, 385, 43º E, 65964, Villegas Medio','29809','San Peres','Lleida','Togo','+34 985 12 1618','participante262@panaurum.com','2025-02-24 19:56:38','$2y$12$P0hqsvtC/wNvHArMxirIfOsXdTt3e7f0HF6MqavUb1xJzOo5WUBNi','Oi5eL6xOhO'),(269,'participante263','','Calle Noa, 825, 90º F, 14474, O Fernández de Ulla','72959','O Mireles de la Sierra','Cáceres','Uzbekistán','981532229','participante263@panaurum.com','2025-02-24 19:56:38','$2y$12$PEXRl9ygYEKl5epictEM/uxD9IsMA8cmC33GZ05AzqcXnx9XIKn66','OAoKkI5Wx1'),(270,'participante264','','Ruela Lara, 44, 2º D, 94138, Trejo de las Torres','15332','O Heredia del Barco','Valladolid','Turquía','958450726','participante264@panaurum.com','2025-02-24 19:56:39','$2y$12$zucjCyIMhkBbbIyCIjA31OCbSzzccCM0EB5XGuCf6AFSn8gy62.3C','cAxM8rzEwa'),(271,'participante265','','Ruela Adam, 6, 50º B, 33239, L\' Menéndez','92330','San Delvalle de Lemos','León','India','989286337','participante265@panaurum.com','2025-02-24 19:56:39','$2y$12$geqfPR.3IO..zs6HFt6JSOto7hkMU2bpV8jTfELzKMo2ern3YV1Bu','3jUqU6xtGg'),(272,'participante266','','Travesía Jimínez, 7, 1º B, 92697, Muñiz del Bages','84574','La Urbina','Zamora','México','+34 917-37-8982','participante266@panaurum.com','2025-02-24 19:56:39','$2y$12$8I2jt/KW.rrI3mjhLxUDFOl1OkYbl5o1dhMRmBKzjVjWFDf7vqRrm','uTFBZ8nocH'),(273,'participante267','','Camiño Sanabria, 280, Ático 2º, 96448, Rojas del Barco','33558','San Juárez Medio','Lugo','Suiza','+34 945747499','participante267@panaurum.com','2025-02-24 19:56:39','$2y$12$eFAp2q5xLCdNgSPqoTVRi.FgiLop9nn5AuFZRpL.MkKTJFvDrfTsG','C5IAV5HmTu'),(274,'participante268','','Avinguda Joel, 82, Bajo 6º, 34747, Los Lebrón','75789','San Acevedo de Ulla','Navarra','Mongolia','902-989031','participante268@panaurum.com','2025-02-24 19:56:40','$2y$12$c5Gxc6xqI8OCOSynKLxsIuZA/gSFcjZgZAOCLlfIxaaobF4PMjcKq','J00hLJZd2h'),(275,'participante269','','Travesía Alonzo, 111, 62º E, 48194, Palacios del Penedès','76743','Robles del Penedès','Guipuzkoa','Kiribati','926801425','participante269@panaurum.com','2025-02-24 19:56:40','$2y$12$BpENpK4KhKWn1J/gSJU06.QTUxN0JHhHUg5z1SWBsG8ZqgA6IEVLC','RTsAVaTMPQ'),(276,'participante270','','Paseo Gerard, 120, 5º D, 79514, L\' Pereira del Pozo','33366','Las Rivas del Penedès','Zaragoza','Dinamarca','+34 915747569','participante270@panaurum.com','2025-02-24 19:56:40','$2y$12$lA0CCTRPskmJ8MhJHiDW.OvmBLM0xd5CZItTYwy.h61dQZTPuEgWC','YTJGCMZgcQ'),(277,'participante271','','Ruela Teresa, 130, 5º B, 25168, San Santacruz del Pozo','48456','L\' Llamas','La Rioja','Maldivas','+34 965 661479','participante271@panaurum.com','2025-02-24 19:56:40','$2y$12$ykDL2kE5r3QCj4SHfv11leoWydfuLj7sm.ibP3heMQEQDwCjUyLRO','95RDzxpdPF'),(278,'participante272','','Travessera Bruno, 223, 4º 0º, 06800, Espinoza del Puerto','00392','Os Montes Baja','Teruel','Dominica','+34 906736437','participante272@panaurum.com','2025-02-24 19:56:41','$2y$12$vMax245nPuRgsyKs2lguEO90kk6YyFyNuDIF1wrPMrRymCDe/ck7e','hbYaNC0tJm'),(279,'participante273','','Plaça Nuria, 62, Bajos, 14405, Los Velázquez de Arriba','98298','Las Carmona','Pontevedra','San Cristóbal y Nieves','924-709832','participante273@panaurum.com','2025-02-24 19:56:41','$2y$12$6uJi5aaSwoj3xwfAjKPViOXTy.RsR6KZjg/Ln.zuV8apqpmsjpUy.','Py646TGZRI'),(280,'participante274','','Praza Guillem, 97, Bajo 8º, 07651, Zúñiga del Pozo','15585','La Bahena del Bages','Teruel','Catar','+34 986 250908','participante274@panaurum.com','2025-02-24 19:56:41','$2y$12$rhI/Psmdlaeg01NaEKE82ukXIOeG5uUmStNubLlHi85xaUm8a9w.i','idAHHP1MBZ'),(281,'participante275','','Paseo María, 756, 19º 1º, 93772, Longoria de la Sierra','43213','Las Juárez de la Sierra','Málaga','Kiribati','+34 914 81 9970','participante275@panaurum.com','2025-02-24 19:56:41','$2y$12$m2ub4KCFx6RAIIUDBlP8v.kaNn/O./aPDDw9ZZffjJpitWxtrvuP6','2cGB2Iz6qW'),(282,'participante276','','Travesía Peláez, 3, 3º D, 05531, O Ozuna Alta','26689','Las Solano del Penedès','Asturias','Letonia','996-830975','participante276@panaurum.com','2025-02-24 19:56:41','$2y$12$8N8gORqf3SZkYo4iOdB0Cu.RP2KWDocQbBCRcLPw1Gp5VSQt5nkQy','LGFC9Jehi8'),(283,'participante277','','Ruela Oliver, 7, 6º F, 23714, Vall Valero de Ulla','59003','As Canales del Puerto','Barcelona','Samoa','913289453','participante277@panaurum.com','2025-02-24 19:56:42','$2y$12$6CiJ7.AVwddQvI3JJ1saUewZwfz/CPPomCBwIV.JgAWDCekVosj5S','qB6yKaDENS'),(284,'participante278','','Travessera Ariadna, 676, 9º B, 17841, Prado Medio','68508','Vall Cano Medio','Lleida','Eslovaquia','946-855703','participante278@panaurum.com','2025-02-24 19:56:42','$2y$12$dM1WCuJ4XRJz6H.Wl5atPORjOwF8D3N8lArf/2MpO0QmM9CAMDTLi','M6rzZ2PuOr'),(285,'participante279','','Camino Camarillo, 74, 40º C, 31911, Los Puig','55072','A Solorzano del Pozo','Tarragona','Yemen','983 930431','participante279@panaurum.com','2025-02-24 19:56:42','$2y$12$j9dLaFxcnusk6ss9uQX7m.t/emVq6DIcOuEJJ51NZYh6ee9tsmPXq','XeDuIS7Fkp'),(286,'participante280','','Paseo Helena, 3, 65º E, 97490, Valenzuela del Barco','22451','L\' Roldán del Puerto','Tarragona','Eslovaquia','991-297134','participante280@panaurum.com','2025-02-24 19:56:42','$2y$12$TUeH.rbYvyObEuFvVsF9DeWdCjFRqqL/zSMFzZxBfSm7Q3tR0nc92','7WjL7eIFuO'),(287,'participante281','','Plaça Pardo, 255, 89º 9º, 27839, Díaz de Ulla','62068','Os Botello del Puerto','Cáceres','Senegal','+34 900-57-8378','participante281@panaurum.com','2025-02-24 19:56:43','$2y$12$Y6bjX/Ci0qjBpRuep4L8D.65ukpo4W.4lWSanPwM5k/GUczh7CRly','Mq5Okxp2uS'),(288,'participante282','','Avinguda Domínguez, 26, 1º A, 29882, L\' Ramírez del Penedès','83156','Alba Baja','Lleida','Seychelles','+34 974 32 7015','participante282@panaurum.com','2025-02-24 19:56:43','$2y$12$9PhV1DXRtjaA5Yus/SQPQughpCweVc2kAwDzdAHHxXZy.Txf2.Xg2','IOG8JICNgI'),(289,'participante283','','Avenida Domingo, 468, 2º 1º, 54809, Cuellar del Penedès','73835','Arevalo del Pozo','Huesca','Mauritania','+34 971-67-4146','participante283@panaurum.com','2025-02-24 19:56:43','$2y$12$sO54/3RRq1j3eUNMbiy5/OFQxpLjiUeZ2evtcPjvl6fcIjBlcHjH6','o7E1lGV3kC'),(290,'participante284','','Travessera Bruno, 845, 0º C, 46509, San Garica Alta','38321','San Bahena','Las Palmas','Tonga','982 307453','participante284@panaurum.com','2025-02-24 19:56:43','$2y$12$DOnfb9Hn4wxcIG64R8aAGeKOK4an7K8KpEixXxYIPtcIbjlZg6WPi','CqQhFH05LD'),(291,'participante285','','Camino Miguel, 97, 02º E, 03090, Vall Soria','90609','L\' Aparicio','Álava','Mali','935 57 9484','participante285@panaurum.com','2025-02-24 19:56:44','$2y$12$OyYQx37u5IThjFVDUhXmYOKYhA3dsnlDFBdOCOIaTLdmgjDsq.m8O','XrheNuNApm'),(292,'participante286','','Praza Escudero, 66, 39º F, 49810, Los Amador del Puerto','04712','Vaca Baja','Valencia','Macedonia','976-69-0081','participante286@panaurum.com','2025-02-24 19:56:44','$2y$12$8KsDedAZlVxupXAz1xQ//.L5SH81QYHvY6hjfuyg8ZkqTFm7lh74u','PwyZCpY2uP'),(293,'participante287','','Avinguda Reyes, 314, Bajos, 44324, Vall Benítez','91314','La Macias del Vallès','Valladolid','Mauricio','991259729','participante287@panaurum.com','2025-02-24 19:56:44','$2y$12$Wz6OYEmfXGnooc2KoKNXou4/XfZQWpTXumFtHSz2x7H4EVtweWD/u','MOR1tKafBX'),(294,'participante288','','Rúa Agosto, 13, 10º E, 64605, O Almaráz de Arriba','62050','Villa Puig de Ulla','Álava','Angola','+34 927 204160','participante288@panaurum.com','2025-02-24 19:56:44','$2y$12$2wRyTmE1nYanKGkdLiGZQuGihT17GDpm2ewBcBljz1FCXl3UdlYSu','yjBg5zLlb9'),(295,'participante289','','Travesía Celia, 4, 4º F, 35200, Zapata de las Torres','87532','Santos del Vallès','Cáceres','Bangladés','+34 940851546','participante289@panaurum.com','2025-02-24 19:56:45','$2y$12$d1Is9MpnLHqxDhkl3NchVuqys/FJlES3q6tuSYGtjOV31iUuVDT9i','FLYhJrrOlI'),(296,'participante290','','Avenida Rodarte, 752, 8º F, 49227, Zavala del Bages','06284','Valadez del Mirador','Málaga','Líbano','+34 976-16-0153','participante290@panaurum.com','2025-02-24 19:56:45','$2y$12$Fj8WVpNWeXP5FeBIc7hbV.n9YEtjt8QkDIIGY1nneK904tvio/MHW','EhNrSJGxh5'),(297,'participante291','','Camino Esquivel, 1, 4º F, 41433, Vega de Lemos','79304','Urrutia del Puerto','Zamora','Afganistán','983 60 0663','participante291@panaurum.com','2025-02-24 19:56:45','$2y$12$LiMtJo/2CJfNpaUbxu5iNOqtseN3Ory7.R.WpzrPnavf3FxxAyTM6','asbTmNgi7t'),(298,'participante292','','Rúa Francisco, 894, 8º E, 52056, Vall Carrillo','12333','Villa Quiñones','Guipuzkoa','Costa Rica','+34 951-85-2474','participante292@panaurum.com','2025-02-24 19:56:45','$2y$12$8tZrKkfPx5Sufo9DUirXXOxWs8piHcknGqrFr1eMwYDYS6WLlB7cC','TNdEXwmnNH'),(299,'participante293','','Paseo José Manuel, 22, 1º D, 67929, Las Solorio del Puerto','71168','Bustos del Vallès','Córdoba','Suecia','+34 906-29-1827','participante293@panaurum.com','2025-02-24 19:56:45','$2y$12$J.IeZ6MW0oCsNYJwgx3Tbezy4QkVRAQsGV6J8xayAI6RAa4hFPke.','oVDRtl8jef'),(300,'participante294','','Avenida Hugo, 613, 3º B, 67625, Villa Arias','94304','L\' Arce','Albacete','Timor Oriental','998 36 7560','participante294@panaurum.com','2025-02-24 19:56:46','$2y$12$HhNYlbchkQ5IrVIeyGucw.gqY2Z8wPj8ESha.HIYeKZHL/3HJvpX.','kuuHPiiqcU'),(301,'participante295','','Avinguda Tejada, 130, 19º D, 87788, San Galán','56381','Os Mejía del Bages','Valladolid','Luxemburgo','+34 944-84-2985','participante295@panaurum.com','2025-02-24 19:56:46','$2y$12$oQzXBLBCksbt/YZPbfhxteG.KoX37PakWTEd64ied2.tFbddGsfB2','cFFu2Y7YP1'),(302,'participante296','','Calle Quintana, 101, Bajos, 34179, L\' Cabrera','94860','Vásquez del Puerto','Guadalajara','El Salvador','+34 986-558083','participante296@panaurum.com','2025-02-24 19:56:46','$2y$12$t.wK9Y2NluIpkAAphUUorugB4YknrtbT0Viqj51UCYlHoY09GfQTS','RsE53NRIwD'),(303,'participante297','','Plaza Verónica, 7, 05º A, 46349, As Ponce de Arriba','42645','Rosa del Vallès','La Rioja','Japón','901-913680','participante297@panaurum.com','2025-02-24 19:56:46','$2y$12$7VonJry3Uv0n0f9kMHC/MeFy0vxvppc/UmOUGGKrCzZVxBCZtzyGK','HscXTEInrg'),(304,'participante298','','Ronda Terrazas, 879, 3º C, 26856, As Enríquez de la Sierra','11498','Leal Baja','Córdoba','Croacia','+34 980-669514','participante298@panaurum.com','2025-02-24 19:56:46','$2y$12$s3//hnYw4VHXEqZLroFh8ulqgvMyBNAF3RwzWoE/nHsesRTcyusKa','mPFf6lfkIq'),(305,'participante299','','Passeig Rodríguez, 4, 50º F, 79133, Villa Millán','63348','Vélez del Vallès','Vizcaya','Bosnia-Herzegovina','969143991','participante299@panaurum.com','2025-02-24 19:56:47','$2y$12$kAHdVN9UvaRcV9FZWyhG1e7glA/8JFechoheynSek8Zgmp5Zmp5c6','HPGOSSeBbA'),(306,'participante300','','Carrer Cruz, 5, 39º E, 53094, San Maestas','78590','Pereira Alta','Soria','Antigua y Barbuda','+34 987 72 9174','participante300@panaurum.com','2025-02-24 19:56:47','$2y$12$GHlhN0bRRqjTRXRmEaeUQ.iJ0WjT4M20sRlGB4bGgeg6BMPx/nWL2','A2E2wm95Yy');
/*!40000 ALTER TABLE `usuarios` ENABLE KEYS */;
UNLOCK TABLES;

--
-- Dumping routines for database 'panaurum'
--
/*!40103 SET TIME_ZONE=@OLD_TIME_ZONE */;

/*!40101 SET SQL_MODE=@OLD_SQL_MODE */;
/*!40014 SET FOREIGN_KEY_CHECKS=@OLD_FOREIGN_KEY_CHECKS */;
/*!40014 SET UNIQUE_CHECKS=@OLD_UNIQUE_CHECKS */;
/*!40101 SET CHARACTER_SET_CLIENT=@OLD_CHARACTER_SET_CLIENT */;
/*!40101 SET CHARACTER_SET_RESULTS=@OLD_CHARACTER_SET_RESULTS */;
/*!40101 SET COLLATION_CONNECTION=@OLD_COLLATION_CONNECTION */;
/*!40111 SET SQL_NOTES=@OLD_SQL_NOTES */;

-- Dump completed on 2025-02-24 21:52:26
